event_id,object1_name,object2_name,tca_unix,miss_distance_km,relative_velocity_km_s,time_to_tca_hours,miss_distance_delta,pc_estimate,risk_label
evt_000000,STARLINK-1202,STARLINK-30608,1782345600.0,42.300102751309794,6.396935979826094,168.0,0.0,0.3,MEDIUM
evt_000001,STARLINK-1300,STARLINK-32666,1782345600.0,28.519085607962943,1.3512353336234693,168.0,0.0,0.3,MEDIUM
evt_000002,STARLINK-1297,STARLINK-11124 [DTC],1782345600.0,40.3539031986098,10.50135912989704,168.0,0.0,0.3,MEDIUM
evt_000003,STARLINK-1265,STARLINK-34288,1782345600.0,49.58255689375072,0.0587254042500029,168.0,0.0,0.05,LOW
evt_000344,STARLINK-1265,STARLINK-34288,1782346200.0000043,17.716526509796026,0.0765478306815012,167.833333332075,-31.86603038395469,0.3,MEDIUM
evt_000671,STARLINK-1265,STARLINK-34288,1782346800.000009,47.1189808915376,0.0671527234454335,167.66666666415003,29.40245438174157,0.05,LOW
evt_000004,STARLINK-1443,STARLINK-31993,1782345600.0,49.26210120762331,0.0551585767412187,168.0,0.0,0.05,LOW
evt_000349,STARLINK-1443,STARLINK-31993,1782346200.0000043,49.89631785205218,0.0559949624214504,167.833333332075,0.6342166444288679,0.05,LOW
evt_000005,STARLINK-1460,STARLINK-35081,1782345600.0,33.97609501383491,0.2214127679062923,168.0,0.0,0.05,LOW
evt_001730,STARLINK-1460,STARLINK-35081,1782348599.999982,26.01820226958113,0.2186554935018995,167.16666667163372,-7.957892744253773,0.05,LOW
evt_000006,STARLINK-1422,STARLINK-36953,1782345600.0,43.63176121685235,9.155151163815493,168.0,0.0,0.3,MEDIUM
evt_000007,STARLINK-1434,STARLINK-30324,1782345600.0,43.63319945194674,3.443115223820554,168.0,0.0,0.3,MEDIUM
evt_000008,STARLINK-1506,STARLINK-35132,1782345600.0,4.468081713847784,1.9850335137433468,168.0,0.0,0.3,MEDIUM
evt_000009,STARLINK-1526,STARLINK-34554,1782345600.0,21.993295566085912,0.162905456565468,168.0,0.0,0.05,LOW
evt_001734,STARLINK-1526,STARLINK-34554,1782348599.999982,49.00849529524706,0.1580893005158024,167.16666667163372,27.015199729161147,0.05,LOW
evt_000010,STARLINK-1548,STARLINK-30418,1782345600.0,37.22957851108887,1.864028057954304,168.0,0.0,0.3,MEDIUM
evt_000011,STARLINK-1573,STARLINK-34306,1782345600.0,30.383500688233053,0.022483488648806,168.0,0.0,0.05,LOW
evt_000355,STARLINK-1573,STARLINK-34306,1782346200.0000043,25.325574966919163,0.0164386681508284,167.833333332075,-5.0579257213138895,0.05,LOW
evt_000676,STARLINK-1573,STARLINK-34306,1782346800.000009,13.940748411262526,0.0236190419155115,167.66666666415003,-11.384826555656636,0.3,MEDIUM
evt_001005,STARLINK-1573,STARLINK-34306,1782347400.0000134,10.122757726371828,0.0267216040459882,167.49999999629128,-3.817990684890697,0.3,MEDIUM
evt_001390,STARLINK-1573,STARLINK-34306,1782348000.000018,23.06631388150944,0.0230240047078652,167.33333332836628,12.943556155137612,0.05,LOW
evt_001737,STARLINK-1573,STARLINK-34306,1782348599.999982,32.25080987625235,0.0237465562750723,167.16666667163372,9.184495994742909,0.05,LOW
evt_002084,STARLINK-1573,STARLINK-34306,1782349199.9999866,35.49431858514385,0.0357536576187232,167.00000000370872,3.243508708891504,0.05,LOW
evt_002426,STARLINK-1573,STARLINK-34306,1782349799.999991,38.32828731944178,0.0482659250588921,166.83333333584997,2.833968734297926,0.05,LOW
evt_002783,STARLINK-1573,STARLINK-34306,1782350399.9999957,46.5154597004378,0.0557767203109045,166.666666667925,8.187172380996017,0.05,LOW
evt_000012,STARLINK-1549,STARLINK-32404,1782345600.0,27.604516820163344,0.0089467545865221,168.0,0.0,0.05,LOW
evt_000356,STARLINK-1549,STARLINK-32404,1782346200.0000043,24.615067040618708,0.0142016521478091,167.833333332075,-2.9894497795446355,0.05,LOW
evt_000677,STARLINK-1549,STARLINK-32404,1782346800.000009,12.134754266543922,0.027915210131676,167.66666666415003,-12.480312774074786,0.3,MEDIUM
evt_001007,STARLINK-1549,STARLINK-32404,1782347400.0000134,10.031566399158525,0.03051170554517,167.49999999629128,-2.103187867385399,0.3,MEDIUM
evt_001391,STARLINK-1549,STARLINK-32404,1782348000.000018,24.538951046955297,0.0224856659770706,167.33333332836628,14.507384647796776,0.05,LOW
evt_001738,STARLINK-1549,STARLINK-32404,1782348599.999982,31.777123663958807,0.0176742598897239,167.16666667163372,7.23817261700351,0.05,LOW
evt_002085,STARLINK-1549,STARLINK-32404,1782349199.9999866,29.88623320037639,0.0297884012608657,167.00000000370872,-1.890890463582416,0.05,LOW
evt_002427,STARLINK-1549,STARLINK-32404,1782349799.999991,26.356157811638948,0.0407412435049156,166.83333333584997,-3.530075388737444,0.05,LOW
evt_002786,STARLINK-1549,STARLINK-32404,1782350399.9999957,32.2246242036935,0.0426811426088767,166.666666667925,5.868466392054554,0.05,LOW
evt_003161,STARLINK-1549,STARLINK-32404,1782351000.0,41.87332733726839,0.0396172018012787,166.5,9.648703133574893,0.05,LOW
evt_003517,STARLINK-1549,STARLINK-32404,1782351600.0000043,46.12866890477605,0.0423389694676658,166.333333332075,4.2553415675076565,0.05,LOW
evt_003830,STARLINK-1549,STARLINK-32404,1782352200.000009,44.831380132952646,0.0519660494688781,166.16666666415003,-1.2972887718234034,0.05,LOW
evt_004181,STARLINK-1549,STARLINK-32404,1782352800.0000134,45.36175492543921,0.0592408470542133,165.99999999629128,0.5303747924865618,0.05,LOW
evt_000013,STARLINK-1626,STARLINK-5010,1782345600.0,33.45428817327008,2.886197137795997,168.0,0.0,0.3,MEDIUM
evt_000014,STARLINK-1724,STARLINK-11731 [DTC],1782345600.0,35.746177962801454,3.843432883198306,168.0,0.0,0.3,MEDIUM
evt_000015,STARLINK-1802,STARLINK-34611,1782345600.0,43.29003814159792,11.142548223103788,168.0,0.0,0.3,MEDIUM
evt_000016,STARLINK-1942,STARLINK-2291,1782345600.0,44.93460032136722,2.783554137629344,168.0,0.0,0.3,MEDIUM
evt_000017,STARLINK-1913,STARLINK-31983,1782345600.0,21.03982841955882,0.0395745097413767,168.0,0.0,0.05,LOW
evt_000359,STARLINK-1913,STARLINK-31983,1782346200.0000043,33.0811754892201,0.0227262145834282,167.833333332075,12.04134706966128,0.05,LOW
evt_000679,STARLINK-1913,STARLINK-31983,1782346800.000009,35.20513528459471,0.0157825084575412,167.66666666415003,2.12395979537461,0.05,LOW
evt_001009,STARLINK-1913,STARLINK-31983,1782347400.0000134,24.224171351398727,0.0319709084855558,167.49999999629128,-10.980963933195984,0.05,LOW
evt_001392,STARLINK-1913,STARLINK-31983,1782348000.000018,10.77175179765622,0.0392991116283177,167.33333332836628,-13.452419553742509,0.3,MEDIUM
evt_001739,STARLINK-1913,STARLINK-31983,1782348599.999982,22.854564214519765,0.0307366398459997,167.16666667163372,12.082812416863543,0.05,LOW
evt_002086,STARLINK-1913,STARLINK-31983,1782349199.9999866,33.96444730617702,0.0101470586048035,167.00000000370872,11.109883091657256,0.05,LOW
evt_002431,STARLINK-1913,STARLINK-31983,1782349799.999991,32.38750229421949,0.0182451292516917,166.83333333584997,-1.576945011957534,0.05,LOW
evt_002788,STARLINK-1913,STARLINK-31983,1782350399.9999957,21.41654286647192,0.0370042751664127,166.666666667925,-10.970959427747566,0.05,LOW
evt_003166,STARLINK-1913,STARLINK-31983,1782351000.0,21.480894446465133,0.0421029655385567,166.5,0.064351579993211,0.05,LOW
evt_003521,STARLINK-1913,STARLINK-31983,1782351600.0000043,35.44088236476807,0.0336811419869003,166.333333332075,13.95998791830294,0.05,LOW
evt_003834,STARLINK-1913,STARLINK-31983,1782352200.000009,42.350941859814576,0.0257965557814856,166.16666666415003,6.910059495046504,0.05,LOW
evt_004184,STARLINK-1913,STARLINK-31983,1782352800.0000134,36.84014439531349,0.0360299608950349,165.99999999629128,-5.510797464501081,0.05,LOW
evt_004555,STARLINK-1913,STARLINK-31983,1782353400.000018,26.13975891760736,0.0475170189283693,165.83333332836628,-10.700385477706137,0.05,LOW
evt_004885,STARLINK-1913,STARLINK-31983,1782353999.999982,30.0286825872364,0.0481967914910367,165.66666667163372,3.88892366962904,0.05,LOW
evt_005257,STARLINK-1913,STARLINK-31983,1782354599.9999866,43.75677179658174,0.0420436987137984,165.50000000370872,13.728089209345338,0.05,LOW
evt_000018,STARLINK-2084,STARLINK-35607,1782345600.0,44.65991407912279,0.0533220057840903,168.0,0.0,0.05,LOW
evt_001014,STARLINK-2084,STARLINK-35607,1782347400.0000134,48.87369258586138,0.0774420639531864,167.49999999629128,4.213778506738599,0.05,LOW
evt_000019,STARLINK-2106,STARLINK-31357,1782345600.0,46.92698083828876,11.246864451992996,168.0,0.0,0.3,MEDIUM
evt_000020,STARLINK-2106,STARLINK-32024,1782345600.0,37.48838687322222,0.0303226073891762,168.0,0.0,0.05,LOW
evt_000363,STARLINK-2106,STARLINK-32024,1782346200.0000043,28.58954621340417,0.0334250817184626,167.833333332075,-8.898840659818049,0.05,LOW
evt_000685,STARLINK-2106,STARLINK-32024,1782346800.000009,18.56608340059883,0.0355847672527126,167.66666666415003,-10.023462812805338,0.3,MEDIUM
evt_001018,STARLINK-2106,STARLINK-32024,1782347400.0000134,21.05306027344537,0.0282948722571209,167.49999999629128,2.486976872846544,0.05,LOW
evt_001398,STARLINK-2106,STARLINK-32024,1782348000.000018,27.399307910955677,0.0129905614552361,167.33333332836628,6.346247637510299,0.05,LOW
evt_001746,STARLINK-2106,STARLINK-32024,1782348599.999982,25.32855041219141,0.0124336440943966,167.16666667163372,-2.0707574987642587,0.05,LOW
evt_002093,STARLINK-2106,STARLINK-32024,1782349199.9999866,13.827702010986128,0.0259159960059662,167.00000000370872,-11.500848401205287,0.3,MEDIUM
evt_002440,STARLINK-2106,STARLINK-32024,1782349799.999991,8.075157571239794,0.0298697283030843,166.83333333584997,-5.752544439746334,0.3,MEDIUM
evt_002793,STARLINK-2106,STARLINK-32024,1782350399.9999957,22.25335549945684,0.0228862725915001,166.666666667925,14.178197928217047,0.05,LOW
evt_003175,STARLINK-2106,STARLINK-32024,1782351000.0,30.32745168772296,0.0160165262214941,166.5,8.074096188266115,0.05,LOW
evt_003527,STARLINK-2106,STARLINK-32024,1782351600.0000043,29.0563873198165,0.0264481238396198,166.333333332075,-1.2710643679064546,0.05,LOW
evt_003843,STARLINK-2106,STARLINK-32024,1782352200.000009,24.525349817006127,0.0379719757712371,166.16666666415003,-4.531037502810374,0.05,LOW
evt_004190,STARLINK-2106,STARLINK-32024,1782352800.0000134,29.01362653512903,0.04118137808103,165.99999999629128,4.488276718122904,0.05,LOW
evt_004558,STARLINK-2106,STARLINK-32024,1782353400.000018,39.274414504546606,0.0387864937742218,165.83333332836628,10.260787969417574,0.05,LOW
evt_004891,STARLINK-2106,STARLINK-32024,1782353999.999982,45.23764848579432,0.040963893196139,165.66666667163372,5.963233981247711,0.05,LOW
evt_005261,STARLINK-2106,STARLINK-32024,1782354599.9999866,45.49813353032337,0.0505560378004503,165.50000000370872,0.2604850445290552,0.05,LOW
evt_005597,STARLINK-2106,STARLINK-32024,1782355199.999991,46.24296946827239,0.0589457985559097,165.33333333584997,0.7448359379490128,0.05,LOW
evt_000021,STARLINK-2110,STARLINK-31913,1782345600.0,34.45513169026429,9.072284811380973,168.0,0.0,0.3,MEDIUM
evt_000022,STARLINK-2130,STARLINK-35580,1782345600.0,39.38447555173455,0.0657486259929752,168.0,0.0,0.05,LOW
evt_000366,STARLINK-2130,STARLINK-35580,1782346200.0000043,16.300319835841254,0.0791925692529665,167.833333332075,-23.08415571589329,0.3,MEDIUM
evt_000023,STARLINK-2178,STARLINK-37006,1782345600.0,41.868257673534565,5.1162185616962805,168.0,0.0,0.3,MEDIUM
evt_000024,STARLINK-2322,STARLINK-30579,1782345600.0,39.2485718412424,1.7633332728648474,168.0,0.0,0.3,MEDIUM
evt_000025,STARLINK-2400,STARLINK-35375,1782345600.0,36.65761590446471,0.353642822682277,168.0,0.0,0.05,LOW
evt_004906,STARLINK-2400,STARLINK-35375,1782353999.999982,32.39282725178097,0.3526378678294631,165.66666667163372,-4.264788652683741,0.05,LOW
evt_000026,STARLINK-2407,STARLINK-6169,1782345600.0,49.94615929138326,7.581658161097539,168.0,0.0,0.3,MEDIUM
evt_000027,STARLINK-2410,STARLINK-34799,1782345600.0,38.89844766245859,1.5818259395341416,168.0,0.0,0.3,MEDIUM
evt_000028,STARLINK-2466,STARLINK-30614,1782345600.0,38.78020483087464,0.0417390807797393,168.0,0.0,0.05,LOW
evt_000378,STARLINK-2466,STARLINK-30614,1782346200.0000043,27.061896160428063,0.0595114675753483,167.833333332075,-11.718308670446572,0.05,LOW
evt_000701,STARLINK-2466,STARLINK-30614,1782346800.000009,41.85688993288756,0.0584904794701541,167.66666666415003,14.794993772459488,0.05,LOW
evt_000029,STARLINK-2466,STARLINK-30596,1782345600.0,37.84259973570941,0.0415115739052631,168.0,0.0,0.05,LOW
evt_000379,STARLINK-2466,STARLINK-30596,1782346200.0000043,14.57606023664812,0.0542447271368113,167.833333332075,-23.26653949906129,0.3,MEDIUM
evt_000702,STARLINK-2466,STARLINK-30596,1782346800.000009,26.39865489062076,0.0460652240527915,167.66666666415003,11.822594653972638,0.05,LOW
evt_001033,STARLINK-2466,STARLINK-30596,1782347400.0000134,44.85591386593078,0.0189598458660431,167.49999999629128,18.457258975310022,0.05,LOW
evt_001424,STARLINK-2466,STARLINK-30596,1782348000.000018,45.41718885495175,0.0166419218504483,167.33333332836628,0.5612749890209727,0.05,LOW
evt_001764,STARLINK-2466,STARLINK-30596,1782348599.999982,27.622805564371216,0.0445375406420365,167.16666667163372,-17.794383290580537,0.05,LOW
evt_002115,STARLINK-2466,STARLINK-30596,1782349199.9999866,12.925979814999442,0.054095765535621,167.00000000370872,-14.696825749371774,0.3,MEDIUM
evt_002457,STARLINK-2466,STARLINK-30596,1782349799.999991,36.21491709184156,0.0425837494785734,166.83333333584997,23.288937276842116,0.05,LOW
evt_003188,STARLINK-2466,STARLINK-30596,1782351000.0,48.08234759674012,0.0374531117050966,166.5,11.867430504898564,0.05,LOW
evt_003538,STARLINK-2466,STARLINK-30596,1782351600.0000043,33.653694440075604,0.0583128743771143,166.333333332075,-14.428653156664517,0.05,LOW
evt_003858,STARLINK-2466,STARLINK-30596,1782352200.000009,35.11846182401662,0.0626653096423281,166.16666666415003,1.464767383941016,0.05,LOW
evt_000030,STARLINK-2471,STARLINK-32528,1782345600.0,37.3273804963436,6.449202760623184,168.0,0.0,0.3,MEDIUM
evt_000031,STARLINK-2474,STARLINK-34785,1782345600.0,46.57453820226753,0.0439789235225972,168.0,0.0,0.05,LOW
evt_000380,STARLINK-2474,STARLINK-34785,1782346200.0000043,38.49275917598025,0.0366622291759952,167.833333332075,-8.081779026287286,0.05,LOW
evt_000704,STARLINK-2474,STARLINK-34785,1782346800.000009,25.789456960095084,0.0354016397210334,167.66666666415003,-12.703302215885165,0.05,LOW
evt_001034,STARLINK-2474,STARLINK-34785,1782347400.0000134,17.10801899234597,0.0310989399873448,167.49999999629128,-8.681437967749115,0.3,MEDIUM
evt_001426,STARLINK-2474,STARLINK-34785,1782348000.000018,21.554189752093347,0.0186223059800328,167.33333332836628,4.446170759747378,0.05,LOW
evt_001767,STARLINK-2474,STARLINK-34785,1782348599.999982,25.577996099100396,0.0045121278943919,167.16666667163372,4.023806347007046,0.05,LOW
evt_002117,STARLINK-2474,STARLINK-34785,1782349199.9999866,22.515547269190225,0.0203671939753993,167.00000000370872,-3.06244882991017,0.05,LOW
evt_002459,STARLINK-2474,STARLINK-34785,1782349799.999991,19.45256890722818,0.0329428453717499,166.83333333584997,-3.062978361962042,0.3,MEDIUM
evt_002816,STARLINK-2474,STARLINK-34785,1782350399.9999957,28.03870121643208,0.0374658410825543,166.666666667925,8.586132309203897,0.05,LOW
evt_003189,STARLINK-2474,STARLINK-34785,1782351000.0,40.26677125950122,0.0391570252496201,166.5,12.228070043069142,0.05,LOW
evt_003540,STARLINK-2474,STARLINK-34785,1782351600.0000043,48.25969778862893,0.0466830579001772,166.333333332075,7.992926529127708,0.05,LOW
evt_000032,STARLINK-2480,STARLINK-30844,1782345600.0,42.93843200779752,10.994762080746002,168.0,0.0,0.3,MEDIUM
evt_000033,STARLINK-2567,STARLINK-32133,1782345600.0,22.537537169653525,2.720224252089953,168.0,0.0,0.3,MEDIUM
evt_000034,STARLINK-2565,STARLINK-5525,1782345600.0,27.946460941305677,11.3538998626874,168.0,0.0,0.3,MEDIUM
evt_000035,STARLINK-2537,STARLINK-34410,1782345600.0,28.105231123037957,0.2221947071304642,168.0,0.0,0.05,LOW
evt_003199,STARLINK-2537,STARLINK-34410,1782351000.0,40.08676296279095,0.2224199048783272,166.5,11.981531839752996,0.05,LOW
evt_000036,STARLINK-2506,STARLINK-31138,1782345600.0,42.47658098992207,4.116318785113832,168.0,0.0,0.3,MEDIUM
evt_000037,STARLINK-2518,STARLINK-32344,1782345600.0,40.11639680409091,0.1164246847674663,168.0,0.0,0.05,LOW
evt_000038,STARLINK-2624,STARLINK-36327,1782345600.0,20.80412114121532,5.858876001882359,168.0,0.0,0.3,MEDIUM
evt_000039,STARLINK-2590,STARLINK-30137,1782345600.0,11.8712855144853,2.98819295860828,168.0,0.0,0.3,MEDIUM
evt_000040,STARLINK-2576,STARLINK-32737,1782345600.0,47.277380112582456,0.1046028359586432,168.0,0.0,0.05,LOW
evt_000041,STARLINK-2571,STARLINK-32102,1782345600.0,41.70943240703419,2.3725946329950007,168.0,0.0,0.3,MEDIUM
evt_000042,STARLINK-2571,STARLINK-35130,1782345600.0,45.313060212675225,0.0584982706508712,168.0,0.0,0.05,LOW
evt_000391,STARLINK-2571,STARLINK-35130,1782346200.0000043,13.923241953896348,0.073372680511361,167.833333332075,-31.38981825877888,0.3,MEDIUM
evt_000716,STARLINK-2571,STARLINK-35130,1782346800.000009,39.61395131684778,0.0586171047421528,167.66666666415003,25.690709362951434,0.05,LOW
evt_001780,STARLINK-2571,STARLINK-35130,1782348599.999982,31.4016580752552,0.063276087530079,167.16666667163372,-8.21229324159258,0.05,LOW
evt_002136,STARLINK-2571,STARLINK-35130,1782349199.9999866,14.609222823518271,0.0714615742561108,167.00000000370872,-16.79243525173693,0.3,MEDIUM
evt_002466,STARLINK-2571,STARLINK-35130,1782349799.999991,49.96406084635017,0.0504780448528281,166.83333333584997,35.3548380228319,0.05,LOW
evt_003559,STARLINK-2571,STARLINK-35130,1782351600.0000043,33.85292498456631,0.075270304220819,166.333333332075,-16.111135861783865,0.05,LOW
evt_003871,STARLINK-2571,STARLINK-35130,1782352200.000009,39.90394699866442,0.0759345122215263,166.16666666415003,6.051022014098116,0.05,LOW
evt_005294,STARLINK-2571,STARLINK-35130,1782354599.9999866,49.74937727019738,0.0901742447263442,165.50000000370872,9.845430271532956,0.05,LOW
evt_000043,STARLINK-2461,STARLINK-31552,1782345600.0,39.24428714651714,2.8113581326498114,168.0,0.0,0.3,MEDIUM
evt_000044,STARLINK-2700,STARLINK-34741,1782345600.0,39.04259548956156,11.091774120796233,168.0,0.0,0.3,MEDIUM
evt_000045,STARLINK-2699,STARLINK-34996,1782345600.0,31.81423805842039,0.0318038349833548,168.0,0.0,0.05,LOW
evt_000393,STARLINK-2699,STARLINK-34996,1782346200.0000043,34.050794622617126,0.014705027211885,167.833333332075,2.236556564196736,0.05,LOW
evt_000718,STARLINK-2699,STARLINK-34996,1782346800.000009,26.2946602668434,0.0216144349849178,167.66666666415003,-7.756134355773728,0.05,LOW
evt_001055,STARLINK-2699,STARLINK-34996,1782347400.0000134,11.364198142367304,0.03346437693192,167.49999999629128,-14.930462124476094,0.3,MEDIUM
evt_001442,STARLINK-2699,STARLINK-34996,1782348000.000018,17.89924344634095,0.0339124253314245,167.33333332836628,6.535045303973647,0.3,MEDIUM
evt_001781,STARLINK-2699,STARLINK-34996,1782348599.999982,33.91496566875973,0.0270113282089303,167.16666667163372,16.015722222418777,0.05,LOW
evt_002138,STARLINK-2699,STARLINK-34996,1782349199.9999866,41.54528820753731,0.0311776681764591,167.00000000370872,7.630322538777584,0.05,LOW
evt_002467,STARLINK-2699,STARLINK-34996,1782349799.999991,41.80938840217348,0.0471340734000391,166.83333333584997,0.2641001946361712,0.05,LOW
evt_002828,STARLINK-2699,STARLINK-34996,1782350399.9999957,44.29437645536956,0.0592059717685729,166.666666667925,2.4849880531960764,0.05,LOW
evt_000046,STARLINK-2702,STARLINK-30934,1782345600.0,33.62238296693869,12.21920600520732,168.0,0.0,0.3,MEDIUM
evt_000047,STARLINK-2645,STARLINK-35923,1782345600.0,37.59300646420126,3.880915390716951,168.0,0.0,0.3,MEDIUM
evt_000048,STARLINK-2728,STARLINK-34137,1782345600.0,24.702728194011375,9.940395364450437,168.0,0.0,0.3,MEDIUM
evt_000049,STARLINK-2755,STARLINK-35724,1782345600.0,20.23574141365101,0.0313406942328825,168.0,0.0,0.05,LOW
evt_000401,STARLINK-2755,STARLINK-35724,1782346200.0000043,24.49383817004034,0.0165677182199,167.833333332075,4.258096756389335,0.05,LOW
evt_000719,STARLINK-2755,STARLINK-35724,1782346800.000009,25.58250792109161,0.006361833604228,167.66666666415003,1.088669751051274,0.05,LOW
evt_001060,STARLINK-2755,STARLINK-35724,1782347400.0000134,19.70273852733126,0.0227054415080941,167.49999999629128,-5.879769393760356,0.3,MEDIUM
evt_001446,STARLINK-2755,STARLINK-35724,1782348000.000018,17.50190238963463,0.0329410728565723,167.33333332836628,-2.20083613769663,0.3,MEDIUM
evt_001789,STARLINK-2755,STARLINK-35724,1782348599.999982,28.84075152107431,0.0352338135230237,167.16666667163372,11.33884913143968,0.05,LOW
evt_002143,STARLINK-2755,STARLINK-35724,1782349199.9999866,40.77367427265777,0.0370091657318729,167.00000000370872,11.932922751583462,0.05,LOW
evt_002470,STARLINK-2755,STARLINK-35724,1782349799.999991,47.31480692247505,0.0463777468673635,166.83333333584997,6.541132649817278,0.05,LOW
evt_000050,STARLINK-2063,STARLINK-34672,1782345600.0,39.59068916009787,10.265938624887395,168.0,0.0,0.3,MEDIUM
evt_000051,STARLINK-2217,STARLINK-37126,1782345600.0,26.49177627086009,0.0759248289463636,168.0,0.0,0.05,LOW
evt_000405,STARLINK-2217,STARLINK-37126,1782346200.0000043,49.66171983635042,0.0524951724964478,167.833333332075,23.16994356549033,0.05,LOW
evt_001449,STARLINK-2217,STARLINK-37126,1782348000.000018,22.853871444949743,0.0685237206834431,167.33333332836628,-26.807848391400675,0.05,LOW
evt_001792,STARLINK-2217,STARLINK-37126,1782348599.999982,27.364229249394203,0.069452370640551,167.16666667163372,4.510357804444457,0.05,LOW
evt_003212,STARLINK-2217,STARLINK-37126,1782351000.0,48.741852590194725,0.0886742961914255,166.5,21.37762334080052,0.05,LOW
evt_000052,STARLINK-2228,STARLINK-36502,1782345600.0,28.114434213272105,6.463728257765666,168.0,0.0,0.3,MEDIUM
evt_000053,STARLINK-2232,STARLINK-6100,1782345600.0,40.05698169875568,3.1897141422011503,168.0,0.0,0.3,MEDIUM
evt_000054,STARLINK-2235,STARLINK-31766,1782345600.0,49.77723645484847,3.863788372858037,168.0,0.0,0.3,MEDIUM
evt_000055,STARLINK-2235,STARLINK-35948,1782345600.0,42.95915116471739,3.612683623465148,168.0,0.0,0.3,MEDIUM
evt_000056,STARLINK-2255,STARLINK-33828,1782345600.0,43.19790603550431,0.1122561479708731,168.0,0.0,0.05,LOW
evt_000057,STARLINK-2754,STARLINK-34217,1782345600.0,14.67323238121518,0.3895535947502074,168.0,0.0,0.3,MEDIUM
evt_000058,STARLINK-2754,STARLINK-34363,1782345600.0,23.574561916158466,0.0276437731849537,168.0,0.0,0.05,LOW
evt_000409,STARLINK-2754,STARLINK-34363,1782346200.0000043,17.70936532145905,0.0191362667061968,167.833333332075,-5.865196594699416,0.3,MEDIUM
evt_000722,STARLINK-2754,STARLINK-34363,1782346800.000009,14.136933515801948,0.0095372088437607,167.66666666415003,-3.572431805657102,0.3,MEDIUM
evt_001065,STARLINK-2754,STARLINK-34363,1782347400.0000134,11.584877747143167,0.0061321841182313,167.49999999629128,-2.5520557686587804,0.3,MEDIUM
evt_001452,STARLINK-2754,STARLINK-34363,1782348000.000018,11.903868760981624,0.0137919087472786,167.33333332836628,0.3189910138384579,0.3,MEDIUM
evt_001796,STARLINK-2754,STARLINK-34363,1782348599.999982,17.885874755930853,0.0211547885387589,167.16666667163372,5.982005994949228,0.3,MEDIUM
evt_002152,STARLINK-2754,STARLINK-34363,1782349199.9999866,26.43507532157789,0.0280545510631279,167.00000000370872,8.549200565647041,0.05,LOW
evt_002474,STARLINK-2754,STARLINK-34363,1782349799.999991,34.625625468397,0.0360710337703083,166.83333333584997,8.190550146819103,0.05,LOW
evt_002835,STARLINK-2754,STARLINK-34363,1782350399.9999957,41.78360381475748,0.0452608289965572,166.666666667925,7.15797834636048,0.05,LOW
evt_003216,STARLINK-2754,STARLINK-34363,1782351000.0,48.682481176516085,0.0543598478427825,166.5,6.898877361758608,0.05,LOW
evt_000059,STARLINK-2732,STARLINK-34551,1782345600.0,9.147728263515052,0.3721794639111248,168.0,0.0,0.3,MEDIUM
evt_000060,STARLINK-2701,STARLINK-2712,1782345600.0,46.80263505514588,0.1053612521949454,168.0,0.0,0.05,LOW
evt_001454,STARLINK-2701,STARLINK-2712,1782348000.000018,19.058404141659526,0.1174293726055201,167.33333332836628,-27.74423091348635,0.3,MEDIUM
evt_000061,STARLINK-2734,STARLINK-36273,1782345600.0,16.617244183565738,13.88369334744258,168.0,0.0,0.3,MEDIUM
evt_000062,STARLINK-2738,STARLINK-35326,1782345600.0,30.953307908331254,0.0362372338999448,168.0,0.0,0.05,LOW
evt_000411,STARLINK-2738,STARLINK-35326,1782346200.0000043,17.919322918042976,0.036552268785281,167.833333332075,-13.033984990288282,0.3,MEDIUM
evt_000727,STARLINK-2738,STARLINK-35326,1782346800.000009,20.428353595341918,0.0273846770731218,167.66666666415003,2.509030677298938,0.05,LOW
evt_001068,STARLINK-2738,STARLINK-35326,1782347400.0000134,28.47322237397384,0.0093644273562263,167.49999999629128,8.044868778631926,0.05,LOW
evt_001456,STARLINK-2738,STARLINK-35326,1782348000.000018,28.181508852691167,0.0156277473851703,167.33333332836628,-0.2917135212826736,0.05,LOW
evt_001798,STARLINK-2738,STARLINK-35326,1782348599.999982,21.997848539701216,0.0331051216464828,167.16666667163372,-6.18366031298995,0.05,LOW
evt_002155,STARLINK-2738,STARLINK-35326,1782349199.9999866,25.538360512570588,0.0411329465629735,167.00000000370872,3.5405119728693712,0.05,LOW
evt_002477,STARLINK-2738,STARLINK-35326,1782349799.999991,39.25587633220543,0.0415608285846642,166.83333333584997,13.717515819634844,0.05,LOW
evt_002839,STARLINK-2738,STARLINK-35326,1782350399.9999957,49.81389830576615,0.0447832581528099,166.666666667925,10.55802197356072,0.05,LOW
evt_000063,STARLINK-2707,STARLINK-35256,1782345600.0,48.122274697328585,0.0323641145163976,168.0,0.0,0.05,LOW
evt_000412,STARLINK-2707,STARLINK-35256,1782346200.0000043,39.56694383743516,0.037140964272701,167.833333332075,-8.555330859893424,0.05,LOW
evt_000728,STARLINK-2707,STARLINK-35256,1782346800.000009,22.8668722672968,0.0464479168552076,167.66666666415003,-16.70007157013836,0.05,LOW
evt_001069,STARLINK-2707,STARLINK-35256,1782347400.0000134,21.76853923894663,0.0424952590830314,167.49999999629128,-1.0983330283501722,0.05,LOW
evt_001457,STARLINK-2707,STARLINK-35256,1782348000.000018,35.216988191212856,0.023554925780234,167.33333332836628,13.448448952266226,0.05,LOW
evt_001799,STARLINK-2707,STARLINK-35256,1782348599.999982,38.18121941247846,0.0098402032266304,167.16666667163372,2.9642312212656066,0.05,LOW
evt_002156,STARLINK-2707,STARLINK-35256,1782349199.9999866,25.89928250673786,0.0315866065438827,167.00000000370872,-12.281936905740604,0.05,LOW
evt_002479,STARLINK-2707,STARLINK-35256,1782349799.999991,6.043752626486629,0.042532631916851,166.83333333584997,-19.85552988025123,0.3,MEDIUM
evt_002840,STARLINK-2707,STARLINK-35256,1782350399.9999957,23.279629408980103,0.036038539370958,166.666666667925,17.235876782493474,0.05,LOW
evt_003221,STARLINK-2707,STARLINK-35256,1782351000.0,38.495773755413886,0.0185018236532828,166.5,15.216144346433785,0.05,LOW
evt_003574,STARLINK-2707,STARLINK-35256,1782351600.0000043,39.27612434447551,0.0240528415836927,166.333333332075,0.7803505890616194,0.05,LOW
evt_003888,STARLINK-2707,STARLINK-35256,1782352200.000009,28.769590505060137,0.0434239135904426,166.16666666415003,-10.506533839415368,0.05,LOW
evt_004240,STARLINK-2707,STARLINK-35256,1782352800.0000134,26.503171240941374,0.050850210740176,165.99999999629128,-2.2664192641187637,0.05,LOW
evt_004599,STARLINK-2707,STARLINK-35256,1782353400.000018,41.25495390869624,0.0449957405031123,165.83333332836628,14.75178266775487,0.05,LOW
evt_005641,STARLINK-2707,STARLINK-35256,1782355199.999991,46.350384640682826,0.0635751391287761,165.33333333584997,5.095430731986582,0.05,LOW
evt_000064,STARLINK-3158,STARLINK-5994,1782345600.0,37.26211529190305,12.414320505441506,168.0,0.0,0.3,MEDIUM
evt_000065,STARLINK-3242,STARLINK-3240,1782345600.0,34.42834642936725,0.0367252204197261,168.0,0.0,0.05,LOW
evt_000418,STARLINK-3242,STARLINK-3240,1782346200.0000043,43.622872855498144,0.0471354939463044,167.833333332075,9.194526426130892,0.05,LOW
evt_000066,STARLINK-3305,STARLINK-4636,1782345600.0,46.872535799537765,0.0691531470834293,168.0,0.0,0.05,LOW
evt_000067,STARLINK-3286,STARLINK-36248,1782345600.0,43.20416481012461,0.1773640781227642,168.0,0.0,0.05,LOW
evt_000068,STARLINK-3336,STARLINK-34651,1782345600.0,41.39446852960981,6.048007949283833,168.0,0.0,0.3,MEDIUM
evt_000069,STARLINK-3278,STARLINK-3901,1782345600.0,47.10978953887205,6.134118357714272,168.0,0.0,0.3,MEDIUM
evt_000070,STARLINK-3300,STARLINK-3230,1782345600.0,19.657835989084457,0.0170801548167565,168.0,0.0,0.3,MEDIUM
evt_000424,STARLINK-3300,STARLINK-3230,1782346200.0000043,19.203227522109483,0.025985012759073,167.833333332075,-0.4546084669749746,0.3,MEDIUM
evt_000737,STARLINK-3300,STARLINK-3230,1782346800.000009,31.57362954681342,0.0347694560606852,167.66666666415003,12.37040202470394,0.05,LOW
evt_001075,STARLINK-3300,STARLINK-3230,1782347400.0000134,45.85382812729346,0.045209419538206,167.49999999629128,14.28019858048004,0.05,LOW
evt_000071,STARLINK-3386,STARLINK-31134,1782345600.0,25.288312304399994,1.4216031376427831,168.0,0.0,0.3,MEDIUM
evt_000072,STARLINK-3395,STARLINK-34024,1782345600.0,42.5311393673226,3.762230135223741,168.0,0.0,0.3,MEDIUM
evt_000073,STARLINK-3184,STARLINK-35257,1782345600.0,42.64867029361481,10.651878961197315,168.0,0.0,0.3,MEDIUM
evt_000074,STARLINK-3352,STARLINK-5969,1782345600.0,39.22859373582886,1.9037984714213452,168.0,0.0,0.3,MEDIUM
evt_000075,STARLINK-3524,STARLINK-6171,1782345600.0,29.56230702008733,1.5542646532771425,168.0,0.0,0.3,MEDIUM
evt_000076,STARLINK-3501,STARLINK-3568,1782345600.0,17.874209670968817,6.97056001379939,168.0,0.0,0.3,MEDIUM
evt_000077,STARLINK-3621,STARLINK-5146,1782345600.0,47.89809668891416,0.0519570113796339,168.0,0.0,0.05,LOW
evt_000429,STARLINK-3621,STARLINK-5146,1782346200.0000043,48.12945749015101,0.057804906626007,167.833333332075,0.2313608012368533,0.05,LOW
evt_000078,STARLINK-3572,STARLINK-3577,1782345600.0,40.849294088285326,0.0438036004642028,168.0,0.0,0.05,LOW
evt_000431,STARLINK-3572,STARLINK-3577,1782346200.0000043,32.63777831920072,0.0343487515312534,167.833333332075,-8.211515769084606,0.05,LOW
evt_000745,STARLINK-3572,STARLINK-3577,1782346800.000009,24.440426476797548,0.0246104314113447,167.66666666415003,-8.197351842403172,0.05,LOW
evt_001083,STARLINK-3572,STARLINK-3577,1782347400.0000134,16.530206808646874,0.0148596478344038,167.49999999629128,-7.910219668150674,0.3,MEDIUM
evt_001475,STARLINK-3572,STARLINK-3577,1782348000.000018,10.613642962244336,0.0072033856938383,167.33333332836628,-5.916563846402537,0.3,MEDIUM
evt_001814,STARLINK-3572,STARLINK-3577,1782348599.999982,11.71119721533975,0.0097947650520957,167.16666667163372,1.0975542530954137,0.3,MEDIUM
evt_002180,STARLINK-3572,STARLINK-3577,1782349199.9999866,18.6738839675081,0.0182518864403556,167.00000000370872,6.96268675216835,0.3,MEDIUM
evt_002497,STARLINK-3572,STARLINK-3577,1782349799.999991,26.843464539219035,0.0274880024849465,166.83333333584997,8.169580571710934,0.05,LOW
evt_002856,STARLINK-3572,STARLINK-3577,1782350399.9999957,34.905226408303044,0.0369520690864629,166.666666667925,8.061761869084009,0.05,LOW
evt_003241,STARLINK-3572,STARLINK-3577,1782351000.0,42.85445661616859,0.0464757427805139,166.5,7.949230207865547,0.05,LOW
evt_000079,STARLINK-3551,STARLINK-36057,1782345600.0,29.584364218520246,0.9072449589511122,168.0,0.0,0.05,LOW
evt_000080,STARLINK-3547,STARLINK-30122,1782345600.0,43.61706419213473,11.084901263368836,168.0,0.0,0.3,MEDIUM
evt_000081,STARLINK-3669,STARLINK-6248,1782345600.0,25.354315110461965,3.692709779325084,168.0,0.0,0.3,MEDIUM
evt_000082,STARLINK-3640,STARLINK-4174,1782345600.0,44.73372215276874,11.585691635264448,168.0,0.0,0.3,MEDIUM
evt_000083,STARLINK-3736,STARLINK-32301,1782345600.0,39.04340228466962,0.4975937455493947,168.0,0.0,0.05,LOW
evt_000084,STARLINK-3721,STARLINK-4409,1782345600.0,41.89028053985303,9.748974309635164,168.0,0.0,0.3,MEDIUM
evt_000085,STARLINK-3784,STARLINK-30792,1782345600.0,48.56759581837454,2.2218757855795808,168.0,0.0,0.3,MEDIUM
evt_021479,STARLINK-3784,STARLINK-30792,1782382799.9999957,48.92223760385831,2.253035190676429,157.666666667925,0.3546417854837713,0.3,MEDIUM
evt_000086,STARLINK-3806,STARLINK-4344,1782345600.0,37.120381327117336,9.753417041544022,168.0,0.0,0.3,MEDIUM
evt_000087,STARLINK-3900,STARLINK-34726,1782345600.0,29.968105534872883,12.548629499968934,168.0,0.0,0.3,MEDIUM
evt_000088,STARLINK-3904,STARLINK-32523,1782345600.0,38.77395815210937,5.33600767043893,168.0,0.0,0.3,MEDIUM
evt_000089,STARLINK-3904,STARLINK-34818,1782345600.0,39.92727856068365,10.38108528577308,168.0,0.0,0.3,MEDIUM
evt_000090,STARLINK-3881,STARLINK-32552,1782345600.0,31.746829158029986,5.346947325465066,168.0,0.0,0.3,MEDIUM
evt_000091,STARLINK-3881,STARLINK-34933,1782345600.0,31.466820447733053,10.366919436124094,168.0,0.0,0.3,MEDIUM
evt_000092,STARLINK-3813,STARLINK-34373,1782345600.0,32.49262266403276,12.518547194042345,168.0,0.0,0.3,MEDIUM
evt_000093,STARLINK-3938,STARLINK-4129,1782345600.0,48.32775670747336,6.06493026230819,168.0,0.0,0.3,MEDIUM
evt_000094,STARLINK-4081,STARLINK-4380,1782345600.0,46.87914344432648,6.284132249815025,168.0,0.0,0.3,MEDIUM
evt_000095,STARLINK-4199,STARLINK-34387,1782345600.0,38.44656316977248,3.3143274274713983,168.0,0.0,0.3,MEDIUM
evt_000096,STARLINK-4193,STARLINK-35720,1782345600.0,49.37958100998258,8.718915103281812,168.0,0.0,0.3,MEDIUM
evt_000097,STARLINK-4286,STARLINK-30124,1782345600.0,39.97343035294541,5.239483883486284,168.0,0.0,0.3,MEDIUM
evt_000098,STARLINK-4288,STARLINK-33907,1782345600.0,45.299714365025885,11.32010512006802,168.0,0.0,0.3,MEDIUM
evt_000099,STARLINK-4177,STARLINK-4122,1782345600.0,15.94066798038341,9.333840008296807,168.0,0.0,0.3,MEDIUM
evt_000100,STARLINK-4051,STARLINK-4755,1782345600.0,45.015919125419074,9.978215576615744,168.0,0.0,0.3,MEDIUM
evt_000101,STARLINK-4051,STARLINK-35884,1782345600.0,30.09843792698403,8.058886642378376,168.0,0.0,0.3,MEDIUM
evt_000102,STARLINK-4175,STARLINK-4165,1782345600.0,43.56017072510816,0.0396466692886586,168.0,0.0,0.05,LOW
evt_000103,STARLINK-4490,STARLINK-30782,1782345600.0,41.48691263079913,8.45000239247492,168.0,0.0,0.3,MEDIUM
evt_000104,STARLINK-4526,STARLINK-32394,1782345600.0,31.107504494128168,1.670346709748452,168.0,0.0,0.3,MEDIUM
evt_000105,STARLINK-4389,STARLINK-11650 [DTC],1782345600.0,34.22410739402004,8.156652412976714,168.0,0.0,0.3,MEDIUM
evt_000106,STARLINK-4303,STARLINK-4495,1782345600.0,44.65378367658132,0.04065985321564,168.0,0.0,0.05,LOW
evt_000446,STARLINK-4303,STARLINK-4495,1782346200.0000043,36.55949642655323,0.0164419695588678,167.833333332075,-8.094287250028088,0.05,LOW
evt_000768,STARLINK-4303,STARLINK-4495,1782346800.000009,44.430395298184365,0.0365286753881925,167.66666666415003,7.870898871631134,0.05,LOW
evt_000107,STARLINK-4691,STARLINK-35105,1782345600.0,38.56102171029729,13.104908263143765,168.0,0.0,0.3,MEDIUM
evt_000108,STARLINK-4661,STARLINK-36668,1782345600.0,42.57737656236346,0.5780011630709722,168.0,0.0,0.05,LOW
evt_000109,STARLINK-4574,STARLINK-32779,1782345600.0,46.55145777821697,0.0469307856371271,168.0,0.0,0.05,LOW
evt_000110,STARLINK-4662,STARLINK-30558,1782345600.0,32.56769746729604,1.3495664639219165,168.0,0.0,0.3,MEDIUM
evt_000111,STARLINK-4809,STARLINK-31765,1782345600.0,23.34108747925477,2.620582456126353,168.0,0.0,0.3,MEDIUM
evt_000112,STARLINK-5161,STARLINK-33831,1782345600.0,37.62786172540079,11.264863475363557,168.0,0.0,0.3,MEDIUM
evt_000113,STARLINK-5122,STARLINK-36375,1782345600.0,43.8201743640181,9.721021288440166,168.0,0.0,0.3,MEDIUM
evt_000114,STARLINK-5422,STARLINK-30837,1782345600.0,46.890358107641546,4.308446143170905,168.0,0.0,0.3,MEDIUM
evt_000115,STARLINK-5432,STARLINK-30790,1782345600.0,32.08549640071428,1.4262076521523237,168.0,0.0,0.3,MEDIUM
evt_000116,STARLINK-5086,STARLINK-32001,1782345600.0,13.640841542291932,2.5944787472530217,168.0,0.0,0.3,MEDIUM
evt_000117,STARLINK-5400,STARLINK-33598,1782345600.0,33.71717912878572,5.159285717899253,168.0,0.0,0.3,MEDIUM
evt_000118,STARLINK-5405,STARLINK-36100,1782345600.0,19.161306321764545,2.1208635431489857,168.0,0.0,0.3,MEDIUM
evt_000119,STARLINK-5547,STARLINK-36414,1782345600.0,47.13115281563366,7.678425237045613,168.0,0.0,0.3,MEDIUM
evt_108377,STARLINK-5547,STARLINK-36414,1782529200.0,12.784666755100302,7.671679954100399,117.0,-34.34648606053336,0.3,MEDIUM
evt_000120,STARLINK-5665,STARLINK-34992,1782345600.0,44.37341468513081,5.000121944020679,168.0,0.0,0.3,MEDIUM
evt_000121,STARLINK-5555,STARLINK-31962,1782345600.0,37.7167572635205,1.3044850453059147,168.0,0.0,0.3,MEDIUM
evt_027639,STARLINK-5555,STARLINK-31962,1782393599.9999957,44.86445971441552,1.3057524590016032,154.666666667925,7.147702450895018,0.3,MEDIUM
evt_039138,STARLINK-5555,STARLINK-31962,1782413399.999982,31.620428618966525,1.3041475113696284,149.16666667163372,-13.244031095448992,0.3,MEDIUM
evt_067466,STARLINK-5555,STARLINK-31962,1782461400.000018,32.746511808159674,1.305637693851895,135.83333332836628,1.1260831891931495,0.3,MEDIUM
evt_079272,STARLINK-5555,STARLINK-31962,1782481200.0000043,28.57147385703699,1.3037569193285334,130.333333332075,-4.1750379511226825,0.3,MEDIUM
evt_096347,STARLINK-5555,STARLINK-31962,1782509400.0000134,45.43990568252905,1.3029988341359806,122.49999999629128,16.86843182549206,0.3,MEDIUM
evt_108381,STARLINK-5555,STARLINK-31962,1782529200.0,20.06693749254696,1.3054877619651288,117.0,-25.37296818998209,0.3,MEDIUM
evt_120967,STARLINK-5555,STARLINK-31962,1782548999.9999866,30.540903427908034,1.3033425473048572,111.50000000370872,10.473965935361075,0.3,MEDIUM
evt_139078,STARLINK-5555,STARLINK-31962,1782577199.9999957,33.54266490347618,1.3031519602755053,103.666666667925,3.001761475568145,0.3,MEDIUM
evt_152327,STARLINK-5555,STARLINK-31962,1782596999.999982,8.394579673542498,1.3053347049998183,98.16666667163372,-25.14808522993368,0.3,MEDIUM
evt_165848,STARLINK-5555,STARLINK-31962,1782616800.000009,37.65391522383467,1.3029375209337817,92.66666666415004,29.25933555029217,0.3,MEDIUM
evt_185552,STARLINK-5555,STARLINK-31962,1782645000.000018,24.218236972282988,1.3033287575109327,84.83333332836628,-13.435678251551684,0.3,MEDIUM
evt_199441,STARLINK-5555,STARLINK-31962,1782664800.0000043,12.262475363576051,1.305214425861365,79.33333333207501,-11.955761608706934,0.3,MEDIUM
evt_213894,STARLINK-5555,STARLINK-31962,1782684599.999991,48.45825598159524,1.3025788190950829,73.83333333584997,36.19578061801919,0.3,MEDIUM
evt_234708,STARLINK-5555,STARLINK-31962,1782712800.0,23.00570320751648,1.303567599968828,66.0,-25.45255277407876,0.3,MEDIUM
evt_249409,STARLINK-5555,STARLINK-31962,1782732599.9999866,26.92812895431476,1.3051666871664642,60.500000003708735,3.922425746798279,0.3,MEDIUM
evt_270706,STARLINK-5555,STARLINK-31962,1782760799.9999957,46.51508483230565,1.304688583595451,52.666666667924986,19.586955877990896,0.3,MEDIUM
evt_285605,STARLINK-5555,STARLINK-31962,1782780599.999982,32.27241937215043,1.3039106335340511,47.16666667163372,-14.242665460155225,0.3,MEDIUM
evt_300876,STARLINK-5555,STARLINK-31962,1782800400.000009,43.42295997225112,1.3052350969942776,41.66666666415003,11.150540600100683,0.3,MEDIUM
evt_323053,STARLINK-5555,STARLINK-31962,1782828600.000018,48.91149644015084,1.305389556504626,33.83333332836628,5.488536467899721,0.3,MEDIUM
evt_338759,STARLINK-5555,STARLINK-31962,1782848400.0000043,47.11031800538498,1.3044037430376438,28.33333333207501,-1.801178434765852,0.3,MEDIUM
evt_000122,STARLINK-5735,STARLINK-34639,1782345600.0,32.597890783706234,1.4461441004039564,168.0,0.0,0.3,MEDIUM
evt_000123,STARLINK-5956,STARLINK-35750,1782345600.0,44.27792674114022,7.5925193471429795,168.0,0.0,0.3,MEDIUM
evt_000124,STARLINK-5968,STARLINK-34482,1782345600.0,40.84761221855687,6.661734549292834,168.0,0.0,0.3,MEDIUM
evt_000125,STARLINK-5800,STARLINK-35647,1782345600.0,18.347471558109238,6.580020733859374,168.0,0.0,0.3,MEDIUM
evt_000126,STARLINK-6077,STARLINK-34342,1782345600.0,47.58885740403391,9.339939547409564,168.0,0.0,0.3,MEDIUM
evt_000127,STARLINK-6295,STARLINK-34710,1782345600.0,41.16338893741345,5.14226715869003,168.0,0.0,0.3,MEDIUM
evt_000128,STARLINK-6295,STARLINK-36443,1782345600.0,46.89021067056809,1.2621502307278414,168.0,0.0,0.3,MEDIUM
evt_079292,STARLINK-6295,STARLINK-36443,1782481200.0000043,48.90716508512389,1.2626026553287613,130.333333332075,2.016954414555805,0.3,MEDIUM
evt_108404,STARLINK-6295,STARLINK-36443,1782529200.0,48.8248219455987,1.2634353356577277,117.0,-0.082343139525193,0.3,MEDIUM
evt_120996,STARLINK-6295,STARLINK-36443,1782548999.9999866,38.51959714704969,1.2620289307214492,111.50000000370872,-10.305224798549013,0.3,MEDIUM
evt_152353,STARLINK-6295,STARLINK-36443,1782596999.999982,26.87015740332521,1.2630086375845908,98.16666667163372,-11.649439743724477,0.3,MEDIUM
evt_165876,STARLINK-6295,STARLINK-36443,1782616800.000009,26.60782497215128,1.2612500039704182,92.66666666415004,-0.2623324311739345,0.3,MEDIUM
evt_185574,STARLINK-6295,STARLINK-36443,1782645000.000018,36.63269455133295,1.260694107881441,84.83333332836628,10.024869579181676,0.3,MEDIUM
evt_199471,STARLINK-6295,STARLINK-36443,1782664800.0000043,5.2978927906933535,1.2627978795030834,79.33333333207501,-31.3348017606396,0.3,MEDIUM
evt_213920,STARLINK-6295,STARLINK-36443,1782684599.999991,37.3817262665856,1.2608646401758394,73.83333333584997,32.08383347589225,0.3,MEDIUM
evt_234740,STARLINK-6295,STARLINK-36443,1782712800.0,40.08773774914194,1.2614790113375074,66.0,2.7060114825563417,0.3,MEDIUM
evt_249434,STARLINK-6295,STARLINK-36443,1782732599.9999866,45.37078803705872,1.2636051139270204,60.500000003708735,5.28305028791678,0.3,MEDIUM
evt_000129,STARLINK-30066,STARLINK-35524,1782345600.0,39.7010730726357,1.3646765719305691,168.0,0.0,0.3,MEDIUM
evt_000130,STARLINK-30071,STARLINK-31835,1782345600.0,31.232056771349487,10.703459541292148,168.0,0.0,0.3,MEDIUM
evt_000131,STARLINK-30144,STARLINK-36898,1782345600.0,36.20990742352,4.321677122489359,168.0,0.0,0.3,MEDIUM
evt_000132,STARLINK-6175,STARLINK-32683,1782345600.0,44.99481065940521,1.3746010676748557,168.0,0.0,0.3,MEDIUM
evt_000133,STARLINK-6175,STARLINK-37659,1782345600.0,45.640591503786425,14.330369482477328,168.0,0.0,0.3,MEDIUM
evt_000134,STARLINK-5731,STARLINK-32855,1782345600.0,44.59975964714509,1.9550638468214567,168.0,0.0,0.3,MEDIUM
evt_000135,STARLINK-5746,STARLINK-34831,1782345600.0,33.484242858965274,9.68967259750249,168.0,0.0,0.3,MEDIUM
evt_000136,STARLINK-5834,STARLINK-37065,1782345600.0,45.00919060594519,11.326132693521046,168.0,0.0,0.3,MEDIUM
evt_000137,STARLINK-6085,STARLINK-35457,1782345600.0,49.03605435130301,0.0788856794897966,168.0,0.0,0.05,LOW
evt_000480,STARLINK-6085,STARLINK-35457,1782346200.0000043,39.01715309889909,0.049826820554026,167.833333332075,-10.01890125240392,0.05,LOW
evt_000802,STARLINK-6085,STARLINK-35457,1782346800.000009,47.798143982221816,0.0128565738441987,167.66666666415003,8.78099088332273,0.05,LOW
evt_001146,STARLINK-6085,STARLINK-35457,1782347400.0000134,47.16109306855783,0.0293702612260317,167.49999999629128,-0.637050913663991,0.05,LOW
evt_001519,STARLINK-6085,STARLINK-35457,1782348000.000018,44.35436448953924,0.0659651413933456,167.33333332836628,-2.806728579018582,0.05,LOW
evt_000138,STARLINK-6148,STARLINK-31354,1782345600.0,41.969575521044746,10.526184064613052,168.0,0.0,0.3,MEDIUM
evt_000139,STARLINK-6230,STARLINK-35019,1782345600.0,46.86680657866867,1.8785340985808523,168.0,0.0,0.3,MEDIUM
evt_000140,STARLINK-6250,STARLINK-35454,1782345600.0,46.2775108015076,1.3510314541455706,168.0,0.0,0.3,MEDIUM
evt_000141,STARLINK-5481,STARLINK-35386,1782345600.0,46.07116267737237,2.5020619842011445,168.0,0.0,0.3,MEDIUM
evt_000142,STARLINK-6290,STARLINK-36875,1782345600.0,27.028552176219662,9.57953901351874,168.0,0.0,0.3,MEDIUM
evt_000143,STARLINK-6297,STARLINK-37279,1782345600.0,40.54577976508036,13.779492818628288,168.0,0.0,0.3,MEDIUM
evt_000144,STARLINK-30205,STARLINK-34721,1782345600.0,24.325096597183904,11.037818435084656,168.0,0.0,0.3,MEDIUM
evt_000145,STARLINK-30182,STARLINK-34234,1782345600.0,35.642093081558045,5.080564125450223,168.0,0.0,0.3,MEDIUM
evt_039168,STARLINK-30182,STARLINK-34234,1782413399.999982,49.550626481884265,5.080083980001326,149.16666667163372,13.90853340032622,0.3,MEDIUM
evt_067500,STARLINK-30182,STARLINK-34234,1782461400.000018,43.76703067076382,5.086594201357541,135.83333332836628,-5.783595811120442,0.3,MEDIUM
evt_108418,STARLINK-30182,STARLINK-34234,1782529200.0,32.21284946296323,5.0869097012277145,117.0,-11.554181207800596,0.3,MEDIUM
evt_000146,STARLINK-30221,STARLINK-30808,1782345600.0,46.074657847621936,2.639860442912795,168.0,0.0,0.3,MEDIUM
evt_000147,STARLINK-30217,STARLINK-31923,1782345600.0,21.74919155698972,11.26775579700062,168.0,0.0,0.3,MEDIUM
evt_000148,STARLINK-30092,STARLINK-31372,1782345600.0,21.802063288132924,7.457436714248012,168.0,0.0,0.3,MEDIUM
evt_000149,STARLINK-30227,STARLINK-31663,1782345600.0,46.06605949826486,0.210716073109445,168.0,0.0,0.05,LOW
evt_003322,STARLINK-30227,STARLINK-31663,1782351000.0,31.820992275871667,0.2056498174565216,166.5,-14.245067222393196,0.05,LOW
evt_005033,STARLINK-30227,STARLINK-31663,1782353999.999982,41.32532129659573,0.2122761379779455,165.66666667163372,9.504329020724064,0.05,LOW
evt_000150,STARLINK-30255,STARLINK-35088,1782345600.0,37.56267838484227,10.165331332558049,168.0,0.0,0.3,MEDIUM
evt_000151,STARLINK-30316,STARLINK-31716,1782345600.0,13.955375570055113,0.01941796377033,168.0,0.0,0.3,MEDIUM
evt_000490,STARLINK-30316,STARLINK-31716,1782346200.0000043,16.3016582939717,0.0162736878344648,167.833333332075,2.3462827239165858,0.3,MEDIUM
evt_000815,STARLINK-30316,STARLINK-31716,1782346800.000009,26.31526972743106,0.0219883090053078,167.66666666415003,10.01361143345936,0.05,LOW
evt_001164,STARLINK-30316,STARLINK-31716,1782347400.0000134,35.937117542957544,0.035847801282289,167.49999999629128,9.621847815526486,0.05,LOW
evt_001535,STARLINK-30316,STARLINK-31716,1782348000.000018,45.895638795979295,0.0512270177146154,167.33333332836628,9.95852125302175,0.05,LOW
evt_000152,STARLINK-30387,STARLINK-33921,1782345600.0,47.88896456932977,8.078291518623754,168.0,0.0,0.3,MEDIUM
evt_000153,STARLINK-30390,STARLINK-32409,1782345600.0,36.51281665085729,7.215992912115604,168.0,0.0,0.3,MEDIUM
evt_000154,STARLINK-30418,STARLINK-31946,1782345600.0,37.593247217176405,7.902892148302957,168.0,0.0,0.3,MEDIUM
evt_285683,STARLINK-30418,STARLINK-31946,1782780599.999982,25.02336474997142,7.902693917251041,47.16666667163372,-12.569882467204984,0.3,MEDIUM
evt_000155,STARLINK-30435,STARLINK-35619,1782345600.0,36.76413052361296,0.0450551517905185,168.0,0.0,0.05,LOW
evt_000498,STARLINK-30435,STARLINK-35619,1782346200.0000043,34.21289252877638,0.039201496179956,167.833333332075,-2.5512379948365838,0.05,LOW
evt_000820,STARLINK-30435,STARLINK-35619,1782346800.000009,33.01584999242331,0.0317172040091129,167.66666666415003,-1.1970425363530666,0.05,LOW
evt_001171,STARLINK-30435,STARLINK-35619,1782347400.0000134,28.985463292850547,0.0274951248210852,167.49999999629128,-4.030386699572766,0.05,LOW
evt_001543,STARLINK-30435,STARLINK-35619,1782348000.000018,21.47711062109125,0.0272688584801278,167.33333332836628,-7.508352671759297,0.05,LOW
evt_001892,STARLINK-30435,STARLINK-35619,1782348599.999982,15.560221848416871,0.0250235214000593,167.16666667163372,-5.916888772674378,0.3,MEDIUM
evt_002255,STARLINK-30435,STARLINK-35619,1782349199.9999866,16.759589741693492,0.0171346848194834,167.00000000370872,1.1993678932766212,0.3,MEDIUM
evt_002587,STARLINK-30435,STARLINK-35619,1782349799.999991,18.478599837098376,0.0065706547453588,166.83333333584997,1.719010095404883,0.3,MEDIUM
evt_002947,STARLINK-30435,STARLINK-35619,1782350399.9999957,14.845848538593,0.0111805951369498,166.666666667925,-3.632751298505374,0.3,MEDIUM
evt_003331,STARLINK-30435,STARLINK-35619,1782351000.0,7.644558407096696,0.018853471800175,166.5,-7.201290131496306,0.3,MEDIUM
evt_003665,STARLINK-30435,STARLINK-35619,1782351600.0000043,10.933106507126304,0.0200254685019477,166.333333332075,3.288548100029608,0.3,MEDIUM
evt_003991,STARLINK-30435,STARLINK-35619,1782352200.000009,19.5960100192308,0.0169208946114295,166.16666666415003,8.662903512104496,0.3,MEDIUM
evt_004338,STARLINK-30435,STARLINK-35619,1782352800.0000134,24.067093683248597,0.0188787812240759,165.99999999629128,4.471083664017794,0.05,LOW
evt_004697,STARLINK-30435,STARLINK-35619,1782353400.000018,24.519006516038225,0.0274033304438129,165.83333332836628,0.4519128327896311,0.05,LOW
evt_005040,STARLINK-30435,STARLINK-35619,1782353999.999982,26.08436736360448,0.0344998561099664,165.66666667163372,1.5653608475662537,0.05,LOW
evt_005417,STARLINK-30435,STARLINK-35619,1782354599.9999866,32.10238879616359,0.0375428064137594,165.50000000370872,6.0180214325591095,0.05,LOW
evt_005757,STARLINK-30435,STARLINK-35619,1782355199.999991,38.96047692707175,0.0395282394865887,165.33333333584997,6.858088130908165,0.05,LOW
evt_006079,STARLINK-30435,STARLINK-35619,1782355799.9999957,43.11573793018877,0.0444680636788162,165.166666667925,4.155261003117012,0.05,LOW
evt_006402,STARLINK-30435,STARLINK-35619,1782356400.0,45.23857651319637,0.0514280321524736,165.0,2.1228385830076064,0.05,LOW
evt_006770,STARLINK-30435,STARLINK-35619,1782357000.0000043,48.50948640390136,0.0568800071271063,164.833333332075,3.270909890704992,0.05,LOW
evt_000156,STARLINK-30290,STARLINK-34854,1782345600.0,43.15433020290327,7.640800132787383,168.0,0.0,0.3,MEDIUM
evt_000157,STARLINK-30414,STARLINK-35111,1782345600.0,6.690461027521416,2.772737382448586,168.0,0.0,0.3,MEDIUM
evt_000158,STARLINK-30339,STARLINK-36681,1782345600.0,24.290983968465085,10.845143147989642,168.0,0.0,0.3,MEDIUM
evt_000159,STARLINK-30496,STARLINK-35148,1782345600.0,21.077321863886738,10.332492158177889,168.0,0.0,0.3,MEDIUM
evt_000160,STARLINK-30705,STARLINK-31087,1782345600.0,23.30418082046057,3.8894262229523777,168.0,0.0,0.3,MEDIUM
evt_000161,STARLINK-30540,STARLINK-35233,1782345600.0,15.116143362013528,2.926705807021033,168.0,0.0,0.3,MEDIUM
evt_000162,STARLINK-30555,STARLINK-36591,1782345600.0,43.66759244090598,14.391624844462692,168.0,0.0,0.3,MEDIUM
evt_000163,STARLINK-30554,STARLINK-37271,1782345600.0,29.2413077084914,11.294920258807837,168.0,0.0,0.3,MEDIUM
evt_000164,STARLINK-30614,STARLINK-30596,1782345600.0,12.068544433447752,0.0065192822066253,168.0,0.0,0.3,MEDIUM
evt_000506,STARLINK-30614,STARLINK-30596,1782346200.0000043,17.45161938344554,0.0157367588947278,167.833333332075,5.383074949997786,0.3,MEDIUM
evt_000828,STARLINK-30614,STARLINK-30596,1782346800.000009,27.737986688976697,0.0289632091316119,167.66666666415003,10.286367305531158,0.05,LOW
evt_001183,STARLINK-30614,STARLINK-30596,1782347400.0000134,39.57013895649203,0.042820205293353,167.49999999629128,11.832152267515331,0.05,LOW
evt_000165,STARLINK-30592,STARLINK-30572,1782345600.0,36.99950916222173,0.0677385719896112,168.0,0.0,0.05,LOW
evt_000507,STARLINK-30592,STARLINK-30572,1782346200.0000043,30.7534529587888,0.0796123590829718,167.833333332075,-6.246056203432932,0.05,LOW
evt_000166,STARLINK-30421,STARLINK-31441,1782345600.0,49.15723641676833,10.24313642057492,168.0,0.0,0.3,MEDIUM
evt_000167,STARLINK-30606,STARLINK-33921,1782345600.0,40.69900881895187,0.0509072350490928,168.0,0.0,0.05,LOW
evt_000508,STARLINK-30606,STARLINK-33921,1782346200.0000043,26.124541756256157,0.0696705189121105,167.833333332075,-14.574467062695714,0.05,LOW
evt_000168,STARLINK-30795,STARLINK-34267,1782345600.0,46.00219331965336,1.360504276369428,168.0,0.0,0.3,MEDIUM
evt_000169,STARLINK-30769,STARLINK-37571,1782345600.0,49.28265699639016,13.822553017829495,168.0,0.0,0.3,MEDIUM
evt_000170,STARLINK-30804,STARLINK-33922,1782345600.0,29.43089732722275,0.0322878875791245,168.0,0.0,0.05,LOW
evt_000511,STARLINK-30804,STARLINK-33922,1782346200.0000043,35.309005086016846,0.0380851134167523,167.833333332075,5.878107758794098,0.05,LOW
evt_000831,STARLINK-30804,STARLINK-33922,1782346800.000009,40.4629229569794,0.0436041205958204,167.66666666415003,5.153917870962552,0.05,LOW
evt_001187,STARLINK-30804,STARLINK-33922,1782347400.0000134,44.69022251779569,0.0485442029107505,167.49999999629128,4.227299560816292,0.05,LOW
evt_001556,STARLINK-30804,STARLINK-33922,1782348000.000018,48.13563649860724,0.0529242265964874,167.33333332836628,3.445413980811552,0.05,LOW
evt_000171,STARLINK-30835,STARLINK-34328,1782345600.0,34.01275646484536,4.734808119906931,168.0,0.0,0.3,MEDIUM
evt_000172,STARLINK-30877,STARLINK-37020,1782345600.0,15.799935834105096,14.157013956654502,168.0,0.0,0.3,MEDIUM
evt_000173,STARLINK-30858,STARLINK-35851,1782345600.0,36.09435426466011,1.6744093668943418,168.0,0.0,0.3,MEDIUM
evt_000174,STARLINK-30852,STARLINK-33854,1782345600.0,41.31615678477042,1.3223438802295049,168.0,0.0,0.3,MEDIUM
evt_016495,STARLINK-30852,STARLINK-33854,1782373800.000009,42.02485383748461,1.3234698378149827,160.16666666415003,0.7086970527141929,0.3,MEDIUM
evt_255790,STARLINK-30852,STARLINK-33854,1782741000.000009,38.79560430141464,1.3235575244277753,58.16666666415003,-3.229249536069972,0.3,MEDIUM
evt_270807,STARLINK-30852,STARLINK-33854,1782760799.9999957,32.5691627939828,1.3246338338692234,52.666666667924986,-6.226441507431844,0.3,MEDIUM
evt_292146,STARLINK-30852,STARLINK-33854,1782789000.0000043,38.38724098253197,1.323898278925928,44.83333333207501,5.8180781885491655,0.3,MEDIUM
evt_307567,STARLINK-30852,STARLINK-33854,1782808799.999991,28.51958228767445,1.3232364519485986,39.33333333584997,-9.867658694857514,0.3,MEDIUM
evt_000175,STARLINK-30930,STARLINK-32263,1782345600.0,34.98360429162128,5.125184493740505,168.0,0.0,0.3,MEDIUM
evt_000176,STARLINK-30957,STARLINK-32176,1782345600.0,37.812937037214816,10.740219551074334,168.0,0.0,0.3,MEDIUM
evt_000177,STARLINK-30953,STARLINK-33815,1782345600.0,12.625135415818786,2.390132109656762,168.0,0.0,0.3,MEDIUM
evt_000178,STARLINK-30953,STARLINK-35936,1782345600.0,41.94998052622695,2.3514070656313537,168.0,0.0,0.3,MEDIUM
evt_000179,STARLINK-31036,STARLINK-36809,1782345600.0,40.01440044017065,7.099470373497861,168.0,0.0,0.3,MEDIUM
evt_000180,STARLINK-31046,STARLINK-32235,1782345600.0,16.97843968564888,11.879579615132446,168.0,0.0,0.3,MEDIUM
evt_000181,STARLINK-30857,STARLINK-35745,1782345600.0,30.526233042443508,10.294371704683105,168.0,0.0,0.3,MEDIUM
evt_000182,STARLINK-31038,STARLINK-32419,1782345600.0,47.647744307878575,1.0265820581099598,168.0,0.0,0.3,MEDIUM
evt_000183,STARLINK-31061,STARLINK-36377,1782345600.0,37.49681610822527,10.688913767552831,168.0,0.0,0.3,MEDIUM
evt_000184,STARLINK-31084,STARLINK-32373,1782345600.0,39.56715904919642,4.000348789752644,168.0,0.0,0.3,MEDIUM
evt_000185,STARLINK-31107,STARLINK-31494,1782345600.0,45.95754906401667,5.011500824086867,168.0,0.0,0.3,MEDIUM
evt_000186,STARLINK-31102,STARLINK-36458,1782345600.0,39.46079405454414,9.335117595728631,168.0,0.0,0.3,MEDIUM
evt_000187,STARLINK-31180,STARLINK-35904,1782345600.0,41.048101565733845,3.032661734886842,168.0,0.0,0.3,MEDIUM
evt_000188,STARLINK-31253,STARLINK-36770,1782345600.0,30.401537058951224,0.0539840701099735,168.0,0.0,0.05,LOW
evt_001203,STARLINK-31253,STARLINK-36770,1782347400.0000134,32.383080758957334,0.0528015866564776,167.49999999629128,1.9815437000061105,0.05,LOW
evt_001584,STARLINK-31253,STARLINK-36770,1782348000.000018,13.6169320986554,0.0637885637048409,167.33333332836628,-18.766148660301937,0.3,MEDIUM
evt_001921,STARLINK-31253,STARLINK-36770,1782348599.999982,41.848475808646775,0.0494879230662605,167.16666667163372,28.231543709991374,0.05,LOW
evt_002987,STARLINK-31253,STARLINK-36770,1782350399.9999957,37.28892668919892,0.0672508866758036,166.666666667925,-4.559549119447858,0.05,LOW
evt_003366,STARLINK-31253,STARLINK-36770,1782351000.0,38.7700897548245,0.0719135549608905,166.5,1.4811630656255872,0.05,LOW
evt_000189,STARLINK-31200,STARLINK-32745,1782345600.0,48.87155407799477,7.629812957019334,168.0,0.0,0.3,MEDIUM
evt_108464,STARLINK-31200,STARLINK-32745,1782529200.0,28.42038470564576,7.622580142730669,117.0,-20.45116937234901,0.3,MEDIUM
evt_000190,STARLINK-31306,STARLINK-33596,1782345600.0,38.23871992491684,0.0897467028469316,168.0,0.0,0.05,LOW
evt_001586,STARLINK-31306,STARLINK-33596,1782348000.000018,36.87654738162586,0.0692639675293541,167.33333332836628,-1.362172543290974,0.05,LOW
evt_001925,STARLINK-31306,STARLINK-33596,1782348599.999982,13.2832677803338,0.0788193088066732,167.16666667163372,-23.59327960129206,0.3,MEDIUM
evt_003370,STARLINK-31306,STARLINK-33596,1782351000.0,42.28137353072101,0.0852179430833155,166.5,28.99810575038721,0.05,LOW
evt_000191,STARLINK-31318,STARLINK-33572,1782345600.0,48.29287421321285,0.0770340634832165,168.0,0.0,0.05,LOW
evt_000526,STARLINK-31318,STARLINK-33572,1782346200.0000043,48.99646698704925,0.0867352862994951,167.833333332075,0.7035927738364052,0.05,LOW
evt_000192,STARLINK-31243,STARLINK-37028,1782345600.0,33.783495772141336,0.3392184332839703,168.0,0.0,0.05,LOW
evt_000193,STARLINK-31362,STARLINK-33736,1782345600.0,29.64552735438679,12.1979431975826,168.0,0.0,0.3,MEDIUM
evt_000194,STARLINK-31346,STARLINK-32031,1782345600.0,43.28064846725402,1.229433207496087,168.0,0.0,0.3,MEDIUM
evt_000195,STARLINK-31293,STARLINK-31319,1782345600.0,26.906769443874825,2.8523152002189103,168.0,0.0,0.3,MEDIUM
evt_000196,STARLINK-31333,STARLINK-31231,1782345600.0,42.3406528900769,1.5690475532194783,168.0,0.0,0.3,MEDIUM
evt_000197,STARLINK-31361,STARLINK-35507,1782345600.0,34.79539436595071,11.29223026080003,168.0,0.0,0.3,MEDIUM
evt_000198,STARLINK-31270,STARLINK-33598,1782345600.0,38.18759924854277,3.933511584708082,168.0,0.0,0.3,MEDIUM
evt_000199,STARLINK-31439,STARLINK-37358,1782345600.0,43.80853890303578,5.110098136839205,168.0,0.0,0.3,MEDIUM
evt_000200,STARLINK-31577,STARLINK-33891,1782345600.0,32.86358682947576,7.930205321426841,168.0,0.0,0.3,MEDIUM
evt_000201,STARLINK-31637,STARLINK-35923,1782345600.0,49.68466887864827,4.225728735126598,168.0,0.0,0.3,MEDIUM
evt_000202,STARLINK-31475,STARLINK-32371,1782345600.0,49.45359163737124,11.240178131005491,168.0,0.0,0.3,MEDIUM
evt_000203,STARLINK-31565,STARLINK-31967,1782345600.0,44.794227929284105,1.8986334786355896,168.0,0.0,0.3,MEDIUM
evt_000204,STARLINK-31628,STARLINK-37215,1782345600.0,31.895454933562263,7.196246056662527,168.0,0.0,0.3,MEDIUM
evt_000205,STARLINK-31428,STARLINK-35831,1782345600.0,32.6340899866313,7.135804431852272,168.0,0.0,0.3,MEDIUM
evt_000206,STARLINK-31706,STARLINK-31912,1782345600.0,32.63989151702124,1.7193259333277964,168.0,0.0,0.3,MEDIUM
evt_000207,STARLINK-31678,STARLINK-31796,1782345600.0,44.43189442858528,10.104157436167768,168.0,0.0,0.3,MEDIUM
evt_000208,STARLINK-31650,STARLINK-34305,1782345600.0,29.73518616172633,4.306145376700084,168.0,0.0,0.3,MEDIUM
evt_000209,STARLINK-31723,STARLINK-37086,1782345600.0,45.85639064203256,5.26288520457775,168.0,0.0,0.3,MEDIUM
evt_000210,STARLINK-31471,STARLINK-37381,1782345600.0,34.381078906685374,11.270108280924518,168.0,0.0,0.3,MEDIUM
evt_000211,STARLINK-32102,STARLINK-35130,1782345600.0,9.196040606624416,2.426342429774661,168.0,0.0,0.3,MEDIUM
evt_000212,STARLINK-31834,STARLINK-32351,1782345600.0,24.19279854256063,0.013175519824932,168.0,0.0,0.05,LOW
evt_000544,STARLINK-31834,STARLINK-32351,1782346200.0000043,26.801101354763613,0.0094302302822601,167.833333332075,2.6083028122029823,0.05,LOW
evt_000872,STARLINK-31834,STARLINK-32351,1782346800.000009,20.01877013272416,0.0255968320280178,167.66666666415003,-6.782331222039453,0.05,LOW
evt_001237,STARLINK-31834,STARLINK-32351,1782347400.0000134,15.114986186579614,0.0337381371700605,167.49999999629128,-4.9037839461445465,0.3,MEDIUM
evt_001607,STARLINK-31834,STARLINK-32351,1782348000.000018,25.22451677352257,0.0317915383035439,167.33333332836628,10.109530586942956,0.05,LOW
evt_001946,STARLINK-31834,STARLINK-32351,1782348599.999982,35.15512873732124,0.0276504466354037,167.16666667163372,9.930611963798672,0.05,LOW
evt_002304,STARLINK-31834,STARLINK-32351,1782349199.9999866,37.64385040581612,0.0339954082190757,167.00000000370872,2.4887216684948754,0.05,LOW
evt_002655,STARLINK-31834,STARLINK-32351,1782349799.999991,35.84031900058311,0.0451410159429978,166.83333333584997,-1.8035314052330091,0.05,LOW
evt_003011,STARLINK-31834,STARLINK-32351,1782350399.9999957,38.55973965462741,0.0509206004069368,166.666666667925,2.719420654044306,0.05,LOW
evt_003396,STARLINK-31834,STARLINK-32351,1782351000.0,47.02081073192229,0.050808242862712,166.5,8.461071077294875,0.05,LOW
evt_000213,STARLINK-31843,STARLINK-32928,1782345600.0,32.2613071114407,2.6142186771231875,168.0,0.0,0.3,MEDIUM
evt_000214,STARLINK-31766,STARLINK-33833,1782345600.0,42.73774489551043,0.0498487287522933,168.0,0.0,0.05,LOW
evt_000545,STARLINK-31766,STARLINK-33833,1782346200.0000043,47.5349856235163,0.0540809971768253,167.833333332075,4.797240728005868,0.05,LOW
evt_000215,STARLINK-31636,STARLINK-37003,1782345600.0,38.14383345728256,11.324671800130192,168.0,0.0,0.3,MEDIUM
evt_000216,STARLINK-31862,STARLINK-36181,1782345600.0,38.04347360131113,5.128394706904231,168.0,0.0,0.3,MEDIUM
evt_000217,STARLINK-31651,STARLINK-35192,1782345600.0,23.42096690102843,1.4536244806634453,168.0,0.0,0.3,MEDIUM
evt_000218,STARLINK-31971,STARLINK-35085,1782345600.0,45.39969049908587,1.6410630959139834,168.0,0.0,0.3,MEDIUM
evt_000219,STARLINK-32120,STARLINK-33634,1782345600.0,32.010726934629645,0.0689280335186435,168.0,0.0,0.05,LOW
evt_001616,STARLINK-32120,STARLINK-33634,1782348000.000018,36.7678731339906,0.0769174541557003,167.33333332836628,4.757146199360953,0.05,LOW
evt_001954,STARLINK-32120,STARLINK-33634,1782348599.999982,48.69403241066682,0.0715314626060249,167.16666667163372,11.926159276676223,0.05,LOW
evt_003407,STARLINK-32120,STARLINK-33634,1782351000.0,48.24075931329819,0.0851664520953515,166.5,-0.4532730973686298,0.05,LOW
evt_000220,STARLINK-32158,STARLINK-34643,1782345600.0,47.56192965897675,6.751237117237068,168.0,0.0,0.3,MEDIUM
evt_000221,STARLINK-32128,STARLINK-37000,1782345600.0,34.391213097583496,0.5015128139737823,168.0,0.0,0.05,LOW
evt_000222,STARLINK-32038,STARLINK-32037,1782345600.0,28.902026951634497,0.0318798014885604,168.0,0.0,0.05,LOW
evt_000561,STARLINK-32038,STARLINK-32037,1782346200.0000043,24.47204756639254,0.0269597092789147,167.833333332075,-4.429979385241957,0.05,LOW
evt_000883,STARLINK-32038,STARLINK-32037,1782346800.000009,20.09241923746689,0.0220225686996482,167.66666666415003,-4.379628328925648,0.05,LOW
evt_001252,STARLINK-32038,STARLINK-32037,1782347400.0000134,15.786985162897263,0.0170812098302478,167.49999999629128,-4.305434074569629,0.3,MEDIUM
evt_001617,STARLINK-32038,STARLINK-32037,1782348000.000018,11.607389940884646,0.0121884633411628,167.33333332836628,-4.179595222012617,0.3,MEDIUM
evt_001955,STARLINK-32038,STARLINK-32037,1782348599.999982,7.708709866222676,0.00740331073122,167.16666667163372,-3.8986800746619696,0.3,MEDIUM
evt_002314,STARLINK-32038,STARLINK-32037,1782349199.9999866,4.832099592228964,0.0031945719138443,167.00000000370872,-2.8766102739937125,0.3,MEDIUM
evt_002666,STARLINK-32038,STARLINK-32037,1782349799.999991,5.227254835399504,0.0039207704166315,166.83333333584997,0.3951552431705396,0.3,MEDIUM
evt_003020,STARLINK-32038,STARLINK-32037,1782350399.9999957,8.486940105290552,0.0083926555671644,166.666666667925,3.2596852698910483,0.3,MEDIUM
evt_003410,STARLINK-32038,STARLINK-32037,1782351000.0,12.558109185591944,0.0132502619617197,166.5,4.071169080301392,0.3,MEDIUM
evt_003720,STARLINK-32038,STARLINK-32037,1782351600.0000043,16.86057136205851,0.0182164443015112,166.333333332075,4.302462176466568,0.3,MEDIUM
evt_004066,STARLINK-32038,STARLINK-32037,1782352200.000009,21.2342833340697,0.0232149024412918,166.16666666415003,4.37371197201119,0.05,LOW
evt_004420,STARLINK-32038,STARLINK-32037,1782352800.0000134,25.61170142545481,0.0281785182999568,165.99999999629128,4.377418091385113,0.05,LOW
evt_004766,STARLINK-32038,STARLINK-32037,1782353400.000018,29.979219907620426,0.0331080008970467,165.83333332836628,4.367518482165611,0.05,LOW
evt_005116,STARLINK-32038,STARLINK-32037,1782353999.999982,34.3597764490987,0.0380602480672967,165.66666667163372,4.380556541478278,0.05,LOW
evt_005478,STARLINK-32038,STARLINK-32037,1782354599.9999866,38.7720964750636,0.0430417001027333,165.50000000370872,4.412320025964895,0.05,LOW
evt_005820,STARLINK-32038,STARLINK-32037,1782355199.999991,43.2107332081573,0.0479858680180742,165.33333333584997,4.438636733093702,0.05,LOW
evt_006158,STARLINK-32038,STARLINK-32037,1782355799.9999957,47.6702777001619,0.052875725204837,165.166666667925,4.459544492004596,0.05,LOW
evt_000223,STARLINK-32000,STARLINK-32325,1782345600.0,40.00356274665492,1.217134244246192,168.0,0.0,0.3,MEDIUM
evt_000224,STARLINK-32278,STARLINK-36151,1782345600.0,30.582673303243183,9.397494254820224,168.0,0.0,0.3,MEDIUM
evt_000225,STARLINK-32267,STARLINK-36975,1782345600.0,11.780409778471697,1.5837886086390431,168.0,0.0,0.3,MEDIUM
evt_000226,STARLINK-32281,STARLINK-36583,1782345600.0,49.39158718307594,12.404589984722644,168.0,0.0,0.3,MEDIUM
evt_000227,STARLINK-11158 [DTC],STARLINK-11556 [DTC],1782345600.0,27.36962731557614,8.89388333471413,168.0,0.0,0.3,MEDIUM
evt_000228,STARLINK-32240,STARLINK-32634,1782345600.0,19.238322673343557,3.602950291892616,168.0,0.0,0.3,MEDIUM
evt_328573,STARLINK-32240,STARLINK-32634,1782835199.9999866,43.62740485710038,3.605619877155016,32.000000003708735,24.389082183756827,0.3,MEDIUM
evt_000229,STARLINK-32371,STARLINK-34359,1782345600.0,23.49059562879097,12.131250421625063,168.0,0.0,0.3,MEDIUM
evt_000230,STARLINK-32340,STARLINK-36935,1782345600.0,38.93911726700362,14.59408029215894,168.0,0.0,0.3,MEDIUM
evt_000231,STARLINK-32347,STARLINK-34134,1782345600.0,45.54474778132845,1.400404916748067,168.0,0.0,0.3,MEDIUM
evt_000232,STARLINK-32293,STARLINK-32830,1782345600.0,49.36213874629652,10.293315320570136,168.0,0.0,0.3,MEDIUM
evt_000233,STARLINK-32264,STARLINK-11391 [DTC],1782345600.0,45.79828898060384,0.1110126417758032,168.0,0.0,0.05,LOW
evt_000234,STARLINK-32401,STARLINK-36680,1782345600.0,28.129178770944662,8.603558456878755,168.0,0.0,0.3,MEDIUM
evt_000235,STARLINK-32564,STARLINK-36351,1782345600.0,36.09831088311872,14.157927140149516,168.0,0.0,0.3,MEDIUM
evt_000236,STARLINK-32612,STARLINK-35409,1782345600.0,31.43647786592801,11.32557344704145,168.0,0.0,0.3,MEDIUM
evt_000237,STARLINK-32509,STARLINK-35131,1782345600.0,43.429856566204194,8.506690236902001,168.0,0.0,0.3,MEDIUM
evt_000238,STARLINK-32495,STARLINK-34174,1782345600.0,47.17670921748093,10.310909223318763,168.0,0.0,0.3,MEDIUM
evt_000239,STARLINK-32507,STARLINK-35213,1782345600.0,31.613041125601555,7.594441919853763,168.0,0.0,0.3,MEDIUM
evt_000240,STARLINK-32524,STARLINK-32849,1782345600.0,46.46730041385021,6.982713268764467,168.0,0.0,0.3,MEDIUM
evt_000241,STARLINK-32523,STARLINK-34818,1782345600.0,45.22794514278342,5.810730579433248,168.0,0.0,0.3,MEDIUM
evt_000242,STARLINK-32552,STARLINK-34933,1782345600.0,29.29730126976097,5.790877847311417,168.0,0.0,0.3,MEDIUM
evt_000243,STARLINK-32686,STARLINK-32543,1782345600.0,47.08978821874916,9.365779138327236,168.0,0.0,0.3,MEDIUM
evt_000244,STARLINK-32641,STARLINK-34734,1782345600.0,43.07775145801455,11.408499559317494,168.0,0.0,0.3,MEDIUM
evt_000245,STARLINK-32597,STARLINK-34185,1782345600.0,49.594137613327206,0.0542957174590467,168.0,0.0,0.05,LOW
evt_000246,STARLINK-32754,STARLINK-34017,1782345600.0,49.009017375272535,7.860084058197502,168.0,0.0,0.3,MEDIUM
evt_108522,STARLINK-32754,STARLINK-34017,1782529200.0,44.63884935797757,7.867686989253361,117.0,-4.370168017294965,0.3,MEDIUM
evt_185761,STARLINK-32754,STARLINK-34017,1782645000.000018,32.67727697162212,7.859995909889796,84.83333332836628,-11.96157238635545,0.3,MEDIUM
evt_000247,STARLINK-32742,STARLINK-36691,1782345600.0,44.1394762271502,14.217628157054229,168.0,0.0,0.3,MEDIUM
evt_000248,STARLINK-32796,STARLINK-33915,1782345600.0,36.88105582456812,11.333441540236834,168.0,0.0,0.3,MEDIUM
evt_000249,STARLINK-32843,STARLINK-32856,1782345600.0,35.84352099616157,0.0388118960399934,168.0,0.0,0.05,LOW
evt_000591,STARLINK-32843,STARLINK-32856,1782346200.0000043,27.91039906947321,0.0298055432034181,167.833333332075,-7.9331219266883615,0.05,LOW
evt_000915,STARLINK-32843,STARLINK-32856,1782346800.000009,19.997943566067725,0.020774211587947,167.66666666415003,-7.912455503405486,0.3,MEDIUM
evt_001291,STARLINK-32843,STARLINK-32856,1782347400.0000134,12.721543665403756,0.0119411556569643,167.49999999629128,-7.27639990066397,0.3,MEDIUM
evt_001651,STARLINK-32843,STARLINK-32856,1782348000.000018,8.263803575137946,0.0049418387837276,167.33333332836628,-4.45774009026581,0.3,MEDIUM
evt_001991,STARLINK-32843,STARLINK-32856,1782348599.999982,10.499684995519967,0.0084595054921385,167.16666667163372,2.2358814203820216,0.3,MEDIUM
evt_002342,STARLINK-32843,STARLINK-32856,1782349199.9999866,16.55829670365173,0.0165811793891599,167.00000000370872,6.058611708131764,0.3,MEDIUM
evt_002693,STARLINK-32843,STARLINK-32856,1782349799.999991,23.526310264861834,0.0251453681442978,166.83333333584997,6.968013561210103,0.05,LOW
evt_003068,STARLINK-32843,STARLINK-32856,1782350399.9999957,30.87441497171725,0.0338788609104287,166.666666667925,7.34810470685542,0.05,LOW
evt_003442,STARLINK-32843,STARLINK-32856,1782351000.0,38.5654445112939,0.0427360487187811,166.5,7.691029539576643,0.05,LOW
evt_003749,STARLINK-32843,STARLINK-32856,1782351600.0000043,46.6082927945579,0.0517392079986378,166.333333332075,8.042848283264,0.05,LOW
evt_000250,STARLINK-32853,STARLINK-37164,1782345600.0,25.357199982772357,4.103856547541259,168.0,0.0,0.3,MEDIUM
evt_000251,STARLINK-32856,STARLINK-35699,1782345600.0,44.76915623930404,6.547026019426869,168.0,0.0,0.3,MEDIUM
evt_000252,STARLINK-32797,STARLINK-34901,1782345600.0,45.75654819607751,11.316064369415976,168.0,0.0,0.3,MEDIUM
evt_000253,STARLINK-32850,STARLINK-35697,1782345600.0,38.711129775208015,5.936267621327038,168.0,0.0,0.3,MEDIUM
evt_000254,STARLINK-32879,STARLINK-33958,1782345600.0,45.41544101701025,8.641525876752544,168.0,0.0,0.3,MEDIUM
evt_000255,STARLINK-32829,STARLINK-36303,1782345600.0,27.431761508038903,0.7078333544532738,168.0,0.0,0.05,LOW
evt_005149,STARLINK-32829,STARLINK-36303,1782353999.999982,22.952934319857462,0.7058242497366086,165.66666667163372,-4.478827188181437,0.05,LOW
evt_000256,STARLINK-32945,STARLINK-37068,1782345600.0,32.12320615802099,8.059414007052318,168.0,0.0,0.3,MEDIUM
evt_000257,STARLINK-33665,STARLINK-36469,1782345600.0,47.64429636421075,1.251351720435239,168.0,0.0,0.3,MEDIUM
evt_000258,STARLINK-33703,STARLINK-35726,1782345600.0,30.80921145611125,11.318980616938514,168.0,0.0,0.3,MEDIUM
evt_000259,STARLINK-33698,STARLINK-34621,1782345600.0,42.50750894543909,9.664198869615534,168.0,0.0,0.3,MEDIUM
evt_000260,STARLINK-33765,STARLINK-34246,1782345600.0,38.96550359610186,8.005419585672907,168.0,0.0,0.3,MEDIUM
evt_000261,STARLINK-33815,STARLINK-35936,1782345600.0,48.95440325919327,0.0580408030251987,168.0,0.0,0.05,LOW
evt_001300,STARLINK-33815,STARLINK-35936,1782347400.0000134,32.74156816501436,0.0551378279773739,167.49999999629128,-16.212835094178914,0.05,LOW
evt_001663,STARLINK-33815,STARLINK-35936,1782348000.000018,24.434402732222757,0.0555518514660239,167.33333332836628,-8.307165432791603,0.05,LOW
evt_002006,STARLINK-33815,STARLINK-35936,1782348599.999982,40.403541270829415,0.0367274048633407,167.16666667163372,15.96913853860666,0.05,LOW
evt_002352,STARLINK-33815,STARLINK-35936,1782349199.9999866,48.0659685449708,0.0130934471887186,167.00000000370872,7.662427274141379,0.05,LOW
evt_002702,STARLINK-33815,STARLINK-35936,1782349799.999991,37.13723081679354,0.0333733883295792,166.83333333584997,-10.928737728177254,0.05,LOW
evt_003079,STARLINK-33815,STARLINK-35936,1782350399.9999957,11.50380271683623,0.050537761749182,166.666666667925,-25.63342809995731,0.3,MEDIUM
evt_003451,STARLINK-33815,STARLINK-35936,1782351000.0,20.295341877656263,0.0469109723277512,166.5,8.791539160820037,0.05,LOW
evt_003762,STARLINK-33815,STARLINK-35936,1782351600.0000043,42.19896897678908,0.0241107440571287,166.333333332075,21.90362709913281,0.05,LOW
evt_004100,STARLINK-33815,STARLINK-35936,1782352200.000009,46.73220029423678,0.0155341360213349,166.16666666415003,4.533231317447708,0.05,LOW
evt_004465,STARLINK-33815,STARLINK-35936,1782352800.0000134,33.19583202297902,0.0429567194400653,165.99999999629128,-13.536368271257764,0.05,LOW
evt_004805,STARLINK-33815,STARLINK-35936,1782353400.000018,19.12976276170068,0.0560180766919058,165.83333332836628,-14.06606926127834,0.3,MEDIUM
evt_005157,STARLINK-33815,STARLINK-35936,1782353999.999982,36.73953378767677,0.0492715010846019,165.66666667163372,17.60977102597609,0.05,LOW
evt_006195,STARLINK-33815,STARLINK-35936,1782355799.9999957,43.97314970888214,0.0617100107926532,165.166666667925,7.23361592120537,0.05,LOW
evt_006520,STARLINK-33815,STARLINK-35936,1782356400.0,42.78824048064679,0.0688843907446536,165.0,-1.1849092282353482,0.05,LOW
evt_000262,STARLINK-33750,STARLINK-35236,1782345600.0,40.88148748309169,3.811340889939166,168.0,0.0,0.3,MEDIUM
evt_000263,STARLINK-33786,STARLINK-36796,1782345600.0,38.745179701453495,13.716303088851385,168.0,0.0,0.3,MEDIUM
evt_000264,STARLINK-33732,STARLINK-34502,1782345600.0,32.97067852318589,8.03006945030152,168.0,0.0,0.3,MEDIUM
evt_000265,STARLINK-33805,STARLINK-36121,1782345600.0,41.12736200469872,10.775454747552658,168.0,0.0,0.3,MEDIUM
evt_000266,STARLINK-33791,STARLINK-34173,1782345600.0,47.07362071092312,10.028058180027411,168.0,0.0,0.3,MEDIUM
evt_000267,STARLINK-33835,STARLINK-37318,1782345600.0,48.06197751432415,10.531912800665078,168.0,0.0,0.3,MEDIUM
evt_000268,STARLINK-33684,STARLINK-35116,1782345600.0,48.336913296164376,1.7990049751441306,168.0,0.0,0.3,MEDIUM
evt_000269,STARLINK-33840,STARLINK-35303,1782345600.0,34.08080959224253,1.6510677007062278,168.0,0.0,0.3,MEDIUM
evt_000270,STARLINK-33847,STARLINK-35335,1782345600.0,32.40743658616958,3.908256779006099,168.0,0.0,0.3,MEDIUM
evt_000271,STARLINK-33939,STARLINK-35071,1782345600.0,37.34111518493874,4.005164885959721,168.0,0.0,0.3,MEDIUM
evt_000272,STARLINK-33767,STARLINK-36828,1782345600.0,47.72737803976175,1.656338504802776,168.0,0.0,0.3,MEDIUM
evt_000273,STARLINK-34075,STARLINK-36585,1782345600.0,42.83911005320426,13.423904117509888,168.0,0.0,0.3,MEDIUM
evt_000274,STARLINK-34111,STARLINK-35373,1782345600.0,41.012153295411615,14.970549005497777,168.0,0.0,0.3,MEDIUM
evt_000275,STARLINK-34122,STARLINK-34208,1782345600.0,14.861478857414763,11.825458928704798,168.0,0.0,0.3,MEDIUM
evt_000276,STARLINK-34181,STARLINK-37181,1782345600.0,48.45604184004642,1.8621527464752508,168.0,0.0,0.3,MEDIUM
evt_000277,STARLINK-34251,STARLINK-34488,1782345600.0,14.223083969351933,6.45986895012923,168.0,0.0,0.3,MEDIUM
evt_000278,STARLINK-34289,STARLINK-36094,1782345600.0,21.43528826080588,11.241354134419725,168.0,0.0,0.3,MEDIUM
evt_000279,STARLINK-34352,STARLINK-34271,1782345600.0,19.50875964622928,4.461650310896468,168.0,0.0,0.3,MEDIUM
evt_000280,STARLINK-34001,STARLINK-34293,1782345600.0,14.981868525974749,0.0135601071310461,168.0,0.0,0.3,MEDIUM
evt_000612,STARLINK-34001,STARLINK-34293,1782346200.0000043,9.987141395510204,0.0056079268054781,167.833333332075,-4.994727130464543,0.3,MEDIUM
evt_000939,STARLINK-34001,STARLINK-34293,1782346800.000009,12.891235455578071,0.0110363016596151,167.66666666415003,2.904094060067866,0.3,MEDIUM
evt_001317,STARLINK-34001,STARLINK-34293,1782347400.0000134,21.096773959867097,0.0216572314037335,167.49999999629128,8.205538504289025,0.05,LOW
evt_001676,STARLINK-34001,STARLINK-34293,1782348000.000018,30.813712543958637,0.0328607093487815,167.33333332836628,9.716938584091537,0.05,LOW
evt_002022,STARLINK-34001,STARLINK-34293,1782348599.999982,40.91493282369964,0.0441916237694314,167.16666667163372,10.101220279741003,0.05,LOW
evt_000281,STARLINK-34370,STARLINK-35021,1782345600.0,27.804283541085866,7.801666607306819,168.0,0.0,0.3,MEDIUM
evt_000282,STARLINK-34492,STARLINK-35603,1782345600.0,20.29540328245004,7.679936645755599,168.0,0.0,0.3,MEDIUM
evt_000283,STARLINK-34217,STARLINK-34363,1782345600.0,18.465151911230222,0.3790210069384738,168.0,0.0,0.3,MEDIUM
evt_000284,STARLINK-34435,STARLINK-35173,1782345600.0,39.47070846218535,0.261111378752116,168.0,0.0,0.05,LOW
evt_000285,STARLINK-34475,STARLINK-34500,1782345600.0,24.456748544980428,0.0274196471756417,168.0,0.0,0.05,LOW
evt_000614,STARLINK-34475,STARLINK-34500,1782346200.0000043,27.650400581320163,0.0305780694723234,167.833333332075,3.193652036339735,0.05,LOW
evt_000948,STARLINK-34475,STARLINK-34500,1782346800.000009,30.736800440868777,0.0336799840664814,167.66666666415003,3.0863998595486137,0.05,LOW
evt_001321,STARLINK-34475,STARLINK-34500,1782347400.0000134,33.50032227391434,0.0366645720678292,167.49999999629128,2.7635218330455658,0.05,LOW
evt_001681,STARLINK-34475,STARLINK-34500,1782348000.000018,35.8432090525233,0.0394627752880148,167.33333332836628,2.342886778608957,0.05,LOW
evt_002026,STARLINK-34475,STARLINK-34500,1782348599.999982,37.83043013098053,0.0420365723069414,167.16666667163372,1.9872210784572248,0.05,LOW
evt_002369,STARLINK-34475,STARLINK-34500,1782349199.9999866,39.693764206854375,0.044487998351265,167.00000000370872,1.8633340758738512,0.05,LOW
evt_002721,STARLINK-34475,STARLINK-34500,1782349799.999991,41.7415072703173,0.0470411063517065,166.83333333584997,2.0477430634629243,0.05,LOW
evt_003101,STARLINK-34475,STARLINK-34500,1782350399.9999957,44.19829670032442,0.0498556562297118,166.666666667925,2.45678943000712,0.05,LOW
evt_003471,STARLINK-34475,STARLINK-34500,1782351000.0,47.08703196832645,0.0528913290372679,166.5,2.88873526800203,0.05,LOW
evt_000286,STARLINK-34551,STARLINK-35590,1782345600.0,44.09354008922288,1.4027037642841444,168.0,0.0,0.3,MEDIUM
evt_000287,STARLINK-34538,STARLINK-36040,1782345600.0,42.347279239248586,11.353392230680036,168.0,0.0,0.3,MEDIUM
evt_000288,STARLINK-34556,STARLINK-36442,1782345600.0,20.75936323335118,4.667851451247578,168.0,0.0,0.3,MEDIUM
evt_000289,STARLINK-34702,STARLINK-35230,1782345600.0,36.53771993815281,0.0399410264290737,168.0,0.0,0.05,LOW
evt_000617,STARLINK-34702,STARLINK-35230,1782346200.0000043,28.76946098771136,0.031141287876039,167.833333332075,-7.768258950441453,0.05,LOW
evt_000952,STARLINK-34702,STARLINK-35230,1782346800.000009,21.15555779476266,0.0223302204491446,167.66666666415003,-7.6139031929486976,0.05,LOW
evt_001330,STARLINK-34702,STARLINK-35230,1782347400.0000134,14.031285465887096,0.0136930550210679,167.49999999629128,-7.1242723288755645,0.3,MEDIUM
evt_001684,STARLINK-34702,STARLINK-35230,1782348000.000018,8.701914762643236,0.0060395447631487,167.33333332836628,-5.32937070324386,0.3,MEDIUM
evt_002031,STARLINK-34702,STARLINK-35230,1782348599.999982,9.084739163440007,0.0066076828057123,167.16666667163372,0.3828244007967729,0.3,MEDIUM
evt_002370,STARLINK-34702,STARLINK-35230,1782349199.9999866,14.684899433735994,0.014460098173085,167.00000000370872,5.600160270295985,0.3,MEDIUM
evt_002726,STARLINK-34702,STARLINK-35230,1782349799.999991,21.77549167230532,0.0230530921306427,166.83333333584997,7.090592238569323,0.05,LOW
evt_003104,STARLINK-34702,STARLINK-35230,1782350399.9999957,29.31993581485003,0.0317834144494097,166.666666667925,7.544444142544712,0.05,LOW
evt_003473,STARLINK-34702,STARLINK-35230,1782351000.0,37.103124660101216,0.0406450256078118,166.5,7.7831888452511855,0.05,LOW
evt_003780,STARLINK-34702,STARLINK-35230,1782351600.0000043,45.0379696603116,0.0496370635789298,166.333333332075,7.93484500021038,0.05,LOW
evt_000290,STARLINK-34702,STARLINK-35596,1782345600.0,29.388088613671545,10.523942406431784,168.0,0.0,0.3,MEDIUM
evt_000291,STARLINK-34199,STARLINK-35075,1782345600.0,36.27400848060625,0.0642852482617444,168.0,0.0,0.05,LOW
evt_000620,STARLINK-34199,STARLINK-35075,1782346200.0000043,17.03908332901898,0.0753554037530346,167.833333332075,-19.23492515158727,0.3,MEDIUM
evt_002032,STARLINK-34199,STARLINK-35075,1782348599.999982,39.39360839935466,0.0782912620084716,167.16666667163372,22.354525070335683,0.05,LOW
evt_002371,STARLINK-34199,STARLINK-35075,1782349199.9999866,42.27299415225537,0.0812291336703544,167.00000000370872,2.87938575290071,0.05,LOW
evt_000292,STARLINK-34656,STARLINK-36572,1782345600.0,37.3940153755578,11.441138341693025,168.0,0.0,0.3,MEDIUM
evt_000293,STARLINK-35016,STARLINK-34895,1782345600.0,28.873624628935104,0.0697139214992641,168.0,0.0,0.05,LOW
evt_000626,STARLINK-35016,STARLINK-34895,1782346200.0000043,22.538682602860604,0.074377414548075,167.833333332075,-6.334942026074501,0.05,LOW
evt_002036,STARLINK-35016,STARLINK-34895,1782348599.999982,35.91569145761196,0.0820120164317766,167.16666667163372,13.377008854751352,0.05,LOW
evt_002375,STARLINK-35016,STARLINK-34895,1782349199.9999866,48.199474129863376,0.0793955634638047,167.00000000370872,12.28378267225142,0.05,LOW
evt_000294,STARLINK-34823,STARLINK-37063,1782345600.0,35.06926656539379,0.9737784643850578,168.0,0.0,0.05,LOW
evt_000295,STARLINK-34860,STARLINK-34729,1782345600.0,22.84647113199436,0.0736252766673988,168.0,0.0,0.05,LOW
evt_000628,STARLINK-34860,STARLINK-34729,1782346200.0000043,30.105239454265995,0.0689946264053966,167.833333332075,7.258768322271635,0.05,LOW
evt_000296,STARLINK-34797,STARLINK-34900,1782345600.0,27.77485790784654,0.0710081472621595,168.0,0.0,0.05,LOW
evt_001690,STARLINK-34797,STARLINK-34900,1782348000.000018,44.11804584418615,0.0877672224179163,167.33333332836628,16.34318793633961,0.05,LOW
evt_000297,STARLINK-34710,STARLINK-36443,1782345600.0,30.715024285999807,3.937337393489348,168.0,0.0,0.3,MEDIUM
evt_000298,STARLINK-35096,STARLINK-36125,1782345600.0,37.05727200603622,3.4609478087348777,168.0,0.0,0.3,MEDIUM
evt_000299,STARLINK-35114,STARLINK-35779,1782345600.0,38.29945761078608,2.4577111263115885,168.0,0.0,0.3,MEDIUM
evt_000300,STARLINK-35026,STARLINK-36571,1782345600.0,10.83269904106661,12.102131855424416,168.0,0.0,0.3,MEDIUM
evt_000301,STARLINK-35189,STARLINK-36337,1782345600.0,33.626040864030145,4.945585889361402,168.0,0.0,0.3,MEDIUM
evt_000302,STARLINK-35222,STARLINK-36069,1782345600.0,24.982757838496227,2.519941459722555,168.0,0.0,0.3,MEDIUM
evt_000303,STARLINK-35230,STARLINK-35596,1782345600.0,35.54235007769221,10.527384732259245,168.0,0.0,0.3,MEDIUM
evt_000304,STARLINK-34734,STARLINK-36483,1782345600.0,47.09025670340897,10.180511458818236,168.0,0.0,0.3,MEDIUM
evt_000305,STARLINK-34889,STARLINK-36664,1782345600.0,25.33736090014638,6.990326763555134,168.0,0.0,0.3,MEDIUM
evt_000306,STARLINK-34688,STARLINK-37141,1782345600.0,47.50151337016539,0.4259718791176764,168.0,0.0,0.05,LOW
evt_000307,STARLINK-35492,STARLINK-37475,1782345600.0,49.04434199389033,14.643175813202047,168.0,0.0,0.3,MEDIUM
evt_000308,STARLINK-35422,STARLINK-35853,1782345600.0,37.50498536682869,4.244432217392175,168.0,0.0,0.3,MEDIUM
evt_000309,STARLINK-35532,STARLINK-36334,1782345600.0,45.72767442558102,1.4543084742306078,168.0,0.0,0.3,MEDIUM
evt_000310,STARLINK-33948,STARLINK-36684,1782345600.0,20.794446763475264,3.151851571634499,168.0,0.0,0.3,MEDIUM
evt_000311,STARLINK-35638,STARLINK-36958,1782345600.0,29.00968014358164,11.004907654640055,168.0,0.0,0.3,MEDIUM
evt_000312,STARLINK-35061,STARLINK-36697,1782345600.0,44.406734047027086,14.763315584423198,168.0,0.0,0.3,MEDIUM
evt_000313,STARLINK-35737,STARLINK-35829,1782345600.0,43.41133191652916,0.3142865665377757,168.0,0.0,0.05,LOW
evt_002045,STARLINK-35737,STARLINK-35829,1782348599.999982,43.50334878701376,0.3212225493190299,167.16666667163372,0.0920168704846062,0.05,LOW
evt_000314,STARLINK-35733,STARLINK-36485,1782345600.0,37.26362809291346,1.8533987231581877,168.0,0.0,0.3,MEDIUM
evt_000315,STARLINK-35495,STARLINK-35488,1782345600.0,11.914779337675876,0.0205215869805511,168.0,0.0,0.3,MEDIUM
evt_000646,STARLINK-35495,STARLINK-35488,1782346200.0000043,9.900054691131514,0.0192057503269717,167.833333332075,-2.0147246465443622,0.3,MEDIUM
evt_000976,STARLINK-35495,STARLINK-35488,1782346800.000009,15.652386467456672,0.0225784180040322,167.66666666415003,5.752331776325159,0.3,MEDIUM
evt_001354,STARLINK-35495,STARLINK-35488,1782347400.0000134,24.734138416793822,0.0278029389859897,167.49999999629128,9.08175194933715,0.05,LOW
evt_001697,STARLINK-35495,STARLINK-35488,1782348000.000018,33.29867533925935,0.032142610842957,167.33333332836628,8.564536922465525,0.05,LOW
evt_002047,STARLINK-35495,STARLINK-35488,1782348599.999982,38.05033024684008,0.0341867161334648,167.16666667163372,4.751654907580736,0.05,LOW
evt_002389,STARLINK-35495,STARLINK-35488,1782349199.9999866,37.06054360534604,0.0334556484522592,167.00000000370872,-0.9897866414940424,0.05,LOW
evt_002748,STARLINK-35495,STARLINK-35488,1782349799.999991,30.608158658828653,0.0300532080265573,166.83333333584997,-6.452384946517388,0.05,LOW
evt_003127,STARLINK-35495,STARLINK-35488,1782350399.9999957,21.04848720740789,0.024624283856896,166.666666667925,-9.559671451420758,0.05,LOW
evt_003493,STARLINK-35495,STARLINK-35488,1782351000.0,11.702576877233756,0.0186531917729771,166.5,-9.34591033017414,0.3,MEDIUM
evt_003800,STARLINK-35495,STARLINK-35488,1782351600.0000043,6.006900549597409,0.0150087035695365,166.333333332075,-5.695676327636345,0.3,MEDIUM
evt_004152,STARLINK-35495,STARLINK-35488,1782352200.000009,8.8822119345554,0.016506028283663,166.16666666415003,2.8753113849579908,0.3,MEDIUM
evt_004508,STARLINK-35495,STARLINK-35488,1782352800.0000134,16.916992133298184,0.0212576590906172,165.99999999629128,8.034780198742784,0.3,MEDIUM
evt_004841,STARLINK-35495,STARLINK-35488,1782353400.000018,25.79413880459155,0.0258910242307219,165.83333332836628,8.877146671293367,0.05,LOW
evt_005211,STARLINK-35495,STARLINK-35488,1782353999.999982,32.183324359155606,0.0286347639032569,165.66666667163372,6.389185554564055,0.05,LOW
evt_005558,STARLINK-35495,STARLINK-35488,1782354599.9999866,33.47034593136607,0.0288204120508694,165.50000000370872,1.2870215722104632,0.05,LOW
evt_005903,STARLINK-35495,STARLINK-35488,1782355199.999991,28.99877475433364,0.0263946125241636,165.33333333584997,-4.471571177032427,0.05,LOW
evt_006226,STARLINK-35495,STARLINK-35488,1782355799.9999957,20.414436580823608,0.0217152516614716,165.166666667925,-8.584338173510034,0.05,LOW
evt_006559,STARLINK-35495,STARLINK-35488,1782356400.0,10.937225534278756,0.0156394538020976,165.0,-9.477211046544852,0.3,MEDIUM
evt_006934,STARLINK-35495,STARLINK-35488,1782357000.0000043,3.535589009533364,0.0100105405940649,164.833333332075,-7.401636524745392,0.3,MEDIUM
evt_007249,STARLINK-35495,STARLINK-35488,1782357600.000009,1.8122533975639248,0.0089395622532139,164.66666666415003,-1.7233356119694392,0.3,MEDIUM
evt_007596,STARLINK-35495,STARLINK-35488,1782358200.0000134,8.194192008649534,0.0130552321995755,164.49999999629128,6.381938611085609,0.3,MEDIUM
evt_007949,STARLINK-35495,STARLINK-35488,1782358800.000018,16.370570911015687,0.0177149259614101,164.33333332836628,8.176378902366153,0.3,MEDIUM
evt_008297,STARLINK-35495,STARLINK-35488,1782359399.999982,23.69624547396214,0.0208151970507397,164.16666667163372,7.325674562946453,0.05,LOW
evt_008639,STARLINK-35495,STARLINK-35488,1782359999.9999866,27.02744342823853,0.0216867553782654,164.00000000370872,3.3311979542763908,0.05,LOW
evt_008995,STARLINK-35495,STARLINK-35488,1782360599.999991,24.78099475799625,0.0202598040525137,163.83333333584997,-2.246448670242277,0.05,LOW
evt_009317,STARLINK-35495,STARLINK-35488,1782361199.9999957,17.829382752427808,0.0167936695807652,163.666666667925,-6.951612005568446,0.3,MEDIUM
evt_009694,STARLINK-35495,STARLINK-35488,1782361800.0,9.666967340430723,0.0117984701722931,163.5,-8.162415411997083,0.3,MEDIUM
evt_010046,STARLINK-35495,STARLINK-35488,1782362400.0000043,6.581159694540079,0.0059900420352154,163.333333332075,-3.085807645890646,0.3,MEDIUM
evt_010396,STARLINK-35495,STARLINK-35488,1782363000.000009,7.602902555892596,0.0004471174540718,163.16666666415003,1.021742861352517,0.3,MEDIUM
evt_010766,STARLINK-35495,STARLINK-35488,1782363600.0000134,6.290898431783166,0.00513949314793,162.99999999629128,-1.3120041241094302,0.3,MEDIUM
evt_011109,STARLINK-35495,STARLINK-35488,1782364200.000018,7.150377227130496,0.0091461143684234,162.83333332836628,0.8594787953473304,0.3,MEDIUM
evt_011470,STARLINK-35495,STARLINK-35488,1782364799.999982,13.15809430976362,0.011560905853468,162.66666667163372,6.007717082633125,0.3,MEDIUM
evt_011806,STARLINK-35495,STARLINK-35488,1782365399.9999866,17.80954185280758,0.0122773340113967,162.50000000370872,4.651447543043959,0.3,MEDIUM
evt_012142,STARLINK-35495,STARLINK-35488,1782365999.999991,17.783072107949035,0.0115764783943264,162.33333333584997,-0.0264697448585451,0.3,MEDIUM
evt_012450,STARLINK-35495,STARLINK-35488,1782366599.9999957,13.12249756326374,0.0101567209649296,162.166666667925,-4.660574544685296,0.3,MEDIUM
evt_012806,STARLINK-35495,STARLINK-35488,1782367200.0,8.721870866818957,0.0090957761531262,162.0,-4.400626696444782,0.3,MEDIUM
evt_013153,STARLINK-35495,STARLINK-35488,1782367800.0000043,12.21646947798206,0.0092649452545722,161.833333332075,3.494598611163102,0.3,MEDIUM
evt_013507,STARLINK-35495,STARLINK-35488,1782368400.000009,16.6254539429966,0.0102907497186748,161.66666666415003,4.408984465014541,0.3,MEDIUM
evt_013859,STARLINK-35495,STARLINK-35488,1782369000.0000134,16.590211706658202,0.0110541163841593,161.49999999629128,-0.0352422363383979,0.3,MEDIUM
evt_014216,STARLINK-35495,STARLINK-35488,1782369600.000018,12.057167507406922,0.0106455690406815,161.33333332836628,-4.533044199251281,0.3,MEDIUM
evt_014560,STARLINK-35495,STARLINK-35488,1782370199.999982,6.573714633333714,0.0085819481392011,161.16666667163372,-5.483452874073207,0.3,MEDIUM
evt_014882,STARLINK-35495,STARLINK-35488,1782370799.9999866,6.622753653958326,0.0048230564496489,161.00000000370872,0.0490390206246118,0.3,MEDIUM
evt_015254,STARLINK-35495,STARLINK-35488,1782371399.999991,7.904871235725214,0.0006371825760104,160.83333333584997,1.2821175817668884,0.3,MEDIUM
evt_015596,STARLINK-35495,STARLINK-35488,1782371999.9999957,6.832937574230234,0.0064098360226537,160.666666667925,-1.0719336614949802,0.3,MEDIUM
evt_015963,STARLINK-35495,STARLINK-35488,1782372600.0,10.456918467133011,0.0125313764591082,160.5,3.623980892902777,0.3,MEDIUM
evt_016316,STARLINK-35495,STARLINK-35488,1782373200.0000043,19.0556144885462,0.0179366491981899,160.333333332075,8.598696021413186,0.3,MEDIUM
evt_016644,STARLINK-35495,STARLINK-35488,1782373800.000009,26.32282965504132,0.0218455087823872,160.16666666415003,7.267215166495124,0.05,LOW
evt_017008,STARLINK-35495,STARLINK-35488,1782374400.0000134,28.852185497430487,0.0237187580688359,159.99999999629128,2.5293558423891653,0.05,LOW
evt_017362,STARLINK-35495,STARLINK-35488,1782375000.000018,25.81227972155565,0.0232751974814208,159.83333332836628,-3.039905775874832,0.05,LOW
evt_017696,STARLINK-35495,STARLINK-35488,1782375599.999982,18.725554769283303,0.0205805260782923,159.66666667163372,-7.086724952272352,0.3,MEDIUM
evt_018011,STARLINK-35495,STARLINK-35488,1782376199.9999866,10.595272522644136,0.0164966058749293,159.50000000370872,-8.130282246639167,0.3,MEDIUM
evt_018356,STARLINK-35495,STARLINK-35488,1782376799.999991,4.8890017147080735,0.0136122244117051,159.33333333584997,-5.706270807936062,0.3,MEDIUM
evt_018659,STARLINK-35495,STARLINK-35488,1782377399.9999957,7.714048818181069,0.0156996162067219,159.166666667925,2.825047103472995,0.3,MEDIUM
evt_019038,STARLINK-35495,STARLINK-35488,1782378000.0,16.448626540970604,0.0219611476228349,159.0,8.734577722789535,0.3,MEDIUM
evt_019376,STARLINK-35495,STARLINK-35488,1782378600.0000043,27.18610016081834,0.0290039748888549,158.833333332075,10.737473619847735,0.05,LOW
evt_019688,STARLINK-35495,STARLINK-35488,1782379200.000009,36.72809176960846,0.034750974078512,158.66666666415003,9.54199160879012,0.05,LOW
evt_020013,STARLINK-35495,STARLINK-35488,1782379800.0000134,41.96068878791441,0.0381614547316137,158.49999999629128,5.232597018305945,0.05,LOW
evt_020336,STARLINK-35495,STARLINK-35488,1782380400.000018,41.337484183383246,0.0388385964348997,158.33333332836628,-0.6232046045311606,0.05,LOW
evt_020710,STARLINK-35495,STARLINK-35488,1782380999.999982,35.54876741503139,0.0368965395025217,158.16666667163372,-5.788716768351854,0.05,LOW
evt_021012,STARLINK-35495,STARLINK-35488,1782381599.9999866,27.29172346811365,0.0332421642100396,158.00000000370872,-8.257043946917744,0.05,LOW
evt_021350,STARLINK-35495,STARLINK-35488,1782382199.999991,20.51709732131764,0.0300446708987309,157.83333333584997,-6.774626146796006,0.05,LOW
evt_021686,STARLINK-35495,STARLINK-35488,1782382799.9999957,19.63516238820505,0.0302606965586373,157.666666667925,-0.8819349331125927,0.3,MEDIUM
evt_022031,STARLINK-35495,STARLINK-35488,1782383400.0,26.13807066074332,0.0349693727964544,157.5,6.502908272538267,0.05,LOW
evt_022374,STARLINK-35495,STARLINK-35488,1782384000.0000043,36.91977361895766,0.0421474171258885,157.333333332075,10.781702958214346,0.05,LOW
evt_022724,STARLINK-35495,STARLINK-35488,1782384600.000009,47.99986451219908,0.0491040562798335,157.16666666415003,11.080090893241412,0.05,LOW
evt_024068,STARLINK-35495,STARLINK-35488,1782386999.9999866,46.52808261319052,0.0523611193385049,156.50000000370872,-1.4717818990085547,0.05,LOW
evt_024412,STARLINK-35495,STARLINK-35488,1782387599.999991,38.85827175965071,0.0489585833383879,156.33333333584997,-7.669810853539815,0.05,LOW
evt_024764,STARLINK-35495,STARLINK-35488,1782388199.9999957,35.4381765829512,0.0478429685989795,156.166666667925,-3.4200951766995047,0.05,LOW
evt_025116,STARLINK-35495,STARLINK-35488,1782388800.0,39.057383367833786,0.0509005176043262,156.0,3.6192067848825857,0.05,LOW
evt_025444,STARLINK-35495,STARLINK-35488,1782389400.0000043,48.616217386111686,0.05745625424705,155.833333332075,9.5588340182779,0.05,LOW
evt_000316,STARLINK-35416,STARLINK-35502,1782345600.0,36.128234634930486,9.706500722078038,168.0,0.0,0.3,MEDIUM
evt_000317,STARLINK-35615,STARLINK-37423,1782345600.0,43.30390877844835,7.74788248886259,168.0,0.0,0.3,MEDIUM
evt_000318,STARLINK-35802,STARLINK-35806,1782345600.0,45.17287895643821,4.50482222094069,168.0,0.0,0.3,MEDIUM
evt_000319,STARLINK-35849,STARLINK-35807,1782345600.0,36.25689540533493,0.0803842270311029,168.0,0.0,0.05,LOW
evt_001701,STARLINK-35849,STARLINK-35807,1782348000.000018,18.23548508580965,0.0759713837704987,167.33333332836628,-18.02141031952528,0.3,MEDIUM
evt_002052,STARLINK-35849,STARLINK-35807,1782348599.999982,32.88344476284893,0.0679551809870055,167.16666667163372,14.647959677039282,0.05,LOW
evt_003129,STARLINK-35849,STARLINK-35807,1782350399.9999957,42.07330362837254,0.0606187201625064,166.666666667925,9.189858865523613,0.05,LOW
evt_003494,STARLINK-35849,STARLINK-35807,1782351000.0,10.966342440083183,0.0767234338329823,166.5,-31.10696118828936,0.3,MEDIUM
evt_003802,STARLINK-35849,STARLINK-35807,1782351600.0000043,45.58454020169427,0.0612266064677915,166.333333332075,34.618197761611086,0.05,LOW
evt_004844,STARLINK-35849,STARLINK-35807,1782353400.000018,41.461310814093714,0.0752660877581201,165.83333332836628,-4.123229387600553,0.05,LOW
evt_005213,STARLINK-35849,STARLINK-35807,1782353999.999982,36.109074910314014,0.0828266550598372,165.66666667163372,-5.3522359037797,0.05,LOW
evt_000320,STARLINK-35828,STARLINK-36644,1782345600.0,25.604341141956795,6.793806732412996,168.0,0.0,0.3,MEDIUM
evt_000321,STARLINK-35444,STARLINK-37081,1782345600.0,31.282238367774,8.769792822250318,168.0,0.0,0.3,MEDIUM
evt_000322,STARLINK-35687,STARLINK-36842,1782345600.0,49.20735898332321,10.433085502303806,168.0,0.0,0.3,MEDIUM
evt_000323,STARLINK-35970,STARLINK-36749,1782345600.0,34.95527803056284,13.665060549094772,168.0,0.0,0.3,MEDIUM
evt_000324,STARLINK-36080,STARLINK-36833,1782345600.0,47.15115041922871,11.436760167329073,168.0,0.0,0.3,MEDIUM
evt_000325,STARLINK-36103,STARLINK-36784,1782345600.0,44.30281141221414,6.710034035154366,168.0,0.0,0.3,MEDIUM
evt_000326,STARLINK-36259,STARLINK-36297,1782345600.0,26.66228749977049,10.242980643556551,168.0,0.0,0.3,MEDIUM
evt_000327,STARLINK-36224,STARLINK-36216,1782345600.0,39.94473438606764,0.0401303491091881,168.0,0.0,0.05,LOW
evt_000652,STARLINK-36224,STARLINK-36216,1782346200.0000043,40.78076443588704,0.0383858235281227,167.833333332075,0.8360300498193993,0.05,LOW
evt_000985,STARLINK-36224,STARLINK-36216,1782346800.000009,37.411208532099046,0.0344611555104522,167.66666666415003,-3.3695559037879903,0.05,LOW
evt_001369,STARLINK-36224,STARLINK-36216,1782347400.0000134,29.978861181428226,0.0285739868354736,167.49999999629128,-7.43234735067082,0.05,LOW
evt_001709,STARLINK-36224,STARLINK-36216,1782348000.000018,20.221575326401293,0.0213584706416578,167.33333332836628,-9.757285855026932,0.05,LOW
evt_002057,STARLINK-36224,STARLINK-36216,1782348599.999982,10.897677641386409,0.0136508984332756,167.16666667163372,-9.323897685014886,0.3,MEDIUM
evt_002400,STARLINK-36224,STARLINK-36216,1782349199.9999866,5.1374897402415165,0.0065203297641654,167.00000000370872,-5.76018790114489,0.3,MEDIUM
evt_002758,STARLINK-36224,STARLINK-36216,1782349799.999991,3.776162730301311,0.0019235311520649,166.83333333584997,-1.3613270099402055,0.3,MEDIUM
evt_003135,STARLINK-36224,STARLINK-36216,1782350399.9999957,2.4695584531793893,0.0034841106408084,166.666666667925,-1.3066042771219215,0.3,MEDIUM
evt_003500,STARLINK-36224,STARLINK-36216,1782351000.0,2.086177752346848,0.0040109099455549,166.5,-0.3833807008325411,0.3,MEDIUM
evt_003805,STARLINK-36224,STARLINK-36216,1782351600.0000043,3.787370472184463,0.0020897252810466,166.333333332075,1.7011927198376149,0.3,MEDIUM
evt_004164,STARLINK-36224,STARLINK-36216,1782352200.000009,4.5383301659057445,0.003790941704223,166.16666666415003,0.7509596937212817,0.3,MEDIUM
evt_004522,STARLINK-36224,STARLINK-36216,1782352800.0000134,7.90130452296611,0.0103917157296359,165.99999999629128,3.3629743570603656,0.3,MEDIUM
evt_004854,STARLINK-36224,STARLINK-36216,1782353400.000018,16.125776422336582,0.0181826293816323,165.83333332836628,8.22447189937047,0.3,MEDIUM
evt_005226,STARLINK-36224,STARLINK-36216,1782353999.999982,26.291422922608877,0.0260580173081512,165.66666667163372,10.165646500272292,0.05,LOW
evt_005569,STARLINK-36224,STARLINK-36216,1782354599.9999866,35.31569033687066,0.0329861002275985,165.50000000370872,9.024267414261786,0.05,LOW
evt_005913,STARLINK-36224,STARLINK-36216,1782355199.999991,40.8591887027743,0.0381044835418722,165.33333333584997,5.543498365903638,0.05,LOW
evt_006235,STARLINK-36224,STARLINK-36216,1782355799.9999957,42.073224568565706,0.0410759578450459,165.166666667925,1.2140358657914092,0.05,LOW
evt_006570,STARLINK-36224,STARLINK-36216,1782356400.0,39.89108744792348,0.0422864023146587,165.0,-2.182137120642224,0.05,LOW
evt_006944,STARLINK-36224,STARLINK-36216,1782357000.0000043,36.68895638148517,0.0428328339235177,164.833333332075,-3.202131066438312,0.05,LOW
evt_007255,STARLINK-36224,STARLINK-36216,1782357600.000009,35.561164308572415,0.0443714344174989,164.66666666415003,-1.1277920729127544,0.05,LOW
evt_007610,STARLINK-36224,STARLINK-36216,1782358200.0000134,38.98052078695264,0.048397520426972,164.49999999629128,3.419356478380223,0.05,LOW
evt_007957,STARLINK-36224,STARLINK-36216,1782358800.000018,47.21204806267864,0.0551863486817598,164.33333332836628,8.231527275726002,0.05,LOW
evt_000328,STARLINK-36420,STARLINK-37248,1782345600.0,34.28259511336966,1.451442459126194,168.0,0.0,0.3,MEDIUM
evt_000329,STARLINK-36553,STARLINK-37180,1782345600.0,24.900391108241504,10.579044471706212,168.0,0.0,0.3,MEDIUM
evt_000330,STARLINK-36969,STARLINK-37372,1782345600.0,35.00026756158048,12.795604011545754,168.0,0.0,0.3,MEDIUM
evt_000331,STARLINK-36668,STARLINK-36303,1782345600.0,47.85987611441172,0.2428083996371454,168.0,0.0,0.05,LOW
evt_000332,STARLINK-37044,STARLINK-37141,1782345600.0,31.892547766519527,0.0360085614812621,168.0,0.0,0.05,LOW
evt_000659,STARLINK-37044,STARLINK-37141,1782346200.0000043,29.436970880388948,0.0330043658423772,167.833333332075,-2.45557688613058,0.05,LOW
evt_000989,STARLINK-37044,STARLINK-37141,1782346800.000009,27.213784323192687,0.0301376653588082,167.66666666415003,-2.223186557196261,0.05,LOW
evt_001375,STARLINK-37044,STARLINK-37141,1782347400.0000134,24.883763312511004,0.0271652308189983,167.49999999629128,-2.3300210106816834,0.05,LOW
evt_001714,STARLINK-37044,STARLINK-37141,1782348000.000018,22.180173921448176,0.0239550178624681,167.33333332836628,-2.7035893910628275,0.05,LOW
evt_002065,STARLINK-37044,STARLINK-37141,1782348599.999982,19.00910850097513,0.0204932804513375,167.16666667163372,-3.1710654204730417,0.3,MEDIUM
evt_002410,STARLINK-37044,STARLINK-37141,1782349199.9999866,15.468001300140465,0.0168267311267128,167.00000000370872,-3.54110720083467,0.3,MEDIUM
evt_002763,STARLINK-37044,STARLINK-37141,1782349799.999991,11.811541443925258,0.0130640397721372,166.83333333584997,-3.656459856215207,0.3,MEDIUM
evt_003141,STARLINK-37044,STARLINK-37141,1782350399.9999957,8.36761751313821,0.009384395067285,166.666666667925,-3.4439239307870477,0.3,MEDIUM
evt_003503,STARLINK-37044,STARLINK-37141,1782351000.0,5.425857460869127,0.0059584432115306,166.5,-2.941760052269084,0.3,MEDIUM
evt_003814,STARLINK-37044,STARLINK-37141,1782351600.0000043,3.239697930722256,0.0028739104697213,166.333333332075,-2.1861595301468704,0.3,MEDIUM
evt_004168,STARLINK-37044,STARLINK-37141,1782352200.000009,2.459458124767219,0.0010903739839762,166.16666666415003,-0.7802398059550373,0.3,MEDIUM
evt_004531,STARLINK-37044,STARLINK-37141,1782352800.0000134,3.6601900887177568,0.0035249499080321,165.99999999629128,1.2007319639505378,0.3,MEDIUM
evt_004860,STARLINK-37044,STARLINK-37141,1782353400.000018,5.959678365777161,0.0066452076742874,165.83333332836628,2.299488277059404,0.3,MEDIUM
evt_005235,STARLINK-37044,STARLINK-37141,1782353999.999982,8.922467527492813,0.0100637638410278,165.66666667163372,2.9627891617156523,0.3,MEDIUM
evt_005577,STARLINK-37044,STARLINK-37141,1782354599.9999866,12.368059666293204,0.013729486978049,165.50000000370872,3.445592138800391,0.3,MEDIUM
evt_005917,STARLINK-37044,STARLINK-37141,1782355199.999991,16.034486602191162,0.017496448974648,165.33333333584997,3.6664269358979578,0.3,MEDIUM
evt_006244,STARLINK-37044,STARLINK-37141,1782355799.9999957,19.595867842596636,0.021161672274732,165.166666667925,3.5613812404054705,0.3,MEDIUM
evt_006575,STARLINK-37044,STARLINK-37141,1782356400.0,22.78923723235528,0.0245930467790139,165.0,3.1933693897586477,0.05,LOW
evt_006948,STARLINK-37044,STARLINK-37141,1782357000.0000043,25.52609569601464,0.0277987076715656,164.833333332075,2.736858463659356,0.05,LOW
evt_007264,STARLINK-37044,STARLINK-37141,1782357600.000009,27.913769545273677,0.0308663259869432,164.66666666415003,2.3876738492590377,0.05,LOW
evt_007616,STARLINK-37044,STARLINK-37141,1782358200.0000134,30.201667897338734,0.0338898523418441,164.49999999629128,2.28789835206506,0.05,LOW
evt_007967,STARLINK-37044,STARLINK-37141,1782358800.000018,32.69001284394751,0.0369826661357458,164.33333332836628,2.4883449466087733,0.05,LOW
evt_008315,STARLINK-37044,STARLINK-37141,1782359399.999982,35.61229981827944,0.0402906468966823,164.16666667163372,2.922286974331932,0.05,LOW
evt_008655,STARLINK-37044,STARLINK-37141,1782359999.9999866,39.02235335805172,0.0438966905984717,164.00000000370872,3.410053539772278,0.05,LOW
evt_009008,STARLINK-37044,STARLINK-37141,1782360599.999991,42.74959437743867,0.0476955543330966,163.83333333584997,3.727241019386952,0.05,LOW
evt_009336,STARLINK-37044,STARLINK-37141,1782361199.9999957,46.47195169165045,0.0514349274080927,163.666666667925,3.722357314211784,0.05,LOW
evt_009711,STARLINK-37044,STARLINK-37141,1782361800.0,49.88173660372791,0.0549315947058021,163.5,3.4097849120774555,0.05,LOW
evt_000333,STARLINK-37760,STARLINK-37725,1782345600.0,11.318383039663882,0.0075688105360064,168.0,0.0,0.3,MEDIUM
evt_000660,STARLINK-37760,STARLINK-37725,1782346200.0000043,12.41347067749332,0.009172920748213,167.833333332075,1.0950876378294383,0.3,MEDIUM
evt_000993,STARLINK-37760,STARLINK-37725,1782346800.000009,19.87606388572853,0.0195863037461366,167.66666666415003,7.46259320823521,0.3,MEDIUM
evt_001377,STARLINK-37760,STARLINK-37725,1782347400.0000134,28.975325370769628,0.0307893345205551,167.49999999629128,9.099261485041096,0.05,LOW
evt_001716,STARLINK-37760,STARLINK-37725,1782348000.000018,38.57347593028467,0.0421122226475979,167.33333332836628,9.598150559515044,0.05,LOW
evt_002067,STARLINK-37760,STARLINK-37725,1782348599.999982,48.556662046530604,0.053636672417889,167.16666667163372,9.983186116245932,0.05,LOW
evt_000334,STARLINK-37735,STARLINK-37757,1782345600.0,34.811532838225666,0.03088461738992,168.0,0.0,0.05,LOW
evt_000335,STARLINK-37501,STARLINK-37734,1782345600.0,43.234372566097065,0.0492352239275974,168.0,0.0,0.05,LOW
evt_000662,STARLINK-37501,STARLINK-37734,1782346200.0000043,38.77745484176131,0.042257248739493,167.833333332075,-4.456917724335753,0.05,LOW
evt_000994,STARLINK-37501,STARLINK-37734,1782346800.000009,33.98508535695529,0.0350850039052081,167.66666666415003,-4.792369484806024,0.05,LOW
evt_001378,STARLINK-37501,STARLINK-37734,1782347400.0000134,27.7603049144598,0.0271656924907928,167.49999999629128,-6.224780442495487,0.05,LOW
evt_001719,STARLINK-37501,STARLINK-37734,1782348000.000018,19.93730808192389,0.0183521314482218,167.33333332836628,-7.82299683253591,0.3,MEDIUM
evt_002068,STARLINK-37501,STARLINK-37734,1782348599.999982,12.409958727491976,0.0098153001849805,167.16666667163372,-7.527349354431914,0.3,MEDIUM
evt_002414,STARLINK-37501,STARLINK-37734,1782349199.9999866,11.653097623619384,0.0085110604809476,167.00000000370872,-0.7568611038725948,0.3,MEDIUM
evt_002764,STARLINK-37501,STARLINK-37734,1782349799.999991,18.309485103297582,0.0163195064410812,166.83333333584997,6.6563874796782,0.3,MEDIUM
evt_003146,STARLINK-37501,STARLINK-37734,1782350399.9999957,25.664573190725687,0.0251879989216722,166.666666667925,7.355088087428104,0.05,LOW
evt_003507,STARLINK-37501,STARLINK-37734,1782351000.0,31.7851826675188,0.0334712431704632,166.5,6.120609476793113,0.05,LOW
evt_003817,STARLINK-37501,STARLINK-37734,1782351600.0000043,36.9699925013072,0.0411709707519842,166.333333332075,5.184809833788396,0.05,LOW
evt_004170,STARLINK-37501,STARLINK-37734,1782352200.000009,42.46660867794215,0.0490194931715759,166.16666666415003,5.496616176634952,0.05,LOW
evt_004534,STARLINK-37501,STARLINK-37734,1782352800.0000134,49.65050754191869,0.0579840083424622,165.99999999629128,7.183898863976545,0.05,LOW
evt_000336,STARLINK-37701,STARLINK-37617,1782345600.0,33.08733926511992,0.0215985614995825,168.0,0.0,0.05,LOW
evt_000663,STARLINK-37701,STARLINK-37617,1782346200.0000043,37.21891666249812,0.0290195809478311,167.833333332075,4.131577397378194,0.05,LOW
evt_000337,STARLINK-37870,STARLINK-37872,1782345600.0,39.71302173821987,0.0487822116592521,168.0,0.0,0.05,LOW
evt_000665,STARLINK-37870,STARLINK-37872,1782346200.0000043,32.241389586261214,0.0424999574072881,167.833333332075,-7.471632151958659,0.05,LOW
evt_000996,STARLINK-37870,STARLINK-37872,1782346800.000009,29.403943480323044,0.0389914261790617,167.66666666415003,-2.83744610593817,0.05,LOW
evt_001380,STARLINK-37870,STARLINK-37872,1782347400.0000134,30.984346813625816,0.0380068748628559,167.49999999629128,1.5804033333027725,0.05,LOW
evt_001722,STARLINK-37870,STARLINK-37872,1782348000.000018,34.373555133500126,0.0379058017352195,167.33333332836628,3.38920831987431,0.05,LOW
evt_002070,STARLINK-37870,STARLINK-37872,1782348599.999982,36.398794332351805,0.0369114566353267,167.16666667163372,2.025239198851679,0.05,LOW
evt_002417,STARLINK-37870,STARLINK-37872,1782349199.9999866,34.76102883367668,0.0338954148822722,167.00000000370872,-1.6377654986751295,0.05,LOW
evt_002768,STARLINK-37870,STARLINK-37872,1782349799.999991,28.838558560231213,0.0285811684795803,166.83333333584997,-5.922470273445462,0.05,LOW
evt_003147,STARLINK-37870,STARLINK-37872,1782350399.9999957,19.97035687110848,0.0215444127272314,166.666666667925,-8.868201689122731,0.3,MEDIUM
evt_003509,STARLINK-37870,STARLINK-37872,1782351000.0,10.915972760554055,0.0138362297726451,166.5,-9.054384110554423,0.3,MEDIUM
evt_003819,STARLINK-37870,STARLINK-37872,1782351600.0000043,5.053451193616333,0.0065783386834378,166.333333332075,-5.862521566937724,0.3,MEDIUM
evt_004172,STARLINK-37870,STARLINK-37872,1782352200.000009,3.8673831366454983,0.0013764624500366,166.16666666415003,-1.186068056970834,0.3,MEDIUM
evt_004536,STARLINK-37870,STARLINK-37872,1782352800.0000134,2.7144388533962114,0.0031695708330048,165.99999999629128,-1.152944283249287,0.3,MEDIUM
evt_004865,STARLINK-37870,STARLINK-37872,1782353400.000018,1.498514909618798,0.003747025878174,165.83333332836628,-1.2159239437774134,0.3,MEDIUM
evt_005240,STARLINK-37870,STARLINK-37872,1782353999.999982,2.7580756292432698,0.0022134163740152,165.66666667163372,1.2595607196244718,0.3,MEDIUM
evt_005581,STARLINK-37870,STARLINK-37872,1782354599.9999866,3.9580364359837454,0.0051431957797277,165.50000000370872,1.1999608067404766,0.3,MEDIUM
evt_005924,STARLINK-37870,STARLINK-37872,1782355199.999991,8.747319454038104,0.0120577960886144,165.33333333584997,4.789283018054357,0.3,MEDIUM
evt_006249,STARLINK-37870,STARLINK-37872,1782355799.9999957,17.444268701889325,0.0199861054474197,165.166666667925,8.69694924785122,0.3,MEDIUM
evt_006582,STARLINK-37870,STARLINK-37872,1782356400.0,27.062833049293975,0.0276500004596871,165.0,9.618564347404654,0.05,LOW
evt_006952,STARLINK-37870,STARLINK-37872,1782357000.0000043,34.7015200075325,0.0340854832600346,164.833333332075,7.638686958238523,0.05,LOW
evt_007271,STARLINK-37870,STARLINK-37872,1782357600.000009,38.43439753549468,0.038536636138221,164.66666666415003,3.732877527962181,0.05,LOW
evt_007621,STARLINK-37870,STARLINK-37872,1782358200.0000134,38.04492433113222,0.0407368316801262,164.49999999629128,-0.38947320436246,0.05,LOW
evt_007974,STARLINK-37870,STARLINK-37872,1782358800.000018,35.231710805257094,0.0414200393135757,164.33333332836628,-2.813213525875128,0.05,LOW
evt_008322,STARLINK-37870,STARLINK-37872,1782359399.999982,33.02228135764985,0.0423441088558147,164.16666667163372,-2.209429447607242,0.05,LOW
evt_008660,STARLINK-37870,STARLINK-37872,1782359999.9999866,34.49849771640101,0.0454605445995311,164.00000000370872,1.4762163587511594,0.05,LOW
evt_009015,STARLINK-37870,STARLINK-37872,1782360599.999991,40.91653302712575,0.0515222288775285,163.83333333584997,6.418035310724733,0.05,LOW
evt_000338,STARLINK-37643,STARLINK-37856,1782345600.0,47.27767290890201,6.603469981603244,168.0,0.0,0.3,MEDIUM
evt_000339,STARLINK-37513,STARLINK-37707,1782345600.0,31.380340569154875,0.0331433442088147,168.0,0.0,0.05,LOW
evt_000666,STARLINK-37513,STARLINK-37707,1782346200.0000043,45.24542360948329,0.0501575986801487,167.833333332075,13.865083040328416,0.05,LOW
evt_000340,STARLINK-1216,STARLINK-37075,1782346200.0000043,44.49778312502857,9.834384342157357,167.833333332075,0.0,0.3,MEDIUM
evt_000341,STARLINK-1225,STARLINK-32824,1782346200.0000043,47.15691035495626,8.523681788841788,167.833333332075,0.0,0.3,MEDIUM
evt_000342,STARLINK-1262,STARLINK-2476,1782346200.0000043,35.892066132876955,0.0551884017592894,167.833333332075,0.0,0.05,LOW
evt_000670,STARLINK-1262,STARLINK-2476,1782346800.000009,31.461665077751487,0.0427829480153014,167.66666666415003,-4.4304010551254684,0.05,LOW
evt_001003,STARLINK-1262,STARLINK-2476,1782347400.0000134,36.47047042039237,0.0213052301773148,167.49999999629128,5.008805342640887,0.05,LOW
evt_001385,STARLINK-1262,STARLINK-2476,1782348000.000018,34.07903241544307,0.0141060823852492,167.33333332836628,-2.3914380049493005,0.05,LOW
evt_001725,STARLINK-1262,STARLINK-2476,1782348599.999982,21.617772295149702,0.0330337394631893,167.16666667163372,-12.461260120293373,0.05,LOW
evt_002074,STARLINK-1262,STARLINK-2476,1782349199.9999866,19.73180431080168,0.0429452775452863,167.00000000370872,-1.8859679843480244,0.3,MEDIUM
evt_002421,STARLINK-1262,STARLINK-2476,1782349799.999991,39.13636779619308,0.0434992855105759,166.83333333584997,19.4045634853914,0.05,LOW
evt_000343,STARLINK-1262,STARLINK-30593,1782346200.0000043,42.28318356175327,0.167763103866048,167.833333332075,0.0,0.05,LOW
evt_002075,STARLINK-1262,STARLINK-30593,1782349199.9999866,42.82414545833085,0.1701720210848639,167.00000000370872,0.5409618965775778,0.05,LOW
evt_000345,STARLINK-1296,STARLINK-6318,1782346200.0000043,40.36343960579882,4.628088034663337,167.833333332075,0.0,0.3,MEDIUM
evt_000346,STARLINK-1376,STARLINK-30542,1782346200.0000043,32.932423333812324,0.4347489260290789,167.833333332075,0.0,0.05,LOW
evt_000347,STARLINK-1333,STARLINK-31783,1782346200.0000043,34.797762721148864,1.3512385264946356,167.833333332075,0.0,0.3,MEDIUM
evt_000348,STARLINK-1364,STARLINK-11444 [DTC],1782346200.0000043,23.271423364098627,2.3347931797005783,167.833333332075,0.0,0.3,MEDIUM
evt_000350,STARLINK-1454,STARLINK-11526 [DTC],1782346200.0000043,26.78774537565741,2.2987177894972843,167.833333332075,0.0,0.3,MEDIUM
evt_000351,STARLINK-1460,STARLINK-36441,1782346200.0000043,41.30682662347094,3.6205609263676655,167.833333332075,0.0,0.3,MEDIUM
evt_000352,STARLINK-1413,STARLINK-2031,1782346200.0000043,21.040554469004785,0.0905213656060419,167.833333332075,0.0,0.05,LOW
evt_000673,STARLINK-1413,STARLINK-2031,1782346800.000009,45.3383474191246,0.0744070466651191,167.66666666415003,24.297792950119817,0.05,LOW
evt_000353,STARLINK-1591,STARLINK-35701,1782346200.0000043,31.446552662938508,6.235158434539571,167.833333332075,0.0,0.3,MEDIUM
evt_000354,STARLINK-1524,STARLINK-35705,1782346200.0000043,44.21962966591377,11.352091634489875,167.833333332075,0.0,0.3,MEDIUM
evt_000357,STARLINK-1595,STARLINK-1646,1782346200.0000043,26.910311398699516,3.613692754486741,167.833333332075,0.0,0.3,MEDIUM
evt_000358,STARLINK-1871,STARLINK-35615,1782346200.0000043,42.95189839346062,1.125401349898926,167.833333332075,0.0,0.3,MEDIUM
evt_000360,STARLINK-2046,STARLINK-34634,1782346200.0000043,41.17973116320887,0.0451593881270578,167.833333332075,0.0,0.05,LOW
evt_000680,STARLINK-2046,STARLINK-34634,1782346800.000009,27.703399189196844,0.0448102669638025,167.66666666415003,-13.476331974012028,0.05,LOW
evt_001010,STARLINK-2046,STARLINK-34634,1782347400.0000134,25.538785050532766,0.0356569258497281,167.49999999629128,-2.164614138664078,0.05,LOW
evt_001394,STARLINK-2046,STARLINK-34634,1782348000.000018,31.377490681677425,0.0169881559306395,167.33333332836628,5.838705631144659,0.05,LOW
evt_001740,STARLINK-2046,STARLINK-34634,1782348599.999982,30.01363447044328,0.0118304230729096,167.16666667163372,-1.3638562112341468,0.05,LOW
evt_002087,STARLINK-2046,STARLINK-34634,1782349199.9999866,19.295708917894856,0.0292744343531099,167.00000000370872,-10.717925552548422,0.3,MEDIUM
evt_002433,STARLINK-2046,STARLINK-34634,1782349799.999991,15.739352067289374,0.0371386191392739,166.83333333584997,-3.556356850605482,0.3,MEDIUM
evt_002790,STARLINK-2046,STARLINK-34634,1782350399.9999957,30.763984252581245,0.0344929793433931,166.666666667925,15.024632185291871,0.05,LOW
evt_003168,STARLINK-2046,STARLINK-34634,1782351000.0,42.5925018472111,0.0331857308023659,166.5,11.828517594629858,0.05,LOW
evt_003523,STARLINK-2046,STARLINK-34634,1782351600.0000043,46.093641448219,0.0449033014710174,166.333333332075,3.501139601007893,0.05,LOW
evt_003835,STARLINK-2046,STARLINK-34634,1782352200.000009,46.93596683324776,0.0594251405645422,166.16666666415003,0.8423253850287651,0.05,LOW
evt_000361,STARLINK-2076,STARLINK-31450,1782346200.0000043,40.50471012147084,1.846195477103192,167.833333332075,0.0,0.3,MEDIUM
evt_000362,STARLINK-2081,STARLINK-32746,1782346200.0000043,37.054887112164046,2.0295180508029445,167.833333332075,0.0,0.3,MEDIUM
evt_000364,STARLINK-2122,STARLINK-34599,1782346200.0000043,41.05456862771506,2.8754463655476186,167.833333332075,0.0,0.3,MEDIUM
evt_000365,STARLINK-2130,STARLINK-32221,1782346200.0000043,36.00122445039132,1.4876248258393234,167.833333332075,0.0,0.3,MEDIUM
evt_000367,STARLINK-2143,STARLINK-33995,1782346200.0000043,46.83794946082065,0.4255255898004878,167.833333332075,0.0,0.05,LOW
evt_000368,STARLINK-2159,STARLINK-11555 [DTC],1782346200.0000043,40.32846587187489,1.833742966603105,167.833333332075,0.0,0.3,MEDIUM
evt_000369,STARLINK-2170,STARLINK-30914,1782346200.0000043,22.926599658425665,11.950722734866057,167.833333332075,0.0,0.3,MEDIUM
evt_000370,STARLINK-2196,STARLINK-33806,1782346200.0000043,41.61610916864749,0.3816879539606121,167.833333332075,0.0,0.05,LOW
evt_000371,STARLINK-2257,STARLINK-32642,1782346200.0000043,24.83821507085252,7.522328345761593,167.833333332075,0.0,0.3,MEDIUM
evt_000372,STARLINK-2334,STARLINK-31675,1782346200.0000043,46.73414668831831,1.374522311235965,167.833333332075,0.0,0.3,MEDIUM
evt_000373,STARLINK-2329,STARLINK-34850,1782346200.0000043,19.00253609904564,0.2541859216660539,167.833333332075,0.0,0.3,MEDIUM
evt_002106,STARLINK-2329,STARLINK-34850,1782349199.9999866,46.15034818479246,0.2516700558859798,167.00000000370872,27.147812085746825,0.05,LOW
evt_000374,STARLINK-2153,STARLINK-34527,1782346200.0000043,22.958617949012005,12.149270465187694,167.833333332075,0.0,0.3,MEDIUM
evt_000375,STARLINK-2412,STARLINK-32630,1782346200.0000043,22.734863548329148,1.6138552982856669,167.833333332075,0.0,0.3,MEDIUM
evt_000376,STARLINK-2428,STARLINK-31857,1782346200.0000043,25.89799110094065,1.3522284382402825,167.833333332075,0.0,0.3,MEDIUM
evt_000377,STARLINK-2440,STARLINK-30949,1782346200.0000043,28.9665905322698,11.102828759982929,167.833333332075,0.0,0.3,MEDIUM
evt_000381,STARLINK-2476,STARLINK-30593,1782346200.0000043,15.757142636338784,0.1251058284955828,167.833333332075,0.0,0.3,MEDIUM
evt_002118,STARLINK-2476,STARLINK-30593,1782349199.9999866,24.35936642392045,0.128710888191984,167.00000000370872,8.60222378758167,0.05,LOW
evt_000382,STARLINK-2480,STARLINK-36157,1782346200.0000043,20.574414965889986,11.975983729281,167.833333332075,0.0,0.3,MEDIUM
evt_000383,STARLINK-2558,STARLINK-37392,1782346200.0000043,45.6867331489535,12.233378086834502,167.833333332075,0.0,0.3,MEDIUM
evt_000384,STARLINK-2537,STARLINK-30275,1782346200.0000043,33.80491145413874,10.396995462224137,167.833333332075,0.0,0.3,MEDIUM
evt_000385,STARLINK-2530,STARLINK-32591,1782346200.0000043,38.89946936517178,0.0704139750083024,167.833333332075,0.0,0.05,LOW
evt_000708,STARLINK-2530,STARLINK-32591,1782346800.000009,20.9350573677901,0.0823845965312975,167.66666666415003,-17.96441199738168,0.05,LOW
evt_000386,STARLINK-2061,STARLINK-36160,1782346200.0000043,33.299897539706265,8.686876979649075,167.833333332075,0.0,0.3,MEDIUM
evt_000387,STARLINK-2457,STARLINK-32465,1782346200.0000043,35.2343784435563,0.085886510626471,167.833333332075,0.0,0.05,LOW
evt_000710,STARLINK-2457,STARLINK-32465,1782346800.000009,34.46895698391162,0.0909152791265622,167.66666666415003,-0.7654214596446849,0.05,LOW
evt_000388,STARLINK-2501,STARLINK-5828,1782346200.0000043,32.44461896171501,9.441039406063368,167.833333332075,0.0,0.3,MEDIUM
evt_000389,STARLINK-2501,STARLINK-30871,1782346200.0000043,28.90323159388439,1.915400123188606,167.833333332075,0.0,0.3,MEDIUM
evt_000390,STARLINK-2628,STARLINK-30929,1782346200.0000043,40.9159023641034,0.196395265196883,167.833333332075,0.0,0.05,LOW
evt_002130,STARLINK-2628,STARLINK-30929,1782349199.9999866,28.726955066723526,0.2030269894850821,167.00000000370872,-12.188947297379876,0.05,LOW
evt_000392,STARLINK-2592,STARLINK-36401,1782346200.0000043,34.11812753597395,11.414066735795217,167.833333332075,0.0,0.3,MEDIUM
evt_016721,STARLINK-2592,STARLINK-36401,1782374400.0000134,28.51548254902177,11.542727045317584,159.99999999629128,-5.602644986952175,0.3,MEDIUM
evt_000394,STARLINK-2692,STARLINK-31616,1782346200.0000043,48.55178945410055,3.045448338611876,167.833333332075,0.0,0.3,MEDIUM
evt_000395,STARLINK-2692,STARLINK-34471,1782346200.0000043,31.94745846511952,3.0733438400706845,167.833333332075,0.0,0.3,MEDIUM
evt_000396,STARLINK-2582,STARLINK-11742 [DTC],1782346200.0000043,33.073561254534575,11.343250676157949,167.833333332075,0.0,0.3,MEDIUM
evt_000397,STARLINK-2685,STARLINK-32892,1782346200.0000043,23.676698810634907,2.9918133809631464,167.833333332075,0.0,0.3,MEDIUM
evt_000398,STARLINK-2675,STARLINK-35970,1782346200.0000043,41.83451516507365,5.214243619354446,167.833333332075,0.0,0.3,MEDIUM
evt_000399,STARLINK-2684,STARLINK-3128,1782346200.0000043,49.7500581240538,3.6188185626130416,167.833333332075,0.0,0.3,MEDIUM
evt_000400,STARLINK-2728,STARLINK-33786,1782346200.0000043,43.16089250185177,5.181276294398582,167.833333332075,0.0,0.3,MEDIUM
evt_000402,STARLINK-2531,STARLINK-3799,1782346200.0000043,29.73454015591684,0.4993422747506735,167.833333332075,0.0,0.05,LOW
evt_000403,STARLINK-2494,STARLINK-30835,1782346200.0000043,21.87326103761505,9.132654568059786,167.833333332075,0.0,0.3,MEDIUM
evt_000404,STARLINK-2155,STARLINK-34462,1782346200.0000043,28.785069188401597,1.342032610706865,167.833333332075,0.0,0.3,MEDIUM
evt_000406,STARLINK-2228,STARLINK-32343,1782346200.0000043,45.30000105843365,0.1319631826969191,167.833333332075,0.0,0.05,LOW
evt_002148,STARLINK-2228,STARLINK-32343,1782349199.9999866,47.71379950215389,0.1269023818839273,167.00000000370872,2.413798443720246,0.05,LOW
evt_005307,STARLINK-2228,STARLINK-32343,1782354599.9999866,40.54012263280235,0.1314498755496754,165.50000000370872,-7.173676869351539,0.05,LOW
evt_010125,STARLINK-2228,STARLINK-32343,1782363000.000009,46.85173413349961,0.132672749312192,163.16666666415003,6.311611500697261,0.05,LOW
evt_011886,STARLINK-2228,STARLINK-32343,1782365999.999991,42.69695460909952,0.1303296512035096,162.33333333584997,-4.154779524400091,0.05,LOW
evt_014961,STARLINK-2228,STARLINK-32343,1782371399.999991,42.98318396930325,0.1303603055274364,160.83333333584997,0.2862293602037269,0.05,LOW
evt_016732,STARLINK-2228,STARLINK-32343,1782374400.0000134,45.77408920880154,0.1319978613334218,159.99999999629128,2.7909052394982936,0.05,LOW
evt_018425,STARLINK-2228,STARLINK-32343,1782377399.9999957,47.45827107252516,0.1259844877945929,159.166666667925,1.684181863723616,0.05,LOW
evt_019761,STARLINK-2228,STARLINK-32343,1782379800.0000134,46.87897707636204,0.1291617616458358,158.49999999629128,-0.5792939961631163,0.05,LOW
evt_021448,STARLINK-2228,STARLINK-32343,1782382799.9999957,36.04810204802972,0.1297417115848426,157.666666667925,-10.830875028332322,0.05,LOW
evt_023137,STARLINK-2228,STARLINK-32343,1782385800.000018,47.20880330445197,0.1280600690066862,156.83333332836628,11.16070125642225,0.05,LOW
evt_024513,STARLINK-2228,STARLINK-32343,1782388199.9999957,44.5498049403906,0.1252958119370846,156.166666667925,-2.658998364061368,0.05,LOW
evt_026201,STARLINK-2228,STARLINK-32343,1782391200.000018,37.194330756774406,0.1291262369619834,155.33333332836628,-7.355474183616195,0.05,LOW
evt_027916,STARLINK-2228,STARLINK-32343,1782394200.0,33.184549257142365,0.126198933567437,154.5,-4.009781499632041,0.05,LOW
evt_029384,STARLINK-2228,STARLINK-32343,1782396600.000018,46.76725906287027,0.1219368786223121,153.83333332836628,13.582709805727902,0.05,LOW
evt_031078,STARLINK-2228,STARLINK-32343,1782399600.0,29.211041214479383,0.1257785317917848,153.0,-17.556217848390883,0.05,LOW
evt_032733,STARLINK-2228,STARLINK-32343,1782402599.999982,30.387711949407134,0.1263470213686854,152.16666667163372,1.1766707349277503,0.05,LOW
evt_034150,STARLINK-2228,STARLINK-32343,1782405000.0,47.07112249839892,0.1170892652802019,151.5,16.683410548991787,0.05,LOW
evt_034488,STARLINK-2228,STARLINK-32343,1782405600.0000043,36.72177264677759,0.1201318161773101,151.333333332075,-10.349349851621334,0.05,LOW
evt_035927,STARLINK-2228,STARLINK-32343,1782407999.999982,29.83503375696856,0.1235002468097927,150.66666667163372,-6.886738889809031,0.05,LOW
evt_037661,STARLINK-2228,STARLINK-32343,1782411000.0000043,15.447371761619353,0.124194257907882,149.833333332075,-14.387661995349204,0.3,MEDIUM
evt_039068,STARLINK-2228,STARLINK-32343,1782413399.999982,49.77176495840376,0.1124988674382686,149.16666667163372,34.32439319678441,0.05,LOW
evt_039439,STARLINK-2228,STARLINK-32343,1782413999.9999866,30.72481475349772,0.1213295326867219,149.00000000370872,-19.046950204906047,0.05,LOW
evt_040825,STARLINK-2228,STARLINK-32343,1782416400.0000043,28.482454575574963,0.1200226578455003,148.333333332075,-2.2423601779227558,0.05,LOW
evt_041199,STARLINK-2228,STARLINK-32343,1782417000.000009,46.295825619200606,0.1122642415111261,148.16666666415003,17.813371043625644,0.05,LOW
evt_042628,STARLINK-2228,STARLINK-32343,1782419399.9999866,11.575298107646857,0.1234274665962094,147.50000000370872,-34.72052751155375,0.3,MEDIUM
evt_044391,STARLINK-2228,STARLINK-32343,1782422400.000009,18.26968513707753,0.121283582306547,146.66666666415003,6.694387029430677,0.3,MEDIUM
evt_045808,STARLINK-2228,STARLINK-32343,1782424799.9999866,33.0915990402476,0.1174790666116188,146.00000000370872,14.821913903170069,0.05,LOW
evt_046135,STARLINK-2228,STARLINK-32343,1782425399.999991,39.776675505787686,0.114957759884255,145.83333333584997,6.685076465540085,0.05,LOW
evt_047512,STARLINK-2228,STARLINK-32343,1782427800.000009,12.59495194520614,0.1223368888132501,145.16666666415003,-27.181723560581545,0.3,MEDIUM
evt_049231,STARLINK-2228,STARLINK-32343,1782430799.999991,11.959242990349752,0.1225708305115375,144.33333333584997,-0.635708954856387,0.3,MEDIUM
evt_050644,STARLINK-2228,STARLINK-32343,1782433200.000009,41.045769462184815,0.1154616225871559,143.66666666415003,29.086526471835064,0.05,LOW
evt_050994,STARLINK-2228,STARLINK-32343,1782433800.0000134,36.56452968384431,0.1182110699770047,143.49999999629128,-4.481239778340502,0.05,LOW
evt_052416,STARLINK-2228,STARLINK-32343,1782436199.999991,22.55355036278982,0.1224650040486238,142.83333333584997,-14.010979321054492,0.05,LOW
evt_054253,STARLINK-2228,STARLINK-32343,1782439200.0000134,23.421091076475506,0.1250333111642786,141.99999999629128,0.8675407136856848,0.05,LOW
evt_056037,STARLINK-2228,STARLINK-32343,1782442199.9999957,33.941114560228264,0.1221962314307223,141.166666667925,10.52002348375276,0.05,LOW
evt_057519,STARLINK-2228,STARLINK-32343,1782444600.0000134,39.23812310471191,0.1242579994943986,140.49999999629128,5.297008544483646,0.05,LOW
evt_059333,STARLINK-2228,STARLINK-32343,1782447599.9999957,32.232679041376834,0.1284411410183995,139.666666667925,-7.0054440633350765,0.05,LOW
evt_061048,STARLINK-2228,STARLINK-32343,1782450600.000018,47.72641581786596,0.1294049857313042,138.83333332836628,15.49373677648913,0.05,LOW
evt_000407,STARLINK-2237,STARLINK-31684,1782346200.0000043,33.0225039729024,8.186052387922425,167.833333332075,0.0,0.3,MEDIUM
evt_000408,STARLINK-2245,STARLINK-34318,1782346200.0000043,47.73987864543254,8.425664731616363,167.833333332075,0.0,0.3,MEDIUM
evt_000410,STARLINK-2704,STARLINK-4583,1782346200.0000043,49.97602174541231,4.438391615805468,167.833333332075,0.0,0.3,MEDIUM
evt_000413,STARLINK-2763,STARLINK-31662,1782346200.0000043,40.73954281982341,11.154638846481522,167.833333332075,0.0,0.3,MEDIUM
evt_000414,STARLINK-2745,STARLINK-4490,1782346200.0000043,40.88596756651534,0.6895387194594598,167.833333332075,0.0,0.05,LOW
evt_000415,STARLINK-2648,STARLINK-32493,1782346200.0000043,41.69794071734384,5.444295505203632,167.833333332075,0.0,0.3,MEDIUM
evt_000416,STARLINK-2648,STARLINK-34782,1782346200.0000043,40.88696267313421,5.516932842241807,167.833333332075,0.0,0.3,MEDIUM
evt_000417,STARLINK-2743,STARLINK-32482,1782346200.0000043,37.45918065020608,1.9186595639947308,167.833333332075,0.0,0.3,MEDIUM
evt_000419,STARLINK-3250,STARLINK-35523,1782346200.0000043,40.901600386174266,0.0396492549026557,167.833333332075,0.0,0.05,LOW
evt_000733,STARLINK-3250,STARLINK-35523,1782346800.000009,40.23271251172436,0.0276572614930276,167.66666666415003,-0.6688878744499078,0.05,LOW
evt_000420,STARLINK-3301,STARLINK-36964,1782346200.0000043,37.99793435681232,0.0299159350336079,167.833333332075,0.0,0.05,LOW
evt_000734,STARLINK-3301,STARLINK-36964,1782346800.000009,28.599553379706688,0.0228383921682287,167.66666666415003,-9.398380977105637,0.05,LOW
evt_001073,STARLINK-3301,STARLINK-36964,1782347400.0000134,42.36779891313556,0.0431080414516255,167.49999999629128,13.768245533428871,0.05,LOW
evt_000421,STARLINK-3292,STARLINK-36993,1782346200.0000043,38.27178972899698,4.135359432135204,167.833333332075,0.0,0.3,MEDIUM
evt_000422,STARLINK-3274,STARLINK-4609,1782346200.0000043,22.36535477053602,2.629465074502176,167.833333332075,0.0,0.3,MEDIUM
evt_000423,STARLINK-3320,STARLINK-3314,1782346200.0000043,38.011195088370975,0.0399731189284549,167.833333332075,0.0,0.05,LOW
evt_000736,STARLINK-3320,STARLINK-3314,1782346800.000009,42.06362932320271,0.0262819287029378,167.66666666415003,4.052434234831736,0.05,LOW
evt_000425,STARLINK-3312,STARLINK-5051,1782346200.0000043,43.89358493384676,11.870448144861038,167.833333332075,0.0,0.3,MEDIUM
evt_000426,STARLINK-3388,STARLINK-36861,1782346200.0000043,49.08002700622804,10.210749094268945,167.833333332075,0.0,0.3,MEDIUM
evt_000427,STARLINK-3175,STARLINK-31293,1782346200.0000043,32.95370074625933,0.6577435348906053,167.833333332075,0.0,0.05,LOW
evt_000428,STARLINK-3354,STARLINK-4188,1782346200.0000043,49.24884460431748,8.957508118583455,167.833333332075,0.0,0.3,MEDIUM
evt_000430,STARLINK-3544,STARLINK-5734,1782346200.0000043,26.669926823909435,9.7586558399558,167.833333332075,0.0,0.3,MEDIUM
evt_000432,STARLINK-3587,STARLINK-32628,1782346200.0000043,49.69255863301332,1.8781864414350171,167.833333332075,0.0,0.3,MEDIUM
evt_000433,STARLINK-3595,STARLINK-6213,1782346200.0000043,35.85987519841418,3.8890226539342807,167.833333332075,0.0,0.3,MEDIUM
evt_000434,STARLINK-3677,STARLINK-32013,1782346200.0000043,48.2342697119806,0.0596880607123491,167.833333332075,0.0,0.05,LOW
evt_000750,STARLINK-3677,STARLINK-32013,1782346800.000009,33.50166177042661,0.0755385674732103,167.66666666415003,-14.732607941553988,0.05,LOW
evt_000435,STARLINK-3669,STARLINK-32009,1782346200.0000043,39.44334457937979,1.4352712038391942,167.833333332075,0.0,0.3,MEDIUM
evt_000436,STARLINK-3712,STARLINK-4490,1782346200.0000043,31.414193511880853,1.5826739975453346,167.833333332075,0.0,0.3,MEDIUM
evt_000437,STARLINK-3718,STARLINK-35266,1782346200.0000043,48.14610078565168,11.155412572873349,167.833333332075,0.0,0.3,MEDIUM
evt_000438,STARLINK-3682,STARLINK-35224,1782346200.0000043,42.44815274183452,11.137558606002704,167.833333332075,0.0,0.3,MEDIUM
evt_000439,STARLINK-3841,STARLINK-5632,1782346200.0000043,35.004008191082015,9.284003906937738,167.833333332075,0.0,0.3,MEDIUM
evt_000440,STARLINK-3793,STARLINK-5130,1782346200.0000043,23.34006312044706,2.656317496368236,167.833333332075,0.0,0.3,MEDIUM
evt_000441,STARLINK-3833,STARLINK-31061,1782346200.0000043,33.69426886833673,8.009448935811982,167.833333332075,0.0,0.3,MEDIUM
evt_000442,STARLINK-3971,STARLINK-4429,1782346200.0000043,27.764155138084945,14.441311498557134,167.833333332075,0.0,0.3,MEDIUM
evt_015363,STARLINK-3971,STARLINK-4429,1782371999.9999957,32.866813778633144,14.45877413399716,160.666666667925,5.102658640548199,0.3,MEDIUM
evt_000443,STARLINK-4171,STARLINK-35701,1782346200.0000043,37.963411584192215,3.28722276579357,167.833333332075,0.0,0.3,MEDIUM
evt_000444,STARLINK-4158,STARLINK-35432,1782346200.0000043,44.75377135844859,0.3781821616247074,167.833333332075,0.0,0.05,LOW
evt_000445,STARLINK-4558,STARLINK-35234,1782346200.0000043,48.79509308318845,11.77515637413523,167.833333332075,0.0,0.3,MEDIUM
evt_000447,STARLINK-4303,STARLINK-36863,1782346200.0000043,36.87382585587676,1.3669699567786575,167.833333332075,0.0,0.3,MEDIUM
evt_000448,STARLINK-4675,STARLINK-5088,1782346200.0000043,32.86421373436092,4.104063875327839,167.833333332075,0.0,0.3,MEDIUM
evt_000449,STARLINK-4591,STARLINK-36427,1782346200.0000043,14.509511811089345,3.817893525234895,167.833333332075,0.0,0.3,MEDIUM
evt_000450,STARLINK-4707,STARLINK-4661,1782346200.0000043,45.47298181215799,0.0370554122543645,167.833333332075,0.0,0.05,LOW
evt_000770,STARLINK-4707,STARLINK-4661,1782346800.000009,35.76753026664168,0.0205179979318191,167.66666666415003,-9.705451545516311,0.05,LOW
evt_000451,STARLINK-5051,STARLINK-32268,1782346200.0000043,42.78047386456563,0.027382481237439,167.833333332075,0.0,0.05,LOW
evt_000774,STARLINK-5051,STARLINK-32268,1782346800.000009,24.85914680250346,0.0371656157938736,167.66666666415003,-17.92132706206217,0.05,LOW
evt_001113,STARLINK-5051,STARLINK-32268,1782347400.0000134,19.641595299395263,0.044302460277595,167.49999999629128,-5.217551503108197,0.3,MEDIUM
evt_001496,STARLINK-5051,STARLINK-32268,1782348000.000018,40.77775579646026,0.0426954349912004,167.33333332836628,21.136160497065,0.05,LOW
evt_314518,STARLINK-5051,STARLINK-32268,1782817800.000018,36.79139752889602,0.0382819458854345,36.83333332836628,-3.986358267564242,0.05,LOW
evt_314990,STARLINK-5051,STARLINK-32268,1782818399.999982,17.926171140941417,0.0416698913424441,36.66666667163372,-18.865226387954603,0.3,MEDIUM
evt_315423,STARLINK-5051,STARLINK-32268,1782818999.9999866,29.70245956574895,0.0388809341232447,36.500000003708735,11.776288424807532,0.05,LOW
evt_315885,STARLINK-5051,STARLINK-32268,1782819599.999991,49.75594029599462,0.0388721289068363,36.33333333584997,20.05348073024567,0.05,LOW
evt_000452,STARLINK-5126,STARLINK-31092,1782346200.0000043,16.44164864097465,8.716747000957817,167.833333332075,0.0,0.3,MEDIUM
evt_000453,STARLINK-5172,STARLINK-33840,1782346200.0000043,29.091213958472803,3.3760174167662846,167.833333332075,0.0,0.3,MEDIUM
evt_000454,STARLINK-5199,STARLINK-35055,1782346200.0000043,26.78176647786978,5.8758162806760135,167.833333332075,0.0,0.3,MEDIUM
evt_000455,STARLINK-5249,STARLINK-35057,1782346200.0000043,30.16993677031396,5.886999894787963,167.833333332075,0.0,0.3,MEDIUM
evt_000456,STARLINK-5425,STARLINK-34020,1782346200.0000043,47.30691180492433,10.060234925452622,167.833333332075,0.0,0.3,MEDIUM
evt_000457,STARLINK-5360,STARLINK-5566,1782346200.0000043,48.09255366160897,1.277617798789249,167.833333332075,0.0,0.3,MEDIUM
evt_000458,STARLINK-5084,STARLINK-32350,1782346200.0000043,31.58951397953359,7.144645205700955,167.833333332075,0.0,0.3,MEDIUM
evt_000459,STARLINK-5359,STARLINK-36033,1782346200.0000043,33.22095643218535,1.6831167517783228,167.833333332075,0.0,0.3,MEDIUM
evt_000460,STARLINK-5661,STARLINK-36742,1782346200.0000043,48.11489521323706,4.999870572240795,167.833333332075,0.0,0.3,MEDIUM
evt_000461,STARLINK-5666,STARLINK-37612,1782346200.0000043,48.399679195022266,7.530563385264911,167.833333332075,0.0,0.3,MEDIUM
evt_000462,STARLINK-5575,STARLINK-36394,1782346200.0000043,29.016712727659407,14.23334228260458,167.833333332075,0.0,0.3,MEDIUM
evt_000463,STARLINK-5575,STARLINK-36743,1782346200.0000043,49.5783063198426,1.4843388640104267,167.833333332075,0.0,0.3,MEDIUM
evt_000464,STARLINK-5694,STARLINK-36187,1782346200.0000043,24.27440517607998,10.558504154459492,167.833333332075,0.0,0.3,MEDIUM
evt_000465,STARLINK-5710,STARLINK-36264,1782346200.0000043,41.801048106279545,14.263876419991558,167.833333332075,0.0,0.3,MEDIUM
evt_000466,STARLINK-5772,STARLINK-37117,1782346200.0000043,32.13729761039492,12.291609058190325,167.833333332075,0.0,0.3,MEDIUM
evt_000467,STARLINK-6075,STARLINK-31529,1782346200.0000043,17.466426855993706,2.5464551835210334,167.833333332075,0.0,0.3,MEDIUM
evt_000468,STARLINK-6062,STARLINK-33966,1782346200.0000043,31.02695023401803,1.9392628609864828,167.833333332075,0.0,0.3,MEDIUM
evt_000469,STARLINK-5350,STARLINK-35718,1782346200.0000043,8.190090671533213,5.426033170256092,167.833333332075,0.0,0.3,MEDIUM
evt_000470,STARLINK-6224,STARLINK-36357,1782346200.0000043,40.06352005648579,12.298528098380755,167.833333332075,0.0,0.3,MEDIUM
evt_000471,STARLINK-30133,STARLINK-30272,1782346200.0000043,32.03961224873848,7.0387074227680815,167.833333332075,0.0,0.3,MEDIUM
evt_000472,STARLINK-6207,STARLINK-31406,1782346200.0000043,47.0481899817884,8.731128055310887,167.833333332075,0.0,0.3,MEDIUM
evt_000473,STARLINK-6192,STARLINK-36115,1782346200.0000043,43.46412401928881,2.642347686437182,167.833333332075,0.0,0.3,MEDIUM
evt_000474,STARLINK-6186,STARLINK-37220,1782346200.0000043,40.74220399146148,13.45957588279654,167.833333332075,0.0,0.3,MEDIUM
evt_000475,STARLINK-5824,STARLINK-31246,1782346200.0000043,23.78759148633393,11.167275050340509,167.833333332075,0.0,0.3,MEDIUM
evt_000476,STARLINK-5828,STARLINK-30871,1782346200.0000043,43.52282720709649,7.860090009340775,167.833333332075,0.0,0.3,MEDIUM
evt_000477,STARLINK-6132,STARLINK-34606,1782346200.0000043,34.48052241243349,1.510454257589835,167.833333332075,0.0,0.3,MEDIUM
evt_000478,STARLINK-6118,STARLINK-34304,1782346200.0000043,48.12692172263643,10.487375490857351,167.833333332075,0.0,0.3,MEDIUM
evt_000479,STARLINK-6140,STARLINK-35566,1782346200.0000043,42.61166209650871,6.703770128399073,167.833333332075,0.0,0.3,MEDIUM
evt_000481,STARLINK-5347,STARLINK-32156,1782346200.0000043,45.48636430123651,8.922907443061428,167.833333332075,0.0,0.3,MEDIUM
evt_000482,STARLINK-6233,STARLINK-36896,1782346200.0000043,30.135448980753548,9.1230008247432,167.833333332075,0.0,0.3,MEDIUM
evt_000483,STARLINK-5589,STARLINK-32293,1782346200.0000043,31.757785755927703,1.366500179751505,167.833333332075,0.0,0.3,MEDIUM
evt_000484,STARLINK-6338,STARLINK-37114,1782346200.0000043,31.09042438151624,10.428991950538965,167.833333332075,0.0,0.3,MEDIUM
evt_000485,STARLINK-30160,STARLINK-36586,1782346200.0000043,34.935702313802096,8.294715373914476,167.833333332075,0.0,0.3,MEDIUM
evt_000486,STARLINK-30252,STARLINK-35313,1782346200.0000043,18.183726627134867,1.9127838462428817,167.833333332075,0.0,0.3,MEDIUM
evt_000487,STARLINK-30248,STARLINK-34692,1782346200.0000043,28.634336901588743,1.3523915104163038,167.833333332075,0.0,0.3,MEDIUM
evt_000488,STARLINK-30150,STARLINK-31077,1782346200.0000043,49.205471587669145,1.275382357880822,167.833333332075,0.0,0.3,MEDIUM
evt_108772,STARLINK-30150,STARLINK-31077,1782529800.0000043,49.809073887416005,1.2770015956888854,116.833333332075,0.6036022997468606,0.3,MEDIUM
evt_186015,STARLINK-30150,STARLINK-31077,1782645599.999982,47.68324905965283,1.2752846223994636,84.66666667163372,-2.125824827763175,0.3,MEDIUM
evt_235207,STARLINK-30150,STARLINK-31077,1782713400.0000043,46.31317117139484,1.2753337237496651,65.83333333207501,-1.3700778882579885,0.3,MEDIUM
evt_286151,STARLINK-30150,STARLINK-31077,1782781199.9999866,46.901684778525045,1.2753031836978526,47.000000003708735,0.5885136071302028,0.3,MEDIUM
evt_339260,STARLINK-30150,STARLINK-31077,1782849000.000009,49.379230808628186,1.275193114987271,28.166666664150025,2.4775460301031416,0.3,MEDIUM
evt_000489,STARLINK-30329,STARLINK-33698,1782346200.0000043,42.55492797549314,1.2629959460863878,167.833333332075,0.0,0.3,MEDIUM
evt_028016,STARLINK-30329,STARLINK-33698,1782394200.0,37.4428611703318,1.261211042120597,154.5,-5.112066805161341,0.3,MEDIUM
evt_039527,STARLINK-30329,STARLINK-33698,1782413999.9999866,39.2738169559336,1.262608973316123,149.00000000370872,1.8309557856018015,0.3,MEDIUM
evt_056146,STARLINK-30329,STARLINK-33698,1782442199.9999957,49.71315991916256,1.2618123457279655,141.166666667925,10.439342963228952,0.3,MEDIUM
evt_067880,STARLINK-30329,STARLINK-33698,1782461999.999982,21.90198063408934,1.2609485255952468,135.66666667163372,-27.811179285073216,0.3,MEDIUM
evt_079654,STARLINK-30329,STARLINK-33698,1782481800.000009,34.90570550157404,1.2619491976353925,130.16666666415003,13.0037248674847,0.3,MEDIUM
evt_096764,STARLINK-30329,STARLINK-33698,1782510000.000018,31.00360084045926,1.2618115422198612,122.33333332836628,-3.90210466111478,0.3,MEDIUM
evt_108773,STARLINK-30329,STARLINK-33698,1782529800.0000043,5.6299672296616485,1.2606775849993554,116.833333332075,-25.37363361079761,0.3,MEDIUM
evt_121375,STARLINK-30329,STARLINK-33698,1782549599.999991,40.93063841531409,1.2613687988563134,111.33333333584996,35.30067118565245,0.3,MEDIUM
evt_139519,STARLINK-30329,STARLINK-33698,1782577800.0,24.40474391020288,1.2621534841954352,103.5,-16.525894505111214,0.3,MEDIUM
evt_152772,STARLINK-30329,STARLINK-33698,1782597599.9999866,34.45963287276286,1.2608929030327325,98.00000000370872,10.054888962559982,0.3,MEDIUM
evt_000491,STARLINK-30327,STARLINK-34516,1782346200.0000043,47.20229462385499,1.3635444774986851,167.833333332075,0.0,0.3,MEDIUM
evt_000492,STARLINK-30341,STARLINK-34435,1782346200.0000043,45.53168231965585,3.956520846694549,167.833333332075,0.0,0.3,MEDIUM
evt_000493,STARLINK-30300,STARLINK-34601,1782346200.0000043,43.17298039069936,1.733561848762338,167.833333332075,0.0,0.3,MEDIUM
evt_000494,STARLINK-30310,STARLINK-34207,1782346200.0000043,43.49051562731847,5.053800712104432,167.833333332075,0.0,0.3,MEDIUM
evt_000495,STARLINK-30366,STARLINK-32372,1782346200.0000043,22.0470692727225,0.3082645609107799,167.833333332075,0.0,0.05,LOW
evt_000496,STARLINK-30394,STARLINK-34883,1782346200.0000043,34.21425758573891,9.06810414706996,167.833333332075,0.0,0.3,MEDIUM
evt_000497,STARLINK-30422,STARLINK-32040,1782346200.0000043,20.628451978629613,8.068875277975275,167.833333332075,0.0,0.3,MEDIUM
evt_000499,STARLINK-30447,STARLINK-34221,1782346200.0000043,46.65698565024779,6.208162085509083,167.833333332075,0.0,0.3,MEDIUM
evt_000500,STARLINK-30473,STARLINK-36950,1782346200.0000043,39.98906304332922,7.657742509636155,167.833333332075,0.0,0.3,MEDIUM
evt_000501,STARLINK-30716,STARLINK-35164,1782346200.0000043,42.53982443471304,10.29302463516056,167.833333332075,0.0,0.3,MEDIUM
evt_000502,STARLINK-30538,STARLINK-36299,1782346200.0000043,32.504395555806624,11.296933271331916,167.833333332075,0.0,0.3,MEDIUM
evt_000503,STARLINK-30531,STARLINK-31751,1782346200.0000043,44.669092816403,5.008997124312158,167.833333332075,0.0,0.3,MEDIUM
evt_286178,STARLINK-30531,STARLINK-31751,1782781199.9999866,49.8049213352788,5.009036216820824,47.000000003708735,5.1358285188757975,0.3,MEDIUM
evt_000504,STARLINK-30602,STARLINK-31255,1782346200.0000043,45.03748470192668,1.820771958808962,167.833333332075,0.0,0.3,MEDIUM
evt_000505,STARLINK-30608,STARLINK-32023,1782346200.0000043,22.09649140095101,1.636243411796417,167.833333332075,0.0,0.3,MEDIUM
evt_000509,STARLINK-30595,STARLINK-35494,1782346200.0000043,48.68405437802365,0.0873800350215987,167.833333332075,0.0,0.05,LOW
evt_000510,STARLINK-30783,STARLINK-35801,1782346200.0000043,42.76379659332154,11.297296198116229,167.833333332075,0.0,0.3,MEDIUM
evt_000512,STARLINK-30779,STARLINK-35681,1782346200.0000043,36.378432032218456,0.2479439140149883,167.833333332075,0.0,0.05,LOW
evt_000513,STARLINK-30861,STARLINK-34763,1782346200.0000043,34.61743604601178,2.9435142116560424,167.833333332075,0.0,0.3,MEDIUM
evt_000514,STARLINK-30867,STARLINK-32655,1782346200.0000043,43.98918855540494,1.2645809810719228,167.833333332075,0.0,0.3,MEDIUM
evt_012002,STARLINK-30867,STARLINK-32655,1782365999.999991,49.27494085098292,1.2657062023351704,162.33333333584997,5.2857522955779785,0.3,MEDIUM
evt_039555,STARLINK-30867,STARLINK-32655,1782413999.9999866,38.99248142577422,1.2645891895742425,149.00000000370872,-10.282459425208692,0.3,MEDIUM
evt_000515,STARLINK-30843,STARLINK-31236,1782346200.0000043,31.578862484295257,2.931692862559904,167.833333332075,0.0,0.3,MEDIUM
evt_000516,STARLINK-30885,STARLINK-35104,1782346200.0000043,40.36899200900845,5.970036457035685,167.833333332075,0.0,0.3,MEDIUM
evt_000517,STARLINK-30898,STARLINK-34057,1782346200.0000043,30.95327964132579,6.211978640401113,167.833333332075,0.0,0.3,MEDIUM
evt_000518,STARLINK-30954,STARLINK-32029,1782346200.0000043,21.06566858481649,1.937239494967349,167.833333332075,0.0,0.3,MEDIUM
evt_000519,STARLINK-30931,STARLINK-35079,1782346200.0000043,45.1055035064256,1.8908439397513208,167.833333332075,0.0,0.3,MEDIUM
evt_000520,STARLINK-30900,STARLINK-37609,1782346200.0000043,22.59183060436009,13.531060600952213,167.833333332075,0.0,0.3,MEDIUM
evt_000521,STARLINK-30979,STARLINK-36877,1782346200.0000043,48.25295757417933,9.926323154840508,167.833333332075,0.0,0.3,MEDIUM
evt_000522,STARLINK-31019,STARLINK-37540,1782346200.0000043,48.291570198742335,11.09761871174332,167.833333332075,0.0,0.3,MEDIUM
evt_000523,STARLINK-31048,STARLINK-32295,1782346200.0000043,21.426064543969108,1.7711447565009009,167.833333332075,0.0,0.3,MEDIUM
evt_000524,STARLINK-31056,STARLINK-36256,1782346200.0000043,44.33125172341101,1.355158143876226,167.833333332075,0.0,0.3,MEDIUM
evt_000525,STARLINK-31080,STARLINK-35364,1782346200.0000043,30.890556786900568,2.8564124325258087,167.833333332075,0.0,0.3,MEDIUM
evt_000527,STARLINK-31377,STARLINK-31712,1782346200.0000043,31.485069477000547,6.316042451108665,167.833333332075,0.0,0.3,MEDIUM
evt_000528,STARLINK-31368,STARLINK-31982,1782346200.0000043,34.24955541944076,11.37566902691525,167.833333332075,0.0,0.3,MEDIUM
evt_000529,STARLINK-31220,STARLINK-34494,1782346200.0000043,44.22538182791659,5.417990769700715,167.833333332075,0.0,0.3,MEDIUM
evt_000530,STARLINK-31576,STARLINK-31417,1782346200.0000043,33.06525540031668,0.2286084439123723,167.833333332075,0.0,0.05,LOW
evt_000531,STARLINK-31285,STARLINK-36675,1782346200.0000043,41.22127594385884,8.640843068188872,167.833333332075,0.0,0.3,MEDIUM
evt_000532,STARLINK-31648,STARLINK-32556,1782346200.0000043,8.445214392499794,4.998360979714779,167.833333332075,0.0,0.3,MEDIUM
evt_000533,STARLINK-31634,STARLINK-37056,1782346200.0000043,43.04927348557299,10.992939072076524,167.833333332075,0.0,0.3,MEDIUM
evt_000534,STARLINK-31633,STARLINK-34433,1782346200.0000043,38.49686869250779,1.6237091360493432,167.833333332075,0.0,0.3,MEDIUM
evt_000535,STARLINK-31641,STARLINK-36537,1782346200.0000043,41.43327244934233,4.9739222144443245,167.833333332075,0.0,0.3,MEDIUM
evt_000536,STARLINK-31647,STARLINK-37328,1782346200.0000043,39.347274198056496,0.237454915718031,167.833333332075,0.0,0.05,LOW
evt_002297,STARLINK-31647,STARLINK-37328,1782349199.9999866,32.85025307220965,0.2339902089309748,167.00000000370872,-6.4970211258468495,0.05,LOW
evt_005463,STARLINK-31647,STARLINK-37328,1782354599.9999866,28.66734394594517,0.2325212995803272,165.50000000370872,-4.182909126264477,0.05,LOW
evt_007155,STARLINK-31647,STARLINK-37328,1782357600.000009,24.29348637675121,0.235295429691918,164.66666666415003,-4.373857569193959,0.05,LOW
evt_000537,STARLINK-31626,STARLINK-36564,1782346200.0000043,39.22740770317703,8.451457327144201,167.833333332075,0.0,0.3,MEDIUM
evt_000538,STARLINK-31711,STARLINK-31748,1782346200.0000043,42.63297441230306,1.4571535446900352,167.833333332075,0.0,0.3,MEDIUM
evt_000539,STARLINK-31581,STARLINK-36876,1782346200.0000043,40.72120803759809,7.780819917020036,167.833333332075,0.0,0.3,MEDIUM
evt_000540,STARLINK-31566,STARLINK-34545,1782346200.0000043,41.82208689965248,8.398952455456255,167.833333332075,0.0,0.3,MEDIUM
evt_000541,STARLINK-31564,STARLINK-35462,1782346200.0000043,15.173536661677566,7.638681404636038,167.833333332075,0.0,0.3,MEDIUM
evt_000542,STARLINK-31619,STARLINK-32791,1782346200.0000043,41.14690514430221,7.85369838686776,167.833333332075,0.0,0.3,MEDIUM
evt_000543,STARLINK-31737,STARLINK-35709,1782346200.0000043,15.784635598507732,1.46542751887785,167.833333332075,0.0,0.3,MEDIUM
evt_000546,STARLINK-31891,STARLINK-35740,1782346200.0000043,26.12725468281609,5.950909879971433,167.833333332075,0.0,0.3,MEDIUM
evt_000547,STARLINK-31974,STARLINK-34151,1782346200.0000043,7.799485239018941,1.6250224583223989,167.833333332075,0.0,0.3,MEDIUM
evt_000548,STARLINK-31948,STARLINK-36838,1782346200.0000043,35.15134843206705,2.2072839815319263,167.833333332075,0.0,0.3,MEDIUM
evt_000549,STARLINK-31973,STARLINK-33949,1782346200.0000043,47.09339508318088,11.203811667062352,167.833333332075,0.0,0.3,MEDIUM
evt_000550,STARLINK-31989,STARLINK-34594,1782346200.0000043,35.31726540389722,3.976640671560009,167.833333332075,0.0,0.3,MEDIUM
evt_000551,STARLINK-31990,STARLINK-36214,1782346200.0000043,35.39618174983508,1.9166063185593796,167.833333332075,0.0,0.3,MEDIUM
evt_000552,STARLINK-31999,STARLINK-33822,1782346200.0000043,43.76564959177932,10.670352845257163,167.833333332075,0.0,0.3,MEDIUM
evt_000553,STARLINK-31846,STARLINK-35311,1782346200.0000043,45.6433747356564,7.556849197508954,167.833333332075,0.0,0.3,MEDIUM
evt_000554,STARLINK-32043,STARLINK-34614,1782346200.0000043,40.42571716182367,2.6233638440300497,167.833333332075,0.0,0.3,MEDIUM
evt_000555,STARLINK-32112,STARLINK-32818,1782346200.0000043,28.692041726624115,6.215956153022352,167.833333332075,0.0,0.3,MEDIUM
evt_000556,STARLINK-31694,STARLINK-35811,1782346200.0000043,39.8711289518878,1.698255824581551,167.833333332075,0.0,0.3,MEDIUM
evt_000557,STARLINK-32033,STARLINK-35482,1782346200.0000043,36.61850209274359,10.843389590324968,167.833333332075,0.0,0.3,MEDIUM
evt_000558,STARLINK-32148,STARLINK-35072,1782346200.0000043,35.03067245866463,11.59291562684671,167.833333332075,0.0,0.3,MEDIUM
evt_000559,STARLINK-32128,STARLINK-36848,1782346200.0000043,30.88027090698364,3.304640770382953,167.833333332075,0.0,0.3,MEDIUM
evt_000560,STARLINK-32152,STARLINK-33959,1782346200.0000043,22.4592820682773,1.812460472788136,167.833333332075,0.0,0.3,MEDIUM
evt_000562,STARLINK-32285,STARLINK-34032,1782346200.0000043,42.61374177668714,2.472500362584514,167.833333332075,0.0,0.3,MEDIUM
evt_000563,STARLINK-32223,STARLINK-37270,1782346200.0000043,23.992885814982174,8.13120246359501,167.833333332075,0.0,0.3,MEDIUM
evt_000564,STARLINK-32277,STARLINK-37086,1782346200.0000043,49.39183390110123,2.1507720643049586,167.833333332075,0.0,0.3,MEDIUM
evt_000565,STARLINK-32255,STARLINK-33908,1782346200.0000043,45.967076093316,2.297334865989649,167.833333332075,0.0,0.3,MEDIUM
evt_000566,STARLINK-32367,STARLINK-37799,1782346200.0000043,23.827732796738893,8.646021741983287,167.833333332075,0.0,0.3,MEDIUM
evt_000567,STARLINK-32139,STARLINK-32868,1782346200.0000043,24.96875060442273,1.5332073530912336,167.833333332075,0.0,0.3,MEDIUM
evt_000568,STARLINK-32389,STARLINK-33785,1782346200.0000043,12.439105624498527,10.870735614435276,167.833333332075,0.0,0.3,MEDIUM
evt_000569,STARLINK-32320,STARLINK-35107,1782346200.0000043,47.88151833722237,11.06258925317609,167.833333332075,0.0,0.3,MEDIUM
evt_000570,STARLINK-32443,STARLINK-36897,1782346200.0000043,42.81728224111046,1.5333450454741209,167.833333332075,0.0,0.3,MEDIUM
evt_000571,STARLINK-32309,STARLINK-37292,1782346200.0000043,40.499125168516514,11.746225207401752,167.833333332075,0.0,0.3,MEDIUM
evt_000572,STARLINK-32475,STARLINK-33608,1782346200.0000043,47.2464387355162,8.841031175008165,167.833333332075,0.0,0.3,MEDIUM
evt_000573,STARLINK-32410,STARLINK-36904,1782346200.0000043,33.598151608888244,14.599113516053915,167.833333332075,0.0,0.3,MEDIUM
evt_386624,STARLINK-32410,STARLINK-36904,1782909600.000018,46.47664073086522,13.325360784946444,11.33333332836628,12.878489121976976,0.3,MEDIUM
evt_000574,STARLINK-32544,STARLINK-35817,1782346200.0000043,37.55072082684945,5.675034697258546,167.833333332075,0.0,0.3,MEDIUM
evt_000575,STARLINK-32520,STARLINK-36320,1782346200.0000043,36.823118219363145,0.9039124581275032,167.833333332075,0.0,0.05,LOW
evt_000576,STARLINK-32334,STARLINK-34259,1782346200.0000043,48.22354379405802,0.0421028036532897,167.833333332075,0.0,0.05,LOW
evt_000900,STARLINK-32334,STARLINK-34259,1782346800.000009,22.489193747777797,0.0664493091747487,167.66666666415003,-25.734350046280223,0.05,LOW
evt_001275,STARLINK-32334,STARLINK-34259,1782347400.0000134,37.95433148200287,0.0664636401248587,167.49999999629128,15.465137734225078,0.05,LOW
evt_000577,STARLINK-32493,STARLINK-34782,1782346200.0000043,25.30223732509516,0.0810785911157373,167.833333332075,0.0,0.05,LOW
evt_000901,STARLINK-32493,STARLINK-34782,1782346800.000009,35.14362896886396,0.0806075312832937,167.66666666415003,9.841391643768798,0.05,LOW
evt_000578,STARLINK-32510,STARLINK-32710,1782346200.0000043,47.8987593948659,1.2435911777673876,167.833333332075,0.0,0.3,MEDIUM
evt_028129,STARLINK-32510,STARLINK-32710,1782394200.0,42.62354902365239,1.2445943891139823,154.5,-5.275210371213511,0.3,MEDIUM
evt_056261,STARLINK-32510,STARLINK-32710,1782442199.9999957,49.50238655568789,1.2435386948598044,141.166666667925,6.878837532035504,0.3,MEDIUM
evt_067975,STARLINK-32510,STARLINK-32710,1782461999.999982,45.67758054742938,1.244619597183779,135.66666667163372,-3.8248060082585127,0.3,MEDIUM
evt_096884,STARLINK-32510,STARLINK-32710,1782510000.000018,47.3996130745852,1.2439030334802823,122.33333332836628,1.7220325271558252,0.3,MEDIUM
evt_000579,STARLINK-32535,STARLINK-32858,1782346200.0000043,40.06376294914065,11.04673322411758,167.833333332075,0.0,0.3,MEDIUM
evt_000580,STARLINK-32570,STARLINK-35280,1782346200.0000043,21.96753050901849,6.990057819550461,167.833333332075,0.0,0.3,MEDIUM
evt_000581,STARLINK-32623,STARLINK-35606,1782346200.0000043,21.0293375216813,1.525473418011141,167.833333332075,0.0,0.3,MEDIUM
evt_000582,STARLINK-32652,STARLINK-33739,1782346200.0000043,25.203297941396293,1.442658314003774,167.833333332075,0.0,0.3,MEDIUM
evt_000583,STARLINK-32631,STARLINK-36840,1782346200.0000043,43.18403007702111,0.2162364193645337,167.833333332075,0.0,0.05,LOW
evt_002335,STARLINK-32631,STARLINK-36840,1782349199.9999866,34.767248918463615,0.224174950222538,167.00000000370872,-8.416781158557491,0.05,LOW
evt_000584,STARLINK-32632,STARLINK-34537,1782346200.0000043,44.15437435668747,0.0547109739518755,167.833333332075,0.0,0.05,LOW
evt_000906,STARLINK-32632,STARLINK-34537,1782346800.000009,37.06076100144386,0.0532212973434254,167.66666666415003,-7.093613355243612,0.05,LOW
evt_001282,STARLINK-32632,STARLINK-34537,1782347400.0000134,39.44762117415644,0.0429459833166139,167.49999999629128,2.3868601727125807,0.05,LOW
evt_001645,STARLINK-32632,STARLINK-34537,1782348000.000018,41.73037744406405,0.0308833074693379,167.33333332836628,2.2827562699076083,0.05,LOW
evt_001981,STARLINK-32632,STARLINK-34537,1782348599.999982,35.100160524734754,0.0320197501778832,167.16666667163372,-6.630216919329293,0.05,LOW
evt_002337,STARLINK-32632,STARLINK-34537,1782349199.9999866,21.49613914055129,0.0390003198506152,167.00000000370872,-13.604021384183463,0.05,LOW
evt_002684,STARLINK-32632,STARLINK-34537,1782349799.999991,18.168794564353497,0.0363843747620494,166.83333333584997,-3.327344576197792,0.3,MEDIUM
evt_003061,STARLINK-32632,STARLINK-34537,1782350399.9999957,28.561078392649527,0.0213912346672808,166.666666667925,10.39228382829603,0.05,LOW
evt_003434,STARLINK-32632,STARLINK-34537,1782351000.0,31.7827577687572,0.0072521669674715,166.5,3.221679376107673,0.05,LOW
evt_003743,STARLINK-32632,STARLINK-34537,1782351600.0000043,22.672569273531423,0.0246089022402665,166.333333332075,-9.110188495225774,0.05,LOW
evt_004083,STARLINK-32632,STARLINK-34537,1782352200.000009,7.171809452018955,0.0348884873583438,166.16666666415003,-15.500759821512473,0.3,MEDIUM
evt_004450,STARLINK-32632,STARLINK-34537,1782352800.0000134,18.880348310043665,0.0313464597373971,165.99999999629128,11.70853885802471,0.3,MEDIUM
evt_004785,STARLINK-32632,STARLINK-34537,1782353400.000018,32.40654581494155,0.0192004156628817,165.83333332836628,13.526197504897889,0.05,LOW
evt_005134,STARLINK-32632,STARLINK-34537,1782353999.999982,34.89857624167874,0.0224862997182339,165.66666667163372,2.492030426737188,0.05,LOW
evt_005501,STARLINK-32632,STARLINK-34537,1782354599.9999866,28.50858165776814,0.0380862946455146,165.50000000370872,-6.3899945839106,0.05,LOW
evt_005848,STARLINK-32632,STARLINK-34537,1782355199.999991,27.04233035501887,0.0457335807013857,165.33333333584997,-1.4662513027492707,0.05,LOW
evt_006178,STARLINK-32632,STARLINK-34537,1782355799.9999957,37.87742954728072,0.0431555534280311,165.166666667925,10.83509919226185,0.05,LOW
evt_006499,STARLINK-32632,STARLINK-34537,1782356400.0,47.32085136419878,0.0401226891953626,165.0,9.44342181691806,0.05,LOW
evt_006874,STARLINK-32632,STARLINK-34537,1782357000.0000043,48.66083498082305,0.0478627035147638,164.833333332075,1.3399836166242665,0.05,LOW
evt_007200,STARLINK-32632,STARLINK-34537,1782357600.000009,46.338701724344645,0.0591592350373675,164.66666666415003,-2.322133256478402,0.05,LOW
evt_000585,STARLINK-32678,STARLINK-35583,1782346200.0000043,41.28348560979188,10.21787406091584,167.833333332075,0.0,0.3,MEDIUM
evt_000586,STARLINK-32711,STARLINK-36354,1782346200.0000043,35.56336690765491,14.676935273015816,167.833333332075,0.0,0.3,MEDIUM
evt_000587,STARLINK-32693,STARLINK-34699,1782346200.0000043,43.25973620748123,1.3053778409179206,167.833333332075,0.0,0.3,MEDIUM
evt_000588,STARLINK-32744,STARLINK-36944,1782346200.0000043,29.13600573722564,10.729240716586087,167.833333332075,0.0,0.3,MEDIUM
evt_000589,STARLINK-32764,STARLINK-33730,1782346200.0000043,47.595875486069296,4.804905952944012,167.833333332075,0.0,0.3,MEDIUM
evt_000590,STARLINK-32761,STARLINK-34901,1782346200.0000043,34.16263051662448,8.818574029893472,167.833333332075,0.0,0.3,MEDIUM
evt_000592,STARLINK-32843,STARLINK-34868,1782346200.0000043,49.80893261508801,0.4005541059332039,167.833333332075,0.0,0.05,LOW
evt_000593,STARLINK-32704,STARLINK-34517,1782346200.0000043,22.081618839045948,2.9822998006286743,167.833333332075,0.0,0.3,MEDIUM
evt_000594,STARLINK-32841,STARLINK-33712,1782346200.0000043,22.935357764710265,11.358999610944826,167.833333332075,0.0,0.3,MEDIUM
evt_000595,STARLINK-32879,STARLINK-33623,1782346200.0000043,39.68988724432072,11.289717000530183,167.833333332075,0.0,0.3,MEDIUM
evt_000596,STARLINK-32716,STARLINK-35871,1782346200.0000043,46.03897665122783,2.1968903091323875,167.833333332075,0.0,0.3,MEDIUM
evt_000597,STARLINK-11633 [DTC],STARLINK-37800,1782346200.0000043,19.85423758605292,9.39531294173709,167.833333332075,0.0,0.3,MEDIUM
evt_000598,STARLINK-33693,STARLINK-36524,1782346200.0000043,30.68874986537843,7.880025855635618,167.833333332075,0.0,0.3,MEDIUM
evt_000599,STARLINK-33743,STARLINK-36446,1782346200.0000043,44.90612879266568,1.509120873903957,167.833333332075,0.0,0.3,MEDIUM
evt_000600,STARLINK-33784,STARLINK-35679,1782346200.0000043,35.8175322177407,7.208531696718249,167.833333332075,0.0,0.3,MEDIUM
evt_000601,STARLINK-33791,STARLINK-33913,1782346200.0000043,34.04260851840561,5.868546449615649,167.833333332075,0.0,0.3,MEDIUM
evt_000602,STARLINK-33856,STARLINK-34255,1782346200.0000043,42.50327848711813,2.776999750024084,167.833333332075,0.0,0.3,MEDIUM
evt_000603,STARLINK-33729,STARLINK-37095,1782346200.0000043,25.905165345945388,3.3543933620738517,167.833333332075,0.0,0.3,MEDIUM
evt_000604,STARLINK-33939,STARLINK-35145,1782346200.0000043,15.048180501957,10.887617011763613,167.833333332075,0.0,0.3,MEDIUM
evt_000605,STARLINK-33981,STARLINK-35253,1782346200.0000043,40.63108297848913,10.13862751755276,167.833333332075,0.0,0.3,MEDIUM
evt_000606,STARLINK-34138,STARLINK-36388,1782346200.0000043,48.50771547814431,14.210611917886895,167.833333332075,0.0,0.3,MEDIUM
evt_000607,STARLINK-34078,STARLINK-34873,1782346200.0000043,32.40450439393747,4.399877850958729,167.833333332075,0.0,0.3,MEDIUM
evt_000608,STARLINK-34161,STARLINK-34276,1782346200.0000043,41.78802445027026,10.464089978780445,167.833333332075,0.0,0.3,MEDIUM
evt_000609,STARLINK-34062,STARLINK-35163,1782346200.0000043,46.64589423454719,2.448483233771755,167.833333332075,0.0,0.3,MEDIUM
evt_000610,STARLINK-34173,STARLINK-36145,1782346200.0000043,26.339554729129457,11.34425175902468,167.833333332075,0.0,0.3,MEDIUM
evt_000611,STARLINK-34330,STARLINK-36451,1782346200.0000043,44.54680300967716,7.375672743823686,167.833333332075,0.0,0.3,MEDIUM
evt_000613,STARLINK-34509,STARLINK-34462,1782346200.0000043,40.67161654275817,0.3816493092067617,167.833333332075,0.0,0.05,LOW
evt_005533,STARLINK-34509,STARLINK-34462,1782354599.9999866,39.16259227940884,0.3810921261460746,165.50000000370872,-1.5090242633493318,0.05,LOW
evt_000615,STARLINK-34287,STARLINK-37548,1782346200.0000043,31.230193173631317,7.656580604304945,167.833333332075,0.0,0.3,MEDIUM
evt_000616,STARLINK-34576,STARLINK-34703,1782346200.0000043,31.227004227283807,3.58841392114652,167.833333332075,0.0,0.3,MEDIUM
evt_000618,STARLINK-34599,STARLINK-36380,1782346200.0000043,44.47584183330975,0.3664630206522186,167.833333332075,0.0,0.05,LOW
evt_000619,STARLINK-34643,STARLINK-37527,1782346200.0000043,49.88268243875185,14.6428459544137,167.833333332075,0.0,0.3,MEDIUM
evt_000621,STARLINK-34267,STARLINK-35274,1782346200.0000043,23.679711343715468,11.38484842497362,167.833333332075,0.0,0.3,MEDIUM
evt_000622,STARLINK-34247,STARLINK-36130,1782346200.0000043,35.10675024652195,2.86253099866893,167.833333332075,0.0,0.3,MEDIUM
evt_000623,STARLINK-34769,STARLINK-36615,1782346200.0000043,45.128143589518594,1.727819973545036,167.833333332075,0.0,0.3,MEDIUM
evt_000624,STARLINK-34911,STARLINK-35681,1782346200.0000043,24.457461275603407,1.0708083937906052,167.833333332075,0.0,0.3,MEDIUM
evt_000625,STARLINK-34602,STARLINK-36780,1782346200.0000043,38.80374913284256,0.1953083937270194,167.833333332075,0.0,0.05,LOW
evt_002374,STARLINK-34602,STARLINK-36780,1782349199.9999866,33.518148772217124,0.2023219508526532,167.00000000370872,-5.285600360625431,0.05,LOW
evt_000627,STARLINK-34716,STARLINK-34913,1782346200.0000043,23.549479973810087,0.0765531314512861,167.833333332075,0.0,0.05,LOW
evt_000955,STARLINK-34716,STARLINK-34913,1782346800.000009,43.54888635853689,0.0742288434109454,167.66666666415003,19.999406384726804,0.05,LOW
evt_000629,STARLINK-35024,STARLINK-36490,1782346200.0000043,27.698961605963703,1.9461905049455723,167.833333332075,0.0,0.3,MEDIUM
evt_000630,STARLINK-34992,STARLINK-35169,1782346200.0000043,31.12631719031829,2.73209945446248,167.833333332075,0.0,0.3,MEDIUM
evt_000631,STARLINK-34855,STARLINK-35850,1782346200.0000043,34.070975777693015,0.0596792309766906,167.833333332075,0.0,0.05,LOW
evt_000958,STARLINK-34855,STARLINK-35850,1782346800.000009,28.68521301813182,0.0580754710659067,167.66666666415003,-5.385762759561196,0.05,LOW
evt_001340,STARLINK-34855,STARLINK-35850,1782347400.0000134,44.68486336294476,0.0378722487768234,167.49999999629128,15.999650344812942,0.05,LOW
evt_002038,STARLINK-34855,STARLINK-35850,1782348599.999982,37.75225537172384,0.0382897245651827,167.16666667163372,-6.93260799122092,0.05,LOW
evt_002378,STARLINK-34855,STARLINK-35850,1782349199.9999866,11.640797320960868,0.0535249491342364,167.00000000370872,-26.111458050762973,0.3,MEDIUM
evt_002733,STARLINK-34855,STARLINK-35850,1782349799.999991,23.758671630410404,0.0471541906666728,166.83333333584997,12.117874309449537,0.05,LOW
evt_003111,STARLINK-34855,STARLINK-35850,1782350399.9999957,44.577825112661046,0.0211235889545138,166.666666667925,20.81915348225064,0.05,LOW
evt_003477,STARLINK-34855,STARLINK-35850,1782351000.0,47.03813970804481,0.0161723988341995,166.5,2.460314595383764,0.05,LOW
evt_003787,STARLINK-34855,STARLINK-35850,1782351600.0000043,30.93480411071117,0.0449236881601479,166.333333332075,-16.103335597333643,0.05,LOW
evt_004133,STARLINK-34855,STARLINK-35850,1782352200.000009,16.52546741235552,0.0562510429485663,166.16666666415003,-14.409336698355643,0.3,MEDIUM
evt_004489,STARLINK-34855,STARLINK-35850,1782352800.0000134,37.32498359025358,0.0466362613422367,165.99999999629128,20.79951617789806,0.05,LOW
evt_005547,STARLINK-34855,STARLINK-35850,1782354599.9999866,39.09624457225508,0.0611532000872828,165.50000000370872,1.7712609820015004,0.05,LOW
evt_005892,STARLINK-34855,STARLINK-35850,1782355199.999991,39.42047303482966,0.0669583905822909,165.33333333584997,0.324228462574581,0.05,LOW
evt_000632,STARLINK-35040,STARLINK-35143,1782346200.0000043,48.45234997354133,0.0840866207146289,167.833333332075,0.0,0.05,LOW
evt_002039,STARLINK-35040,STARLINK-35143,1782348599.999982,14.32100385318107,0.0759579225215224,167.16666667163372,-34.13134612036026,0.3,MEDIUM
evt_002379,STARLINK-35040,STARLINK-35143,1782349199.9999866,37.3828986531541,0.0639425998243482,167.00000000370872,23.061894799973032,0.05,LOW
evt_003479,STARLINK-35040,STARLINK-35143,1782351000.0,44.1043570301552,0.068982690404186,166.5,6.721458377001099,0.05,LOW
evt_003788,STARLINK-35040,STARLINK-35143,1782351600.0000043,32.275432637580394,0.0826476833946686,166.333333332075,-11.828924392574804,0.05,LOW
evt_000633,STARLINK-35042,STARLINK-35917,1782346200.0000043,46.97232322123633,1.915590248301484,167.833333332075,0.0,0.3,MEDIUM
evt_000634,STARLINK-35128,STARLINK-37190,1782346200.0000043,48.54994009971462,14.380367531073636,167.833333332075,0.0,0.3,MEDIUM
evt_000635,STARLINK-34877,STARLINK-37754,1782346200.0000043,48.418464800394055,0.3091330148862918,167.833333332075,0.0,0.05,LOW
evt_000636,STARLINK-35200,STARLINK-37371,1782346200.0000043,30.97584828528792,3.293587821243896,167.833333332075,0.0,0.3,MEDIUM
evt_000637,STARLINK-35278,STARLINK-36321,1782346200.0000043,29.5442439318956,3.916783542361322,167.833333332075,0.0,0.3,MEDIUM
evt_000638,STARLINK-35484,STARLINK-35436,1782346200.0000043,48.73346802264254,0.0667666048340846,167.833333332075,0.0,0.05,LOW
evt_000969,STARLINK-35484,STARLINK-35436,1782346800.000009,39.277623028959184,0.0862453852103357,167.66666666415003,-9.455844993683357,0.05,LOW
evt_000639,STARLINK-35430,STARLINK-35643,1782346200.0000043,28.662127115117,7.741403119100984,167.833333332075,0.0,0.3,MEDIUM
evt_000640,STARLINK-35131,STARLINK-35828,1782346200.0000043,20.159276516141805,1.4095795334442935,167.833333332075,0.0,0.3,MEDIUM
evt_000641,STARLINK-35461,STARLINK-37175,1782346200.0000043,15.9997920021017,5.791862089749365,167.833333332075,0.0,0.3,MEDIUM
evt_000642,STARLINK-35570,STARLINK-36528,1782346200.0000043,49.22676200955702,1.4864107884234772,167.833333332075,0.0,0.3,MEDIUM
evt_000643,STARLINK-35586,STARLINK-35934,1782346200.0000043,22.586344607534546,14.0040613105419,167.833333332075,0.0,0.3,MEDIUM
evt_000644,STARLINK-35342,STARLINK-35374,1782346200.0000043,44.21211312529547,0.0590017280916641,167.833333332075,0.0,0.05,LOW
evt_000974,STARLINK-35342,STARLINK-35374,1782346800.000009,10.735588477267823,0.076569288714739,167.66666666415003,-33.47652464802764,0.3,MEDIUM
evt_001353,STARLINK-35342,STARLINK-35374,1782347400.0000134,44.64896174461591,0.0628624827693596,167.49999999629128,33.913373267348085,0.05,LOW
evt_002744,STARLINK-35342,STARLINK-35374,1782349799.999991,47.76643994621301,0.0903863908357938,166.83333333584997,3.117478201597102,0.05,LOW
evt_000645,STARLINK-35197,STARLINK-37491,1782346200.0000043,44.11947257947363,0.8622639769754683,167.833333332075,0.0,0.05,LOW
evt_000647,STARLINK-35616,STARLINK-35420,1782346200.0000043,43.820883061772165,0.0598391437863181,167.833333332075,0.0,0.05,LOW
evt_000978,STARLINK-35616,STARLINK-35420,1782346800.000009,5.728260996853296,0.07607021149648,167.66666666415003,-38.09262206491887,0.3,MEDIUM
evt_001355,STARLINK-35616,STARLINK-35420,1782347400.0000134,41.74266088753438,0.0601327548692619,167.49999999629128,36.014399890681084,0.05,LOW
evt_002390,STARLINK-35616,STARLINK-35420,1782349199.9999866,33.84455907754551,0.068685230527264,167.00000000370872,-7.898101809988866,0.05,LOW
evt_002749,STARLINK-35616,STARLINK-35420,1782349799.999991,21.83168551505602,0.0769661736861968,166.83333333584997,-12.012873562489492,0.05,LOW
evt_004153,STARLINK-35616,STARLINK-35420,1782352200.000009,42.26012429507459,0.0837972421505036,166.16666666415003,20.42843878001857,0.05,LOW
evt_004511,STARLINK-35616,STARLINK-35420,1782352800.0000134,48.83629836602959,0.0838785853463052,165.99999999629128,6.576174070954998,0.05,LOW
evt_000648,STARLINK-35694,STARLINK-36562,1782346200.0000043,37.20057091046255,14.523710649688471,167.833333332075,0.0,0.3,MEDIUM
evt_000649,STARLINK-35665,STARLINK-36667,1782346200.0000043,2.704274282979964,4.7942252178640015,167.833333332075,0.0,0.8,HIGH
evt_300262,STARLINK-35665,STARLINK-36667,1782799200.0,38.85197445131413,4.785532603370294,42.0,36.14770016833416,0.3,MEDIUM
evt_335761,STARLINK-35665,STARLINK-36667,1782844200.0000134,31.63265809056842,4.785427894528435,29.499999996291265,-7.219316360745708,0.3,MEDIUM
evt_000650,STARLINK-35654,STARLINK-37382,1782346200.0000043,38.37600133290215,13.701070900533647,167.833333332075,0.0,0.3,MEDIUM
evt_000651,STARLINK-36258,STARLINK-36685,1782346200.0000043,44.762948630758274,3.08707373758932,167.833333332075,0.0,0.3,MEDIUM
evt_000653,STARLINK-36476,STARLINK-37047,1782346200.0000043,26.44820645598405,4.578153451188444,167.833333332075,0.0,0.3,MEDIUM
evt_000654,STARLINK-36478,STARLINK-37168,1782346200.0000043,29.21571090321333,13.237153543421476,167.833333332075,0.0,0.3,MEDIUM
evt_000655,STARLINK-36513,STARLINK-36603,1782346200.0000043,45.814633082406566,12.455220662238586,167.833333332075,0.0,0.3,MEDIUM
evt_000656,STARLINK-36519,STARLINK-37058,1782346200.0000043,30.323571711211628,11.28768623524762,167.833333332075,0.0,0.3,MEDIUM
evt_000657,STARLINK-36404,STARLINK-36187,1782346200.0000043,41.50354999201527,15.042156251473267,167.833333332075,0.0,0.3,MEDIUM
evt_185838,STARLINK-36404,STARLINK-36187,1782645000.000018,47.84109159880339,15.0427926831369,84.83333332836628,6.337541606788122,0.3,MEDIUM
evt_369459,STARLINK-36404,STARLINK-36187,1782887400.0000134,19.675171480013997,15.043365550836173,17.499999996291265,-28.165920118789398,0.3,MEDIUM
evt_000658,STARLINK-36639,STARLINK-37231,1782346200.0000043,43.40996061934475,15.0155311120478,167.833333332075,0.0,0.3,MEDIUM
evt_296463,STARLINK-36639,STARLINK-37231,1782794400.0000043,40.8425257157747,15.041434406652463,43.33333333207501,-2.567434903570053,0.3,MEDIUM
evt_000661,STARLINK-37759,STARLINK-37739,1782346200.0000043,45.21286059844586,0.0296848149022165,167.833333332075,0.0,0.05,LOW
evt_000664,STARLINK-37439,STARLINK-37670,1782346200.0000043,31.548680451544808,7.971478171095343,167.833333332075,0.0,0.3,MEDIUM
evt_000667,STARLINK-1172,STARLINK-36461,1782346800.000009,45.00854711647745,3.800248833991181,167.66666666415003,0.0,0.3,MEDIUM
evt_000668,STARLINK-1153,STARLINK-36360,1782346800.000009,47.55956666954759,14.52722883943842,167.66666666415003,0.0,0.3,MEDIUM
evt_000669,STARLINK-1225,STARLINK-37662,1782346800.000009,49.446062704798656,12.689035981274875,167.66666666415003,0.0,0.3,MEDIUM
evt_000672,STARLINK-1347,STARLINK-37499,1782346800.000009,30.75406657372164,2.1026986242193164,167.66666666415003,0.0,0.3,MEDIUM
evt_000674,STARLINK-1522,STARLINK-3999,1782346800.000009,28.15612273466352,1.189481449489858,167.66666666415003,0.0,0.3,MEDIUM
evt_000675,STARLINK-1569,STARLINK-35951,1782346800.000009,42.00948356077888,1.436796940518743,167.66666666415003,0.0,0.3,MEDIUM
evt_000678,STARLINK-1871,STARLINK-31325,1782346800.000009,43.7173440176669,6.213670737142204,167.66666666415003,0.0,0.3,MEDIUM
evt_000681,STARLINK-2047,STARLINK-34791,1782346800.000009,26.33154887088064,0.1569091914120123,167.66666666415003,0.0,0.05,LOW
evt_002088,STARLINK-2047,STARLINK-34791,1782349199.9999866,43.34547239215779,0.1522676559005635,167.00000000370872,17.013923521277146,0.05,LOW
evt_003836,STARLINK-2047,STARLINK-34791,1782352200.000009,34.31525487116255,0.1617500698666983,166.16666666415003,-9.030217520995237,0.05,LOW
evt_000682,STARLINK-2076,STARLINK-6137,1782346800.000009,20.03268494332309,8.452092906243593,167.66666666415003,0.0,0.3,MEDIUM
evt_000683,STARLINK-2082,STARLINK-32045,1782346800.000009,39.82374054376913,2.637335205586172,167.66666666415003,0.0,0.3,MEDIUM
evt_000684,STARLINK-2082,STARLINK-35578,1782346800.000009,18.28646797643739,0.0943546252931698,167.66666666415003,0.0,0.3,MEDIUM
evt_001013,STARLINK-2082,STARLINK-35578,1782347400.0000134,43.2410027371071,0.0822915158929052,167.49999999629128,24.954534760669716,0.05,LOW
evt_002090,STARLINK-2082,STARLINK-35578,1782349199.9999866,49.55173773382524,0.0776095196335435,167.00000000370872,6.310734996718139,0.05,LOW
evt_002435,STARLINK-2082,STARLINK-35578,1782349799.999991,12.95601000161524,0.095216529380271,166.83333333584997,-36.59572773221,0.3,MEDIUM
evt_003839,STARLINK-2082,STARLINK-35578,1782352200.000009,45.026902926014415,0.0923948174157168,166.16666666415003,32.070892924399175,0.05,LOW
evt_004187,STARLINK-2082,STARLINK-35578,1782352800.0000134,40.2052094487952,0.0988657260894308,165.99999999629128,-4.82169347721922,0.05,LOW
evt_000686,STARLINK-2121,STARLINK-31239,1782346800.000009,33.77330497078713,0.151431057345382,167.66666666415003,0.0,0.05,LOW
evt_000687,STARLINK-2130,STARLINK-5350,1782346800.000009,34.25584025087167,2.216207295351643,167.66666666415003,0.0,0.3,MEDIUM
evt_000688,STARLINK-2031,STARLINK-37081,1782346800.000009,29.24346700167373,14.148145883669097,167.66666666415003,0.0,0.3,MEDIUM
evt_000689,STARLINK-2213,STARLINK-5726,1782346800.000009,15.92941764265881,4.40884619986269,167.66666666415003,0.0,0.3,MEDIUM
evt_000690,STARLINK-2380,STARLINK-30570,1782346800.000009,45.37559522804072,8.664873033731434,167.66666666415003,0.0,0.3,MEDIUM
evt_000691,STARLINK-2383,STARLINK-30863,1782346800.000009,18.032972608889743,2.7735629333139533,167.66666666415003,0.0,0.3,MEDIUM
evt_000692,STARLINK-2429,STARLINK-34492,1782346800.000009,28.315122638867685,10.982068551829428,167.66666666415003,0.0,0.3,MEDIUM
evt_000693,STARLINK-2429,STARLINK-34520,1782346800.000009,49.50787449833431,10.986518334823865,167.66666666415003,0.0,0.3,MEDIUM
evt_000694,STARLINK-2446,STARLINK-6095,1782346800.000009,24.23581232713978,11.300412194754738,167.66666666415003,0.0,0.3,MEDIUM
evt_000695,STARLINK-2361,STARLINK-34720,1782346800.000009,37.09883941616426,7.730351371346075,167.66666666415003,0.0,0.3,MEDIUM
evt_000696,STARLINK-2436,STARLINK-3857,1782346800.000009,37.079239927028425,8.572823215647743,167.66666666415003,0.0,0.3,MEDIUM
evt_000697,STARLINK-2439,STARLINK-30306,1782346800.000009,19.03559328498645,11.283651809254568,167.66666666415003,0.0,0.3,MEDIUM
evt_000698,STARLINK-2440,STARLINK-30499,1782346800.000009,16.98733842712782,3.0297972834425657,167.66666666415003,0.0,0.3,MEDIUM
evt_000699,STARLINK-2450,STARLINK-35474,1782346800.000009,33.85642144209093,1.3714052033024753,167.66666666415003,0.0,0.3,MEDIUM
evt_000700,STARLINK-2454,STARLINK-34591,1782346800.000009,43.18337887993425,1.6828645411805063,167.66666666415003,0.0,0.3,MEDIUM
evt_000703,STARLINK-2472,STARLINK-34607,1782346800.000009,25.78894479232945,1.470511139972698,167.66666666415003,0.0,0.3,MEDIUM
evt_000705,STARLINK-2516,STARLINK-31735,1782346800.000009,19.51678619030425,0.3826268437698277,167.66666666415003,0.0,0.3,MEDIUM
evt_000706,STARLINK-2516,STARLINK-32413,1782346800.000009,41.23382434877136,1.1732057597696302,167.66666666415003,0.0,0.3,MEDIUM
evt_000707,STARLINK-2550,STARLINK-31454,1782346800.000009,28.839368878856064,0.4049232811123728,167.66666666415003,0.0,0.05,LOW
evt_000709,STARLINK-2534,STARLINK-31446,1782346800.000009,29.85874376645749,3.643041198912904,167.66666666415003,0.0,0.3,MEDIUM
evt_000711,STARLINK-2514,STARLINK-4160,1782346800.000009,34.2042811817649,0.0245025639004116,167.66666666415003,0.0,0.05,LOW
evt_001045,STARLINK-2514,STARLINK-4160,1782347400.0000134,34.45222926173381,0.0232941335149381,167.49999999629128,0.2479480799689142,0.05,LOW
evt_000712,STARLINK-2623,STARLINK-31634,1782346800.000009,49.120429670093465,8.223137939626874,167.66666666415003,0.0,0.3,MEDIUM
evt_000713,STARLINK-2610,STARLINK-11422 [DTC],1782346800.000009,42.42338285504201,0.1551084649731402,167.66666666415003,0.0,0.05,LOW
evt_000714,STARLINK-2594,STARLINK-34808,1782346800.000009,46.8013201882665,1.2793735779719069,167.66666666415003,0.0,0.3,MEDIUM
evt_000715,STARLINK-2574,STARLINK-34494,1782346800.000009,46.37786725517557,0.098360945680244,167.66666666415003,0.0,0.05,LOW
evt_002133,STARLINK-2574,STARLINK-34494,1782349199.9999866,29.53948184786384,0.0817642879306317,167.00000000370872,-16.838385407311733,0.05,LOW
evt_002464,STARLINK-2574,STARLINK-34494,1782349799.999991,26.16805771733904,0.0811724947255766,166.83333333584997,-3.371424130524801,0.05,LOW
evt_003868,STARLINK-2574,STARLINK-34494,1782352200.000009,30.39873877631372,0.0898142883060277,166.16666666415003,4.230681058974682,0.05,LOW
evt_000717,STARLINK-2699,STARLINK-31807,1782346800.000009,43.37491363786096,9.816676495519008,167.66666666415003,0.0,0.3,MEDIUM
evt_000720,STARLINK-2155,STARLINK-30181,1782346800.000009,47.451758633382326,3.1757144824256263,167.66666666415003,0.0,0.3,MEDIUM
evt_000721,STARLINK-2224,STARLINK-32410,1782346800.000009,45.5359585505993,0.1397000220894729,167.66666666415003,0.0,0.05,LOW
evt_000723,STARLINK-2521,STARLINK-34593,1782346800.000009,41.599587173708485,10.961064934084384,167.66666666415003,0.0,0.3,MEDIUM
evt_000724,STARLINK-2701,STARLINK-5915,1782346800.000009,41.562887551763794,11.201010982376308,167.66666666415003,0.0,0.3,MEDIUM
evt_000725,STARLINK-2734,STARLINK-30155,1782346800.000009,28.581370038049307,9.608411890346789,167.66666666415003,0.0,0.3,MEDIUM
evt_000726,STARLINK-2738,STARLINK-32537,1782346800.000009,39.11977783836906,6.981649770290638,167.66666666415003,0.0,0.3,MEDIUM
evt_000729,STARLINK-2745,STARLINK-36690,1782346800.000009,13.303915122935194,2.6593892914743327,167.66666666415003,0.0,0.3,MEDIUM
evt_000730,STARLINK-2627,STARLINK-30479,1782346800.000009,34.5419898500019,10.756883101110482,167.66666666415003,0.0,0.3,MEDIUM
evt_000731,STARLINK-3238,STARLINK-3202,1782346800.000009,44.71589277220885,0.0341839432048175,167.66666666415003,0.0,0.05,LOW
evt_000732,STARLINK-3226,STARLINK-35494,1782346800.000009,44.46958253253786,0.0528061380344473,167.66666666415003,0.0,0.05,LOW
evt_000735,STARLINK-3292,STARLINK-32468,1782346800.000009,21.122036839804476,10.961704285008658,167.66666666415003,0.0,0.3,MEDIUM
evt_000738,STARLINK-3394,STARLINK-3584,1782346800.000009,43.68681514153086,6.974234548808298,167.66666666415003,0.0,0.3,MEDIUM
evt_000739,STARLINK-3389,STARLINK-34954,1782346800.000009,22.93173593633195,8.07188639323389,167.66666666415003,0.0,0.3,MEDIUM
evt_000740,STARLINK-3386,STARLINK-36369,1782346800.000009,43.70093502616512,8.261239195536039,167.66666666415003,0.0,0.3,MEDIUM
evt_000741,STARLINK-3357,STARLINK-34968,1782346800.000009,25.149837235211333,8.093447161868633,167.66666666415003,0.0,0.3,MEDIUM
evt_000742,STARLINK-3419,STARLINK-34556,1782346800.000009,31.23512145092709,10.463019107878637,167.66666666415003,0.0,0.3,MEDIUM
evt_000743,STARLINK-3533,STARLINK-31410,1782346800.000009,34.178656068549124,1.349301300641328,167.66666666415003,0.0,0.3,MEDIUM
evt_000744,STARLINK-3632,STARLINK-37146,1782346800.000009,46.00838106754172,0.4323288182127417,167.66666666415003,0.0,0.05,LOW
evt_000746,STARLINK-3594,STARLINK-32635,1782346800.000009,30.83189910969518,4.338727736796811,167.66666666415003,0.0,0.3,MEDIUM
evt_000747,STARLINK-3692,STARLINK-31874,1782346800.000009,44.57231781731985,6.783666039930886,167.66666666415003,0.0,0.3,MEDIUM
evt_000748,STARLINK-3699,STARLINK-35572,1782346800.000009,39.54873622429737,0.3778783947235904,167.66666666415003,0.0,0.05,LOW
evt_005660,STARLINK-3699,STARLINK-35572,1782355199.999991,32.084465840637634,0.3768966592258757,165.33333333584997,-7.464270383659738,0.05,LOW
evt_000749,STARLINK-3699,STARLINK-36976,1782346800.000009,42.04314279683086,1.1471916120768957,167.66666666415003,0.0,0.3,MEDIUM
evt_000751,STARLINK-3642,STARLINK-5679,1782346800.000009,29.1493771834241,11.261827542324516,167.66666666415003,0.0,0.3,MEDIUM
evt_000752,STARLINK-3765,STARLINK-34962,1782346800.000009,35.37796135565103,13.015360112666658,167.66666666415003,0.0,0.3,MEDIUM
evt_000753,STARLINK-3769,STARLINK-34959,1782346800.000009,26.23022920709677,12.9946417410378,167.66666666415003,0.0,0.3,MEDIUM
evt_000754,STARLINK-3564,STARLINK-5302,1782346800.000009,26.81619216853432,1.700398382452415,167.66666666415003,0.0,0.3,MEDIUM
evt_000755,STARLINK-3850,STARLINK-3943,1782346800.000009,46.07222980601241,6.973463625589999,167.66666666415003,0.0,0.3,MEDIUM
evt_022141,STARLINK-3850,STARLINK-3943,1782384000.0000043,47.50199712636999,6.986384296133839,157.333333332075,1.429767320357584,0.3,MEDIUM
evt_382754,STARLINK-3850,STARLINK-3943,1782904799.999982,31.4614385830881,6.986526648832771,12.66666667163372,-16.040558543281893,0.3,MEDIUM
evt_411768,STARLINK-3850,STARLINK-3943,1782942000.000018,20.974081672170403,6.973738777041188,2.33333332836628,-10.487356910917695,0.3,MEDIUM
evt_000756,STARLINK-3785,STARLINK-6035,1782346800.000009,44.902831609988304,12.316377194174407,167.66666666415003,0.0,0.3,MEDIUM
evt_000757,STARLINK-4084,STARLINK-35436,1782346800.000009,45.36014233743475,0.5696821267994362,167.66666666415003,0.0,0.05,LOW
evt_000758,STARLINK-3972,STARLINK-4331,1782346800.000009,17.547062297814644,7.085711986229633,167.66666666415003,0.0,0.3,MEDIUM
evt_000759,STARLINK-4080,STARLINK-36106,1782346800.000009,44.4120979979341,9.442515101088064,167.66666666415003,0.0,0.3,MEDIUM
evt_000760,STARLINK-4168,STARLINK-36207,1782346800.000009,34.107208217463466,9.41782052585191,167.66666666415003,0.0,0.3,MEDIUM
evt_000761,STARLINK-4272,STARLINK-5298,1782346800.000009,44.03670391918838,12.03627699297218,167.66666666415003,0.0,0.3,MEDIUM
evt_000762,STARLINK-4410,STARLINK-30787,1782346800.000009,33.81748000246842,7.026054004855628,167.66666666415003,0.0,0.3,MEDIUM
evt_000763,STARLINK-4059,STARLINK-33926,1782346800.000009,32.1227493220444,14.343319637084504,167.66666666415003,0.0,0.3,MEDIUM
evt_000764,STARLINK-4144,STARLINK-34213,1782346800.000009,29.995915824445174,14.360156826977333,167.66666666415003,0.0,0.3,MEDIUM
evt_000765,STARLINK-4178,STARLINK-31971,1782346800.000009,49.8762119317431,2.4845344084754406,167.66666666415003,0.0,0.3,MEDIUM
evt_000766,STARLINK-4107,STARLINK-4176,1782346800.000009,30.087041252942488,0.4914643028381063,167.66666666415003,0.0,0.05,LOW
evt_000767,STARLINK-4539,STARLINK-5845,1782346800.000009,24.050164171532856,10.161625284958015,167.66666666415003,0.0,0.3,MEDIUM
evt_000769,STARLINK-4556,STARLINK-5586,1782346800.000009,31.38282427048328,9.394183281794582,167.66666666415003,0.0,0.3,MEDIUM
evt_000771,STARLINK-4663,STARLINK-35766,1782346800.000009,48.10895545329151,6.3893440074680266,167.66666666415003,0.0,0.3,MEDIUM
evt_000772,STARLINK-4612,STARLINK-33625,1782346800.000009,28.102916150103024,1.42995333787521,167.66666666415003,0.0,0.3,MEDIUM
evt_000773,STARLINK-4715,STARLINK-32318,1782346800.000009,33.955199252561734,10.95054076893307,167.66666666415003,0.0,0.3,MEDIUM
evt_000775,STARLINK-5200,STARLINK-6210,1782346800.000009,49.85712002757239,3.3221695111028886,167.66666666415003,0.0,0.3,MEDIUM
evt_000776,STARLINK-5464,STARLINK-36060,1782346800.000009,36.6839681647086,13.31889403272126,167.66666666415003,0.0,0.3,MEDIUM
evt_000777,STARLINK-5412,STARLINK-32419,1782346800.000009,42.344901979899895,1.3727536462000978,167.66666666415003,0.0,0.3,MEDIUM
evt_000778,STARLINK-5408,STARLINK-5085,1782346800.000009,37.150023359493744,12.0437545669813,167.66666666415003,0.0,0.3,MEDIUM
evt_000779,STARLINK-5381,STARLINK-32832,1782346800.000009,31.679456731354097,10.360166205750131,167.66666666415003,0.0,0.3,MEDIUM
evt_000780,STARLINK-5631,STARLINK-32714,1782346800.000009,40.39526618216201,1.2455142171976887,167.66666666415003,0.0,0.3,MEDIUM
evt_028363,STARLINK-5631,STARLINK-32714,1782394800.0000043,39.7947538351551,1.246742909348819,154.333333332075,-0.6005123470069123,0.3,MEDIUM
evt_039832,STARLINK-5631,STARLINK-32714,1782414599.999991,35.4798599360691,1.245093656634359,148.83333333584997,-4.314893899086002,0.3,MEDIUM
evt_068206,STARLINK-5631,STARLINK-32714,1782462599.9999866,37.83125664409061,1.2469080973980655,135.50000000370872,2.351396708021511,0.3,MEDIUM
evt_079955,STARLINK-5631,STARLINK-32714,1782482400.0000134,44.95706271197509,1.2450639924059093,129.99999999629128,7.125806067884476,0.3,MEDIUM
evt_000781,STARLINK-5659,STARLINK-36769,1782346800.000009,21.61551242515117,1.5861501266512144,167.66666666415003,0.0,0.3,MEDIUM
evt_000782,STARLINK-5547,STARLINK-31774,1782346800.000009,41.97960568020889,7.647120465933639,167.66666666415003,0.0,0.3,MEDIUM
evt_000783,STARLINK-5567,STARLINK-32237,1782346800.000009,45.92666724858608,1.4301275552362898,167.66666666415003,0.0,0.3,MEDIUM
evt_000784,STARLINK-5699,STARLINK-30523,1782346800.000009,41.613090781431424,7.849772879959628,167.66666666415003,0.0,0.3,MEDIUM
evt_286597,STARLINK-5699,STARLINK-30523,1782781799.999991,41.02149071954097,7.849685604732982,46.83333333584997,-0.5916000618904533,0.3,MEDIUM
evt_000785,STARLINK-5734,STARLINK-35291,1782346800.000009,24.46921716814451,1.3569970250748775,167.66666666415003,0.0,0.3,MEDIUM
evt_000786,STARLINK-5709,STARLINK-31693,1782346800.000009,49.15365384425806,3.6517668855683465,167.66666666415003,0.0,0.3,MEDIUM
evt_000787,STARLINK-5934,STARLINK-32417,1782346800.000009,41.407586555318254,11.04647302007198,167.66666666415003,0.0,0.3,MEDIUM
evt_000788,STARLINK-5758,STARLINK-35626,1782346800.000009,37.29024407834787,5.20461955994067,167.66666666415003,0.0,0.3,MEDIUM
evt_000789,STARLINK-6071,STARLINK-36577,1782346800.000009,30.32286335689182,7.453276486373206,167.66666666415003,0.0,0.3,MEDIUM
evt_000790,STARLINK-5489,STARLINK-30921,1782346800.000009,30.01437809786071,4.071281671455896,167.66666666415003,0.0,0.3,MEDIUM
evt_000791,STARLINK-5489,STARLINK-36768,1782346800.000009,27.551889481114348,12.03738957019207,167.66666666415003,0.0,0.3,MEDIUM
evt_000792,STARLINK-6238,STARLINK-35599,1782346800.000009,39.93128193402111,3.2745084500974544,167.66666666415003,0.0,0.3,MEDIUM
evt_000793,STARLINK-6329,STARLINK-33804,1782346800.000009,38.31028014124911,2.695914410630112,167.66666666415003,0.0,0.3,MEDIUM
evt_000794,STARLINK-30036,STARLINK-34557,1782346800.000009,40.32471255245718,1.5325126552089308,167.66666666415003,0.0,0.3,MEDIUM
evt_000795,STARLINK-30127,STARLINK-31657,1782346800.000009,45.71279294824611,5.055445763428725,167.66666666415003,0.0,0.3,MEDIUM
evt_286629,STARLINK-30127,STARLINK-31657,1782781799.999991,44.2752267334856,5.055451021034299,46.83333333584997,-1.4375662147605084,0.3,MEDIUM
evt_000796,STARLINK-30053,STARLINK-37049,1782346800.000009,21.917587625039506,14.323651053479129,167.66666666415003,0.0,0.3,MEDIUM
evt_000797,STARLINK-30066,STARLINK-31273,1782346800.000009,43.68528019744722,4.196251824099191,167.66666666415003,0.0,0.3,MEDIUM
evt_000798,STARLINK-30078,STARLINK-31056,1782346800.000009,33.9749825097413,9.369471860474372,167.66666666415003,0.0,0.3,MEDIUM
evt_000799,STARLINK-6205,STARLINK-34189,1782346800.000009,21.34148026057627,5.169110502176958,167.66666666415003,0.0,0.3,MEDIUM
evt_000800,STARLINK-6110,STARLINK-32830,1782346800.000009,38.37121421043295,6.22788916463979,167.66666666415003,0.0,0.3,MEDIUM
evt_000801,STARLINK-5966,STARLINK-35980,1782346800.000009,46.28853394281981,1.2572231735898531,167.66666666415003,0.0,0.3,MEDIUM
evt_000803,STARLINK-6133,STARLINK-31149,1782346800.000009,44.536335024814186,1.3146098143080776,167.66666666415003,0.0,0.3,MEDIUM
evt_377274,STARLINK-6133,STARLINK-31149,1782897600.000009,46.59449188456839,1.3172584417969977,14.666666664150029,2.058156859754206,0.3,MEDIUM
evt_414686,STARLINK-6133,STARLINK-31149,1782945600.0000043,8.680355024026507,1.314670651312354,1.3333333320750131,-37.91413686054189,0.3,MEDIUM
evt_000804,STARLINK-5983,STARLINK-30757,1782346800.000009,46.80745775525675,7.889117359108767,167.66666666415003,0.0,0.3,MEDIUM
evt_286647,STARLINK-5983,STARLINK-30757,1782781799.999991,17.828462999055393,7.8888423719675025,46.83333333584997,-28.97899475620136,0.3,MEDIUM
evt_000805,STARLINK-6230,STARLINK-33750,1782346800.000009,47.650712779699326,10.78788555281675,167.66666666415003,0.0,0.3,MEDIUM
evt_000806,STARLINK-5488,STARLINK-33795,1782346800.000009,38.26027258256671,10.50337579455086,167.66666666415003,0.0,0.3,MEDIUM
evt_000807,STARLINK-5831,STARLINK-32596,1782346800.000009,49.42403376239567,4.791125696533479,167.66666666415003,0.0,0.3,MEDIUM
evt_000808,STARLINK-6331,STARLINK-37177,1782346800.000009,49.56700553714532,7.095781286574903,167.66666666415003,0.0,0.3,MEDIUM
evt_000809,STARLINK-6297,STARLINK-36833,1782346800.000009,16.11740113879472,13.69953691812211,167.66666666415003,0.0,0.3,MEDIUM
evt_000810,STARLINK-6363,STARLINK-35175,1782346800.000009,31.2688965975334,3.330976809718697,167.66666666415003,0.0,0.3,MEDIUM
evt_000811,STARLINK-30043,STARLINK-31358,1782346800.000009,11.64989908862772,11.0933739182211,167.66666666415003,0.0,0.3,MEDIUM
evt_000812,STARLINK-30227,STARLINK-35111,1782346800.000009,41.26893156479204,1.3607606605295748,167.66666666415003,0.0,0.3,MEDIUM
evt_000813,STARLINK-30323,STARLINK-32613,1782346800.000009,43.61949020911995,7.895625105411524,167.66666666415003,0.0,0.3,MEDIUM
evt_109150,STARLINK-30323,STARLINK-32613,1782530400.000009,29.335517485211195,7.902953855550259,116.66666666415004,-14.283972723908755,0.3,MEDIUM
evt_000814,STARLINK-30286,STARLINK-36887,1782346800.000009,47.6518926836432,7.892387605851344,167.66666666415003,0.0,0.3,MEDIUM
evt_109152,STARLINK-30286,STARLINK-36887,1782530400.000009,40.28605498056168,7.899596963961156,116.66666666415004,-7.365837703081517,0.3,MEDIUM
evt_000816,STARLINK-30332,STARLINK-30715,1782346800.000009,43.12011832376447,1.402535611375035,167.66666666415003,0.0,0.3,MEDIUM
evt_000817,STARLINK-30341,STARLINK-37144,1782346800.000009,25.898667854908688,1.8286446636012408,167.66666666415003,0.0,0.3,MEDIUM
evt_000818,STARLINK-30331,STARLINK-30617,1782346800.000009,33.69119389179235,11.342138950114704,167.66666666415003,0.0,0.3,MEDIUM
evt_000819,STARLINK-30382,STARLINK-34772,1782346800.000009,31.98853374949815,11.064472993044944,167.66666666415003,0.0,0.3,MEDIUM
evt_000821,STARLINK-30431,STARLINK-33744,1782346800.000009,11.09289298128686,10.364774299732623,167.66666666415003,0.0,0.3,MEDIUM
evt_000822,STARLINK-30454,STARLINK-32124,1782346800.000009,19.34900735967571,11.267545992019365,167.66666666415003,0.0,0.3,MEDIUM
evt_000823,STARLINK-30468,STARLINK-30752,1782346800.000009,7.654815383084891,1.357448955129329,167.66666666415003,0.0,0.3,MEDIUM
evt_000824,STARLINK-30703,STARLINK-32245,1782346800.000009,20.000694245530536,2.049311717178267,167.66666666415003,0.0,0.3,MEDIUM
evt_000825,STARLINK-30535,STARLINK-30808,1782346800.000009,37.0149529956757,9.826399314250702,167.66666666415003,0.0,0.3,MEDIUM
evt_000826,STARLINK-30520,STARLINK-30914,1782346800.000009,27.453883948502973,4.063432765059902,167.66666666415003,0.0,0.3,MEDIUM
evt_000827,STARLINK-30568,STARLINK-35536,1782346800.000009,20.70132700856485,1.3880313644963598,167.66666666415003,0.0,0.3,MEDIUM
evt_000829,STARLINK-30765,STARLINK-34903,1782346800.000009,33.957264255522375,10.780298229593804,167.66666666415003,0.0,0.3,MEDIUM
evt_000830,STARLINK-30758,STARLINK-34640,1782346800.000009,37.19940134699501,1.4427539283288124,167.66666666415003,0.0,0.3,MEDIUM
evt_000832,STARLINK-30784,STARLINK-37091,1782346800.000009,31.107728445734256,4.710811209678239,167.66666666415003,0.0,0.3,MEDIUM
evt_000833,STARLINK-30829,STARLINK-33830,1782346800.000009,47.49412136319426,1.4495854664291792,167.66666666415003,0.0,0.3,MEDIUM
evt_000834,STARLINK-30788,STARLINK-33919,1782346800.000009,36.240693979241655,0.0812086167796068,167.66666666415003,0.0,0.05,LOW
evt_002274,STARLINK-30788,STARLINK-33919,1782349199.9999866,26.66792153659852,0.0708916974926221,167.00000000370872,-9.57277244264314,0.05,LOW
evt_002597,STARLINK-30788,STARLINK-33919,1782349799.999991,25.543313299067247,0.0690424873093248,166.83333333584997,-1.1246082375312696,0.05,LOW
evt_003678,STARLINK-30788,STARLINK-33919,1782351600.0000043,46.22798676070094,0.0510892983169807,166.333333332075,20.68467346163369,0.05,LOW
evt_004002,STARLINK-30788,STARLINK-33919,1782352200.000009,11.302803144661436,0.0721744806492253,166.16666666415003,-34.925183616039504,0.3,MEDIUM
evt_004352,STARLINK-30788,STARLINK-33919,1782352800.0000134,35.9895252560657,0.0629437901704888,165.99999999629128,24.68672211140426,0.05,LOW
evt_005435,STARLINK-30788,STARLINK-33919,1782354599.9999866,43.842411406133344,0.0662729420957779,165.50000000370872,7.852886150067647,0.05,LOW
evt_005772,STARLINK-30788,STARLINK-33919,1782355199.999991,30.37665207798551,0.0791397124695669,165.33333333584997,-13.465759328147833,0.05,LOW
evt_000835,STARLINK-30789,STARLINK-35639,1782346800.000009,48.42843499189399,0.2498069826782189,167.66666666415003,0.0,0.05,LOW
evt_000836,STARLINK-30826,STARLINK-34324,1782346800.000009,45.533398552297584,1.3993044406541253,167.66666666415003,0.0,0.3,MEDIUM
evt_000837,STARLINK-30881,STARLINK-37488,1782346800.000009,41.59933962329922,14.01454711168893,167.66666666415003,0.0,0.3,MEDIUM
evt_000838,STARLINK-30894,STARLINK-37491,1782346800.000009,40.95028381179132,9.787890783462505,167.66666666415003,0.0,0.3,MEDIUM
evt_000839,STARLINK-30921,STARLINK-36768,1782346800.000009,22.46125737369298,14.11468549582399,167.66666666415003,0.0,0.3,MEDIUM
evt_000840,STARLINK-30934,STARLINK-32267,1782346800.000009,28.22223330947661,5.141975856052971,167.66666666415003,0.0,0.3,MEDIUM
evt_000841,STARLINK-31005,STARLINK-32047,1782346800.000009,32.95496264444566,11.34216529364586,167.66666666415003,0.0,0.3,MEDIUM
evt_000842,STARLINK-31012,STARLINK-36255,1782346800.000009,49.61790404259594,1.3552489099145386,167.66666666415003,0.0,0.3,MEDIUM
evt_000843,STARLINK-31035,STARLINK-32607,1782346800.000009,49.12405293475449,2.6634486737335803,167.66666666415003,0.0,0.3,MEDIUM
evt_000844,STARLINK-31037,STARLINK-32211,1782346800.000009,23.619809138579505,0.9261831677176235,167.66666666415003,0.0,0.05,LOW
evt_000845,STARLINK-31037,STARLINK-32126,1782346800.000009,16.537165404538296,0.9892938364007094,167.66666666415003,0.0,0.3,MEDIUM
evt_000846,STARLINK-31044,STARLINK-36486,1782346800.000009,37.76119700127347,5.020162807788606,167.66666666415003,0.0,0.3,MEDIUM
evt_109184,STARLINK-31044,STARLINK-36486,1782530400.000009,21.44008727449704,5.025252946977835,116.66666666415004,-16.321109726776434,0.3,MEDIUM
evt_153175,STARLINK-31044,STARLINK-36486,1782598199.999991,44.79875415278944,5.024949740373176,97.83333333584996,23.358666878292404,0.3,MEDIUM
evt_000847,STARLINK-31071,STARLINK-36905,1782346800.000009,47.92437484948299,1.4158897774018762,167.66666666415003,0.0,0.3,MEDIUM
evt_000848,STARLINK-31110,STARLINK-36112,1782346800.000009,34.195924648564734,2.330742041944505,167.66666666415003,0.0,0.3,MEDIUM
evt_000849,STARLINK-31152,STARLINK-33548,1782346800.000009,35.43191897162874,1.263298864575786,167.66666666415003,0.0,0.3,MEDIUM
evt_012312,STARLINK-31152,STARLINK-33548,1782366599.9999957,48.51991183826866,1.264707471468741,162.166666667925,13.087992866639922,0.3,MEDIUM
evt_039908,STARLINK-31152,STARLINK-33548,1782414599.999991,47.59388606318336,1.2639284689838393,148.83333333584997,-0.9260257750853,0.3,MEDIUM
evt_000850,STARLINK-31142,STARLINK-35991,1782346800.000009,45.76631718816219,10.615146446565944,167.66666666415003,0.0,0.3,MEDIUM
evt_000851,STARLINK-31024,STARLINK-31909,1782346800.000009,39.16720014795581,7.204482377251665,167.66666666415003,0.0,0.3,MEDIUM
evt_000852,STARLINK-31138,STARLINK-32246,1782346800.000009,49.44089014540072,11.176388866528304,167.66666666415003,0.0,0.3,MEDIUM
evt_000853,STARLINK-31236,STARLINK-35642,1782346800.000009,12.61922009578923,1.1830166133621784,167.66666666415003,0.0,0.3,MEDIUM
evt_000854,STARLINK-31323,STARLINK-36559,1782346800.000009,49.79233535654922,13.083544852335155,167.66666666415003,0.0,0.3,MEDIUM
evt_000855,STARLINK-31529,STARLINK-32076,1782346800.000009,36.5666696242718,0.1103632708013074,167.66666666415003,0.0,0.05,LOW
evt_000856,STARLINK-31528,STARLINK-33591,1782346800.000009,38.18237144499322,10.431134269351697,167.66666666415003,0.0,0.3,MEDIUM
evt_000857,STARLINK-31225,STARLINK-31490,1782346800.000009,17.752620633470176,9.863502749689973,167.66666666415003,0.0,0.3,MEDIUM
evt_000858,STARLINK-31603,STARLINK-35707,1782346800.000009,18.317976206609128,1.9779421725527488,167.66666666415003,0.0,0.3,MEDIUM
evt_000859,STARLINK-31496,STARLINK-32136,1782346800.000009,48.57495574383328,0.0572156720397979,167.66666666415003,0.0,0.05,LOW
evt_001216,STARLINK-31496,STARLINK-32136,1782347400.0000134,24.698696996954503,0.0697720258512347,167.49999999629128,-23.876258746878776,0.05,LOW
evt_001594,STARLINK-31496,STARLINK-32136,1782348000.000018,38.22906057096044,0.0577450774019019,167.33333332836628,13.53036357400594,0.05,LOW
evt_002635,STARLINK-31496,STARLINK-32136,1782349799.999991,30.724573549573904,0.0560103703916541,166.83333333584997,-7.504487021386538,0.05,LOW
evt_002996,STARLINK-31496,STARLINK-32136,1782350399.9999957,8.706745337212917,0.0644294368503899,166.666666667925,-22.01782821236099,0.3,MEDIUM
evt_003381,STARLINK-31496,STARLINK-32136,1782351000.0,42.082043020667925,0.0456422038342169,166.5,33.37529768345501,0.05,LOW
evt_004389,STARLINK-31496,STARLINK-32136,1782352800.0000134,26.040058870938957,0.0640364145655524,165.99999999629128,-16.04198414972897,0.05,LOW
evt_004730,STARLINK-31496,STARLINK-32136,1782353400.000018,28.77396518471261,0.0659351697713849,165.83333332836628,2.7339063137736552,0.05,LOW
evt_006123,STARLINK-31496,STARLINK-32136,1782355799.9999957,41.44164735119663,0.0784111561802496,165.166666667925,12.66768216648402,0.05,LOW
evt_000860,STARLINK-31487,STARLINK-34974,1782346800.000009,29.780562635868783,3.0265204589107384,167.66666666415003,0.0,0.3,MEDIUM
evt_000861,STARLINK-31594,STARLINK-34196,1782346800.000009,36.619882874280144,9.607256562403329,167.66666666415003,0.0,0.3,MEDIUM
evt_000862,STARLINK-31412,STARLINK-31669,1782346800.000009,46.45376032111884,7.869210726879782,167.66666666415003,0.0,0.3,MEDIUM
evt_000863,STARLINK-31575,STARLINK-32179,1782346800.000009,37.27737997128788,1.9695764747605744,167.66666666415003,0.0,0.3,MEDIUM
evt_000864,STARLINK-31678,STARLINK-35098,1782346800.000009,27.843292576191963,2.165080670763272,167.66666666415003,0.0,0.3,MEDIUM
evt_000865,STARLINK-31734,STARLINK-35758,1782346800.000009,33.906222482527504,1.4063498978133286,167.66666666415003,0.0,0.3,MEDIUM
evt_000866,STARLINK-31481,STARLINK-35895,1782346800.000009,32.186291221727856,1.376016426904746,167.66666666415003,0.0,0.3,MEDIUM
evt_000867,STARLINK-31722,STARLINK-35749,1782346800.000009,48.65244887660317,10.928363212402514,167.66666666415003,0.0,0.3,MEDIUM
evt_000868,STARLINK-31767,STARLINK-32191,1782346800.000009,31.46213805178396,1.4902770730156083,167.66666666415003,0.0,0.3,MEDIUM
evt_000869,STARLINK-31448,STARLINK-36168,1782346800.000009,49.635600085898766,11.941326556107512,167.66666666415003,0.0,0.3,MEDIUM
evt_000870,STARLINK-31807,STARLINK-34996,1782346800.000009,36.9708613144408,9.80360282054729,167.66666666415003,0.0,0.3,MEDIUM
evt_000871,STARLINK-32104,STARLINK-35153,1782346800.000009,19.724830798071668,1.4090598675326478,167.66666666415003,0.0,0.3,MEDIUM
evt_000873,STARLINK-31834,STARLINK-37225,1782346800.000009,19.286814419740907,9.805053244243185,167.66666666415003,0.0,0.3,MEDIUM
evt_000874,STARLINK-31931,STARLINK-35656,1782346800.000009,46.13811743379151,4.878886617166684,167.66666666415003,0.0,0.3,MEDIUM
evt_000875,STARLINK-31735,STARLINK-32413,1782346800.000009,33.39976473086259,1.5541378150297098,167.66666666415003,0.0,0.3,MEDIUM
evt_000876,STARLINK-31239,STARLINK-37320,1782346800.000009,40.42987578458671,0.4287148167356709,167.66666666415003,0.0,0.05,LOW
evt_005815,STARLINK-31239,STARLINK-37320,1782355199.999991,40.08912461371359,0.4288904679921466,165.33333333584997,-0.3407511708731263,0.05,LOW
evt_272633,STARLINK-31239,STARLINK-37320,1782763200.0000134,48.79804478075918,0.4301521917965268,51.99999999629127,8.70892016704559,0.05,LOW
evt_278909,STARLINK-31239,STARLINK-37320,1782771599.9999957,39.03015643717085,0.428908426746293,49.666666667924986,-9.767888343588323,0.05,LOW
evt_285328,STARLINK-31239,STARLINK-37320,1782780000.000018,38.5813457287158,0.4287842389173051,47.33333332836628,-0.4488107084550492,0.05,LOW
evt_291751,STARLINK-31239,STARLINK-37320,1782788400.0,43.29277838655001,0.4261149200089934,45.0,4.711432657834209,0.05,LOW
evt_300603,STARLINK-31239,STARLINK-37320,1782799800.0000043,34.97846548731484,0.4258919049912416,41.83333333207501,-8.31431289923517,0.05,LOW
evt_307144,STARLINK-31239,STARLINK-37320,1782808199.9999866,18.761400382884748,0.427473795606495,39.500000003708735,-16.217065104430095,0.3,MEDIUM
evt_313742,STARLINK-31239,STARLINK-37320,1782816600.000009,6.566421256740855,0.4266413971214964,37.16666666415003,-12.194979126143892,0.3,MEDIUM
evt_320384,STARLINK-31239,STARLINK-37320,1782824999.999991,20.1578098351392,0.4268498246224075,34.83333333584997,13.591388578398345,0.05,LOW
evt_327120,STARLINK-31239,STARLINK-37320,1782833400.0000134,37.54740397866173,0.4247497264637031,32.499999996291265,17.389594143522526,0.05,LOW
evt_329548,STARLINK-31239,STARLINK-37320,1782836399.9999957,44.364361470430936,0.4248539422899871,31.666666667924986,6.816957491769209,0.05,LOW
evt_336130,STARLINK-31239,STARLINK-37320,1782844800.000018,32.82262316636894,0.4260358356537485,29.33333332836628,-11.541738304061994,0.05,LOW
evt_342710,STARLINK-31239,STARLINK-37320,1782853200.0,27.50481135532387,0.4282171404212781,27.0,-5.317811811045072,0.05,LOW
evt_349383,STARLINK-31239,STARLINK-37320,1782861599.999982,35.234393811164765,0.4282132844395931,24.66666667163372,7.7295824558408945,0.05,LOW
evt_355737,STARLINK-31239,STARLINK-37320,1782870000.0000043,47.48726857774561,0.429218359112018,22.33333333207501,12.252874766580844,0.05,LOW
evt_000877,STARLINK-32007,STARLINK-36455,1782346800.000009,38.13305326092233,8.319793331622156,167.66666666415003,0.0,0.3,MEDIUM
evt_000878,STARLINK-32045,STARLINK-34327,1782346800.000009,49.18472967392108,0.2609088866925582,167.66666666415003,0.0,0.05,LOW
evt_000879,STARLINK-32045,STARLINK-35578,1782346800.000009,38.83358025564878,2.728623658883621,167.66666666415003,0.0,0.3,MEDIUM
evt_000880,STARLINK-11112 [DTC],STARLINK-11367 [DTC],1782346800.000009,22.201393329328493,6.137533290056937,167.66666666415003,0.0,0.3,MEDIUM
evt_000881,STARLINK-32120,STARLINK-35834,1782346800.000009,32.94714832141717,11.333506245476777,167.66666666415003,0.0,0.3,MEDIUM
evt_000882,STARLINK-32211,STARLINK-32126,1782346800.000009,34.40285380255085,0.0739900825489017,167.66666666415003,0.0,0.05,LOW
evt_001250,STARLINK-32211,STARLINK-32126,1782347400.0000134,47.67346042673957,0.0584820719699889,167.49999999629128,13.270606624188716,0.05,LOW
evt_002312,STARLINK-32211,STARLINK-32126,1782349199.9999866,29.701727968494996,0.0607819164286363,167.00000000370872,-17.971732458244574,0.05,LOW
evt_002665,STARLINK-32211,STARLINK-32126,1782349799.999991,19.762873665778887,0.0630638426611043,166.83333333584997,-9.938854302716106,0.3,MEDIUM
evt_003018,STARLINK-32211,STARLINK-32126,1782350399.9999957,45.98313073359777,0.0399993537579508,166.666666667925,26.22025706781888,0.05,LOW
evt_003719,STARLINK-32211,STARLINK-32126,1782351600.0000043,44.556263531912094,0.0398091555270675,166.333333332075,-1.426867201685674,0.05,LOW
evt_004065,STARLINK-32211,STARLINK-32126,1782352200.000009,14.816481173412516,0.0621188480914538,166.16666666415003,-29.73978235849958,0.3,MEDIUM
evt_004418,STARLINK-32211,STARLINK-32126,1782352800.0000134,26.984730650323478,0.0583666806905157,165.99999999629128,12.168249476910958,0.05,LOW
evt_005476,STARLINK-32211,STARLINK-32126,1782354599.9999866,42.87292045966999,0.0549822275780611,165.50000000370872,15.888189809346516,0.05,LOW
evt_005818,STARLINK-32211,STARLINK-32126,1782355199.999991,27.001701803387867,0.0700678567121101,165.33333333584997,-15.871218656282124,0.05,LOW
evt_006155,STARLINK-32211,STARLINK-32126,1782355799.9999957,46.43110089077747,0.0617162858274523,165.166666667925,19.429399087389605,0.05,LOW
evt_000884,STARLINK-32220,STARLINK-33781,1782346800.000009,36.51969362980824,9.632964969416678,167.66666666415003,0.0,0.3,MEDIUM
evt_000885,STARLINK-32173,STARLINK-35546,1782346800.000009,34.922164745397616,2.2624317041401496,167.66666666415003,0.0,0.3,MEDIUM
evt_000886,STARLINK-32170,STARLINK-33869,1782346800.000009,43.617047033115455,1.3762454594885998,167.66666666415003,0.0,0.3,MEDIUM
evt_000887,STARLINK-11251 [DTC],STARLINK-11527 [DTC],1782346800.000009,36.70405101952019,3.113119389720697,167.66666666415003,0.0,0.3,MEDIUM
evt_000888,STARLINK-32378,STARLINK-34265,1782346800.000009,45.24235256411372,0.0686221730088465,167.66666666415003,0.0,0.05,LOW
evt_001265,STARLINK-32378,STARLINK-34265,1782347400.0000134,37.20060049780578,0.06830685176384,167.49999999629128,-8.041752066307936,0.05,LOW
evt_002327,STARLINK-32378,STARLINK-34265,1782349199.9999866,45.67822057260084,0.0429312687382956,167.00000000370872,8.477620074795055,0.05,LOW
evt_002673,STARLINK-32378,STARLINK-34265,1782349799.999991,20.280625286220506,0.0591606276637446,166.83333333584997,-25.397595286380334,0.05,LOW
evt_003036,STARLINK-32378,STARLINK-34265,1782350399.9999957,25.359720152162662,0.0539314961977933,166.666666667925,5.07909486594216,0.05,LOW
evt_003417,STARLINK-32378,STARLINK-34265,1782351000.0,47.29303536043847,0.027072749551755,166.5,21.933315208275804,0.05,LOW
evt_004067,STARLINK-32378,STARLINK-34265,1782352200.000009,33.74157350045707,0.0446686294522729,166.16666666415003,-13.551461859981394,0.05,LOW
evt_004431,STARLINK-32378,STARLINK-34265,1782352800.0000134,8.430698716197607,0.0585572699124877,165.99999999629128,-25.310874784259465,0.3,MEDIUM
evt_004771,STARLINK-32378,STARLINK-34265,1782353400.000018,33.59297479376972,0.0483330706221367,165.83333332836628,25.162276077572116,0.05,LOW
evt_005837,STARLINK-32378,STARLINK-34265,1782355199.999991,35.90880107915555,0.0584407918671579,165.33333333584997,2.315826285385832,0.05,LOW
evt_006168,STARLINK-32378,STARLINK-34265,1782355799.9999957,31.770514228380254,0.066199328379363,165.166666667925,-4.138286850775298,0.05,LOW
evt_000889,STARLINK-32140,STARLINK-32780,1782346800.000009,23.47985065327194,8.394402313227895,167.66666666415003,0.0,0.3,MEDIUM
evt_000890,STARLINK-32351,STARLINK-37225,1782346800.000009,38.802391722310766,9.786168100334658,167.66666666415003,0.0,0.3,MEDIUM
evt_000891,STARLINK-32323,STARLINK-35440,1782346800.000009,23.764268512676747,2.075856527980911,167.66666666415003,0.0,0.3,MEDIUM
evt_000892,STARLINK-32349,STARLINK-32361,1782346800.000009,24.53030595260266,2.299889813801064,167.66666666415003,0.0,0.3,MEDIUM
evt_000893,STARLINK-32515,STARLINK-37263,1782346800.000009,40.16440134177184,11.906516820028823,167.66666666415003,0.0,0.3,MEDIUM
evt_000894,STARLINK-32478,STARLINK-36495,1782346800.000009,48.54251112974057,9.662765258230236,167.66666666415003,0.0,0.3,MEDIUM
evt_000895,STARLINK-32511,STARLINK-37118,1782346800.000009,42.80143174990888,6.191683199038419,167.66666666415003,0.0,0.3,MEDIUM
evt_000896,STARLINK-32318,STARLINK-35703,1782346800.000009,49.96450751950798,9.922940725783636,167.66666666415003,0.0,0.3,MEDIUM
evt_000897,STARLINK-32239,STARLINK-32652,1782346800.000009,48.0465600166727,8.832905009148844,167.66666666415003,0.0,0.3,MEDIUM
evt_000898,STARLINK-32239,STARLINK-32958,1782346800.000009,18.868967866659155,3.7452743495861895,167.66666666415003,0.0,0.3,MEDIUM
evt_000899,STARLINK-32452,STARLINK-36155,1782346800.000009,47.881217031966266,6.451835833878137,167.66666666415003,0.0,0.3,MEDIUM
evt_000902,STARLINK-32635,STARLINK-34055,1782346800.000009,39.52535174625752,0.5626747855916373,167.66666666415003,0.0,0.05,LOW
evt_000903,STARLINK-32665,STARLINK-34187,1782346800.000009,47.75223071067008,7.627277259008922,167.66666666415003,0.0,0.3,MEDIUM
evt_000904,STARLINK-32664,STARLINK-11633 [DTC],1782346800.000009,10.64830464856637,2.671708876987016,167.66666666415003,0.0,0.3,MEDIUM
evt_000905,STARLINK-32652,STARLINK-32958,1782346800.000009,45.11001600409164,5.505981223981684,167.66666666415003,0.0,0.3,MEDIUM
evt_000907,STARLINK-32632,STARLINK-35310,1782346800.000009,33.096771798083275,2.6751782241938145,167.66666666415003,0.0,0.3,MEDIUM
evt_000908,STARLINK-33560,STARLINK-33825,1782346800.000009,43.002707847618986,3.2957223689897064,167.66666666415003,0.0,0.3,MEDIUM
evt_000909,STARLINK-32633,STARLINK-37117,1782346800.000009,6.107859279674709,5.74910376967667,167.66666666415003,0.0,0.3,MEDIUM
evt_000910,STARLINK-32700,STARLINK-37174,1782346800.000009,37.944732455898,14.720215410496326,167.66666666415003,0.0,0.3,MEDIUM
evt_000911,STARLINK-32634,STARLINK-32694,1782346800.000009,43.70436435753008,1.349568815109437,167.66666666415003,0.0,0.3,MEDIUM
evt_000912,STARLINK-32328,STARLINK-34680,1782346800.000009,17.582503302639747,1.8658838548916727,167.66666666415003,0.0,0.3,MEDIUM
evt_000913,STARLINK-11527 [DTC],STARLINK-32955,1782346800.000009,44.27485915330906,3.635108277768703,167.66666666415003,0.0,0.3,MEDIUM
evt_000914,STARLINK-32769,STARLINK-35947,1782346800.000009,49.41468107651995,10.90196587123076,167.66666666415003,0.0,0.3,MEDIUM
evt_000916,STARLINK-32859,STARLINK-37173,1782346800.000009,45.35442644667222,0.4569393814846144,167.66666666415003,0.0,0.05,LOW
evt_000917,STARLINK-32735,STARLINK-35003,1782346800.000009,13.470909765078876,3.837521347154033,167.66666666415003,0.0,0.3,MEDIUM
evt_000918,STARLINK-33620,STARLINK-36955,1782346800.000009,42.78063243992127,1.4756815787389443,167.66666666415003,0.0,0.3,MEDIUM
evt_000919,STARLINK-32957,STARLINK-34222,1782346800.000009,17.287772757439132,11.338330202237804,167.66666666415003,0.0,0.3,MEDIUM
evt_000920,STARLINK-32919,STARLINK-35626,1782346800.000009,22.60554142196472,3.947720673075114,167.66666666415003,0.0,0.3,MEDIUM
evt_000921,STARLINK-33660,STARLINK-34290,1782346800.000009,48.005212812308486,10.95383635775216,167.66666666415003,0.0,0.3,MEDIUM
evt_000922,STARLINK-33587,STARLINK-35377,1782346800.000009,28.29161813357507,8.277072338132056,167.66666666415003,0.0,0.3,MEDIUM
evt_000923,STARLINK-33721,STARLINK-35953,1782346800.000009,38.03021282159972,1.7309249659860595,167.66666666415003,0.0,0.3,MEDIUM
evt_000924,STARLINK-33719,STARLINK-35343,1782346800.000009,49.809809613272805,7.642382271667062,167.66666666415003,0.0,0.3,MEDIUM
evt_039992,STARLINK-33719,STARLINK-35343,1782414599.999991,27.901381118910276,7.642615764188314,148.83333333584997,-21.90842849436253,0.3,MEDIUM
evt_000925,STARLINK-33832,STARLINK-36402,1782346800.000009,43.08288974244224,1.471074244519093,167.66666666415003,0.0,0.3,MEDIUM
evt_000926,STARLINK-33580,STARLINK-34256,1782346800.000009,42.01937877766209,2.382952540735368,167.66666666415003,0.0,0.3,MEDIUM
evt_000927,STARLINK-33749,STARLINK-37363,1782346800.000009,46.78313015091158,3.5865598208388576,167.66666666415003,0.0,0.3,MEDIUM
evt_000928,STARLINK-33892,STARLINK-34659,1782346800.000009,13.874627764711487,4.092204225964377,167.66666666415003,0.0,0.3,MEDIUM
evt_000929,STARLINK-34068,STARLINK-34261,1782346800.000009,45.933613303145535,11.334515990946477,167.66666666415003,0.0,0.3,MEDIUM
evt_000930,STARLINK-34169,STARLINK-37544,1782346800.000009,32.38314277711177,11.87342958369714,167.66666666415003,0.0,0.3,MEDIUM
evt_000931,STARLINK-34062,STARLINK-37644,1782346800.000009,36.50108176869641,10.697971053524986,167.66666666415003,0.0,0.3,MEDIUM
evt_000932,STARLINK-34179,STARLINK-35166,1782346800.000009,45.12361599630121,10.35785448186035,167.66666666415003,0.0,0.3,MEDIUM
evt_000933,STARLINK-34080,STARLINK-34764,1782346800.000009,46.66050772576059,0.1154091746998316,167.66666666415003,0.0,0.05,LOW
evt_000934,STARLINK-34212,STARLINK-35060,1782346800.000009,23.62724708431212,1.447244323925175,167.66666666415003,0.0,0.3,MEDIUM
evt_000935,STARLINK-34191,STARLINK-35244,1782346800.000009,12.95842203640166,0.147728051726202,167.66666666415003,0.0,0.3,MEDIUM
evt_000936,STARLINK-34310,STARLINK-37275,1782346800.000009,44.79996247300053,0.6827858179966453,167.66666666415003,0.0,0.05,LOW
evt_000937,STARLINK-11691 [DTC],STARLINK-37526,1782346800.000009,34.42514395660788,5.78168463500778,167.66666666415003,0.0,0.3,MEDIUM
evt_000938,STARLINK-34240,STARLINK-34527,1782346800.000009,49.61003874157966,0.0558724420945642,167.66666666415003,0.0,0.05,LOW
evt_001315,STARLINK-34240,STARLINK-34527,1782347400.0000134,29.007133620756253,0.0559465217997773,167.49999999629128,-20.602905120823404,0.05,LOW
evt_001675,STARLINK-34240,STARLINK-34527,1782348000.000018,30.403116525636523,0.0423706439581323,167.33333332836628,1.3959829048802703,0.05,LOW
evt_002021,STARLINK-34240,STARLINK-34527,1782348599.999982,42.72525341244255,0.0156308429659678,167.16666667163372,12.322136886806025,0.05,LOW
evt_002363,STARLINK-34240,STARLINK-34527,1782349199.9999866,43.45149910987536,0.0231131420112097,167.00000000370872,0.7262456974328089,0.05,LOW
evt_002714,STARLINK-34240,STARLINK-34527,1782349799.999991,35.09573480337303,0.0496942712482757,166.83333333584997,-8.35576430650233,0.05,LOW
evt_003096,STARLINK-34240,STARLINK-34527,1782350399.9999957,39.287269069077,0.0625536882685936,166.666666667925,4.191534265703972,0.05,LOW
evt_000940,STARLINK-34272,STARLINK-34359,1782346800.000009,48.59647545296685,0.052789482022273,167.66666666415003,0.0,0.05,LOW
evt_001318,STARLINK-34272,STARLINK-34359,1782347400.0000134,38.67407996293588,0.0415706124457894,167.49999999629128,-9.922395490030972,0.05,LOW
evt_001678,STARLINK-34272,STARLINK-34359,1782348000.000018,28.677285411902627,0.0302677706997927,167.33333332836628,-9.99679455103325,0.05,LOW
evt_002023,STARLINK-34272,STARLINK-34359,1782348599.999982,19.12857349709273,0.0190533006010151,167.16666667163372,-9.548711914809893,0.3,MEDIUM
evt_002366,STARLINK-34272,STARLINK-34359,1782349199.9999866,11.641594350988592,0.0087913410250875,167.00000000370872,-7.486979146104142,0.3,MEDIUM
evt_002715,STARLINK-34272,STARLINK-34359,1782349799.999991,10.979549482361522,0.0072190726940289,166.83333333584997,-0.6620448686270706,0.3,MEDIUM
evt_003097,STARLINK-34272,STARLINK-34359,1782350399.9999957,17.34260656897573,0.0165202178837654,166.666666667925,6.363057086614207,0.3,MEDIUM
evt_003468,STARLINK-34272,STARLINK-34359,1782351000.0,25.75325024307886,0.0270926261388956,166.5,8.410643674103131,0.05,LOW
evt_003773,STARLINK-34272,STARLINK-34359,1782351600.0000043,34.80160158824283,0.0379327282469939,166.333333332075,9.048351345163972,0.05,LOW
evt_004112,STARLINK-34272,STARLINK-34359,1782352200.000009,44.30480367050006,0.0489330946052533,166.16666666415003,9.503202082257223,0.05,LOW
evt_000941,STARLINK-34264,STARLINK-34530,1782346800.000009,33.20643405559672,0.3491689042504476,167.66666666415003,0.0,0.05,LOW
evt_000942,STARLINK-34260,STARLINK-37136,1782346800.000009,13.862709397860709,2.90526739830748,167.66666666415003,0.0,0.3,MEDIUM
evt_000943,STARLINK-34445,STARLINK-35611,1782346800.000009,48.14991596866804,7.358739015805905,167.66666666415003,0.0,0.3,MEDIUM
evt_000944,STARLINK-34418,STARLINK-36341,1782346800.000009,36.41431274258328,4.892416084913672,167.66666666415003,0.0,0.3,MEDIUM
evt_000945,STARLINK-34336,STARLINK-35341,1782346800.000009,42.92417290886176,1.362001084274022,167.66666666415003,0.0,0.3,MEDIUM
evt_000946,STARLINK-34449,STARLINK-36803,1782346800.000009,45.86512006207181,14.568214041522564,167.66666666415003,0.0,0.3,MEDIUM
evt_000947,STARLINK-34493,STARLINK-35754,1782346800.000009,37.3743176692355,11.342104890281254,167.66666666415003,0.0,0.3,MEDIUM
evt_000949,STARLINK-34569,STARLINK-34878,1782346800.000009,34.35825112681342,11.000678701979112,167.66666666415003,0.0,0.3,MEDIUM
evt_000950,STARLINK-34382,STARLINK-35951,1782346800.000009,37.348478256955694,1.3936099700623017,167.66666666415003,0.0,0.3,MEDIUM
evt_000951,STARLINK-34537,STARLINK-35310,1782346800.000009,47.32855690435533,2.641069156332478,167.66666666415003,0.0,0.3,MEDIUM
evt_000953,STARLINK-34220,STARLINK-35167,1782346800.000009,49.97472877984665,1.2850998710525148,167.66666666415003,0.0,0.3,MEDIUM
evt_000954,STARLINK-34881,STARLINK-35642,1782346800.000009,48.99600860522349,0.9973927961814172,167.66666666415003,0.0,0.05,LOW
evt_000956,STARLINK-34785,STARLINK-34879,1782346800.000009,36.6081874448365,0.0708171428291654,167.66666666415003,0.0,0.05,LOW
evt_001338,STARLINK-34785,STARLINK-34879,1782347400.0000134,38.00311732914394,0.0807755826558974,167.49999999629128,1.3949298843074374,0.05,LOW
evt_000957,STARLINK-34983,STARLINK-36095,1782346800.000009,47.8131331026057,1.4205690571142475,167.66666666415003,0.0,0.3,MEDIUM
evt_000959,STARLINK-34670,STARLINK-35731,1782346800.000009,36.23375135506884,0.294000481327495,167.66666666415003,0.0,0.05,LOW
evt_002734,STARLINK-34670,STARLINK-35731,1782349799.999991,34.62246751739258,0.296043254466369,166.83333333584997,-1.611283837676261,0.05,LOW
evt_000960,STARLINK-34916,STARLINK-36174,1782346800.000009,35.08636941515012,3.1331400188867504,167.66666666415003,0.0,0.3,MEDIUM
evt_000961,STARLINK-35239,STARLINK-36367,1782346800.000009,22.19799076779896,7.866242258749895,167.66666666415003,0.0,0.3,MEDIUM
evt_000962,STARLINK-35141,STARLINK-35556,1782346800.000009,23.624558025998947,2.7095979995777584,167.66666666415003,0.0,0.3,MEDIUM
evt_000963,STARLINK-35070,STARLINK-37171,1782346800.000009,42.21796240042445,14.549431002790762,167.66666666415003,0.0,0.3,MEDIUM
evt_000964,STARLINK-34886,STARLINK-34206,1782346800.000009,30.521053016190745,10.451474047763076,167.66666666415003,0.0,0.3,MEDIUM
evt_000965,STARLINK-34893,STARLINK-37760,1782346800.000009,17.530966783770385,5.731083987579146,167.66666666415003,0.0,0.3,MEDIUM
evt_000966,STARLINK-34893,STARLINK-37725,1782346800.000009,25.705332734810305,5.733175610076118,167.66666666415003,0.0,0.3,MEDIUM
evt_000967,STARLINK-35208,STARLINK-37477,1782346800.000009,24.33185508039424,14.123493874664426,167.66666666415003,0.0,0.3,MEDIUM
evt_000968,STARLINK-34791,STARLINK-35649,1782346800.000009,45.7846952105504,2.8823888381265053,167.66666666415003,0.0,0.3,MEDIUM
evt_000970,STARLINK-33921,STARLINK-35650,1782346800.000009,28.38051990805733,6.925756558014976,167.66666666415003,0.0,0.3,MEDIUM
evt_000971,STARLINK-35279,STARLINK-35331,1782346800.000009,30.48515664400226,5.484855152686524,167.66666666415003,0.0,0.3,MEDIUM
evt_000972,STARLINK-34412,STARLINK-36532,1782346800.000009,42.37638597435162,1.5221059802975538,167.66666666415003,0.0,0.3,MEDIUM
evt_000973,STARLINK-35455,STARLINK-36671,1782346800.000009,46.55049666356439,12.00655131779057,167.66666666415003,0.0,0.3,MEDIUM
evt_000975,STARLINK-35554,STARLINK-36840,1782346800.000009,32.21673546998549,7.82481973814507,167.66666666415003,0.0,0.3,MEDIUM
evt_000977,STARLINK-35486,STARLINK-36780,1782346800.000009,41.27483199556114,7.781618454913365,167.66666666415003,0.0,0.3,MEDIUM
evt_000979,STARLINK-35354,STARLINK-37386,1782346800.000009,22.385186120462503,8.089745531043132,167.66666666415003,0.0,0.3,MEDIUM
evt_000980,STARLINK-34844,STARLINK-37477,1782346800.000009,44.21049846135427,11.454021684420749,167.66666666415003,0.0,0.3,MEDIUM
evt_000981,STARLINK-34767,STARLINK-36360,1782346800.000009,35.40370325954345,13.882099410810712,167.66666666415003,0.0,0.3,MEDIUM
evt_000982,STARLINK-35577,STARLINK-36820,1782346800.000009,49.33031261318133,14.069821074500249,167.66666666415003,0.0,0.3,MEDIUM
evt_000983,STARLINK-35315,STARLINK-36583,1782346800.000009,42.85671642536455,7.707924606689463,167.66666666415003,0.0,0.3,MEDIUM
evt_000984,STARLINK-35949,STARLINK-36892,1782346800.000009,23.05616803033532,5.327894927853976,167.66666666415003,0.0,0.3,MEDIUM
evt_000986,STARLINK-36452,STARLINK-37164,1782346800.000009,43.30776133243255,10.740704277519216,167.66666666415003,0.0,0.3,MEDIUM
evt_000987,STARLINK-37067,STARLINK-37444,1782346800.000009,31.48687085016756,5.960257069921194,167.66666666415003,0.0,0.3,MEDIUM
evt_000988,STARLINK-36948,STARLINK-37019,1782346800.000009,44.14210572872231,13.477399517031715,167.66666666415003,0.0,0.3,MEDIUM
evt_000990,STARLINK-36292,STARLINK-37213,1782346800.000009,24.758507332877844,8.792708040509556,167.66666666415003,0.0,0.3,MEDIUM
evt_000991,STARLINK-36252,STARLINK-37202,1782346800.000009,49.040924042988486,8.16948069662596,167.66666666415003,0.0,0.3,MEDIUM
evt_000992,STARLINK-37766,STARLINK-37501,1782346800.000009,36.66177125174541,1.1341500899744503,167.66666666415003,0.0,0.3,MEDIUM
evt_000995,STARLINK-37040,STARLINK-37673,1782346800.000009,39.72346575336445,0.0428590387000845,167.66666666415003,0.0,0.05,LOW
evt_001379,STARLINK-37040,STARLINK-37673,1782347400.0000134,25.82045040864533,0.0247831644510944,167.49999999629128,-13.903015344719112,0.05,LOW
evt_001720,STARLINK-37040,STARLINK-37673,1782348000.000018,16.539172835564326,0.0100545188904985,167.33333332836628,-9.281277573081006,0.3,MEDIUM
evt_002069,STARLINK-37040,STARLINK-37673,1782348599.999982,20.507231362226925,0.0175040670438004,167.16666667163372,3.968058526662599,0.05,LOW
evt_002415,STARLINK-37040,STARLINK-37673,1782349199.9999866,33.818857451081605,0.0354460781406334,167.00000000370872,13.31162608885468,0.05,LOW
evt_002766,STARLINK-37040,STARLINK-37673,1782349799.999991,49.625410193434185,0.0544826015694994,166.83333333584997,15.80655274235258,0.05,LOW
evt_000997,STARLINK-1172,STARLINK-30915,1782347400.0000134,46.718577061005504,1.7874136514620254,167.49999999629128,0.0,0.3,MEDIUM
evt_000998,STARLINK-1153,STARLINK-37392,1782347400.0000134,45.6470246733758,0.1813252018123153,167.49999999629128,0.0,0.05,LOW
evt_000999,STARLINK-1230,STARLINK-32028,1782347400.0000134,44.628421283886965,0.0994776840301477,167.49999999629128,0.0,0.05,LOW
evt_001382,STARLINK-1230,STARLINK-32028,1782348000.000018,26.08629107058956,0.1051160520705852,167.33333332836628,-18.542130213297405,0.05,LOW
evt_002770,STARLINK-1230,STARLINK-32028,1782350399.9999957,31.6055659435681,0.107730542114829,166.666666667925,5.519274872978539,0.05,LOW
evt_003151,STARLINK-1230,STARLINK-32028,1782351000.0,49.75660091229069,0.1011967209054451,166.5,18.151034968722595,0.05,LOW
evt_004541,STARLINK-1230,STARLINK-32028,1782353400.000018,47.5930563465765,0.1205421699314301,165.83333332836628,-2.16354456571419,0.05,LOW
evt_001000,STARLINK-1269,STARLINK-35428,1782347400.0000134,36.206356728898974,0.2032537274969051,167.49999999629128,0.0,0.05,LOW
evt_001001,STARLINK-1199,STARLINK-36065,1782347400.0000134,48.798194605316745,0.0890264000801299,167.49999999629128,0.0,0.05,LOW
evt_001384,STARLINK-1199,STARLINK-36065,1782348000.000018,49.44663406490223,0.0825881034726034,167.33333332836628,0.6484394595854823,0.05,LOW
evt_002772,STARLINK-1199,STARLINK-36065,1782350399.9999957,28.20089001240833,0.077612384080768,166.666666667925,-21.2457440524939,0.05,LOW
evt_003152,STARLINK-1199,STARLINK-36065,1782351000.0,43.051123111579344,0.0622505153970495,166.5,14.850233099171016,0.05,LOW
evt_004174,STARLINK-1199,STARLINK-36065,1782352800.0000134,33.5547290910331,0.0642482342155987,165.99999999629128,-9.49639402054624,0.05,LOW
evt_004543,STARLINK-1199,STARLINK-36065,1782353400.000018,18.36255862851125,0.0731167786509073,165.83333332836628,-15.192170462521856,0.3,MEDIUM
evt_005928,STARLINK-1199,STARLINK-36065,1782355799.9999957,33.98476602959103,0.0776176813489273,165.166666667925,15.62220740107978,0.05,LOW
evt_006252,STARLINK-1199,STARLINK-36065,1782356400.0,43.58483330889197,0.079992045431646,165.0,9.600067279300944,0.05,LOW
evt_001002,STARLINK-1271,STARLINK-34626,1782347400.0000134,44.64694211137463,0.0943280447936167,167.49999999629128,0.0,0.05,LOW
evt_002419,STARLINK-1271,STARLINK-34626,1782349799.999991,33.90253875424388,0.0821953422611424,166.83333333584997,-10.74440335713075,0.05,LOW
evt_002774,STARLINK-1271,STARLINK-34626,1782350399.9999957,33.873094079589244,0.0772725700973791,166.666666667925,-0.0294446746546341,0.05,LOW
evt_004176,STARLINK-1271,STARLINK-34626,1782352800.0000134,19.991983426540795,0.0828145992739699,165.99999999629128,-13.881110653048449,0.3,MEDIUM
evt_004546,STARLINK-1271,STARLINK-34626,1782353400.000018,46.966875754818986,0.0709739627284644,165.83333332836628,26.97489232827819,0.05,LOW
evt_005929,STARLINK-1271,STARLINK-34626,1782355799.9999957,43.41748018957337,0.09404464108734,165.166666667925,-3.549395565245618,0.05,LOW
evt_001004,STARLINK-1350,STARLINK-36550,1782347400.0000134,42.68512890350115,11.356587287526528,167.49999999629128,0.0,0.3,MEDIUM
evt_001006,STARLINK-1549,STARLINK-32163,1782347400.0000134,9.179125346469222,5.083966305650901,167.49999999629128,0.0,0.3,MEDIUM
evt_001008,STARLINK-1807,STARLINK-31859,1782347400.0000134,49.863192112421416,6.511390003962534,167.49999999629128,0.0,0.3,MEDIUM
evt_001011,STARLINK-2049,STARLINK-33879,1782347400.0000134,18.28760737289529,10.623324795510513,167.49999999629128,0.0,0.3,MEDIUM
evt_001012,STARLINK-2081,STARLINK-3836,1782347400.0000134,39.5480945854383,8.528212943846682,167.49999999629128,0.0,0.3,MEDIUM
evt_001015,STARLINK-2088,STARLINK-31315,1782347400.0000134,38.43552387068594,11.034792775864943,167.49999999629128,0.0,0.3,MEDIUM
evt_001016,STARLINK-2088,STARLINK-31991,1782347400.0000134,42.27414848174801,0.0422740215482001,167.49999999629128,0.0,0.05,LOW
evt_001396,STARLINK-2088,STARLINK-31991,1782348000.000018,24.456288888995623,0.04821016146392,167.33333332836628,-17.81785959275238,0.05,LOW
evt_001742,STARLINK-2088,STARLINK-31991,1782348599.999982,22.99570710687731,0.0418594912735352,167.16666667163372,-1.460581782118318,0.05,LOW
evt_002091,STARLINK-2088,STARLINK-31991,1782349199.9999866,35.81426597872655,0.0206760304125167,167.00000000370872,12.818558871849245,0.05,LOW
evt_002436,STARLINK-2088,STARLINK-31991,1782349799.999991,38.38177849722407,0.0102581349837776,166.83333333584997,2.567512518497516,0.05,LOW
evt_002791,STARLINK-2088,STARLINK-31991,1782350399.9999957,27.779229787035,0.0351239407043729,166.666666667925,-10.602548710189067,0.05,LOW
evt_003170,STARLINK-2088,STARLINK-31991,1782351000.0,20.744896757169244,0.0477517078668747,166.5,-7.034333029865756,0.05,LOW
evt_003526,STARLINK-2088,STARLINK-31991,1782351600.0000043,36.938600039969934,0.0459177023209308,166.333333332075,16.19370328280069,0.05,LOW
evt_001017,STARLINK-2088,STARLINK-35980,1782347400.0000134,19.91313527723924,9.695713474261908,167.49999999629128,0.0,0.3,MEDIUM
evt_001019,STARLINK-2123,STARLINK-30536,1782347400.0000134,49.90808814394774,7.120493938364432,167.49999999629128,0.0,0.3,MEDIUM
evt_001020,STARLINK-1992,STARLINK-35542,1782347400.0000134,39.370374940786895,8.355668339989268,167.49999999629128,0.0,0.3,MEDIUM
evt_001021,STARLINK-2334,STARLINK-35700,1782347400.0000134,35.572526397393986,0.88738219525864,167.49999999629128,0.0,0.05,LOW
evt_001022,STARLINK-2419,STARLINK-32733,1782347400.0000134,25.268896598928237,1.8947590582363512,167.49999999629128,0.0,0.3,MEDIUM
evt_001023,STARLINK-2419,STARLINK-36069,1782347400.0000134,15.425690744673862,9.452683382847136,167.49999999629128,0.0,0.3,MEDIUM
evt_001024,STARLINK-2429,STARLINK-36831,1782347400.0000134,35.02277651756414,4.235591854349154,167.49999999629128,0.0,0.3,MEDIUM
evt_001025,STARLINK-2370,STARLINK-34108,1782347400.0000134,32.09510864277749,2.8139447417082413,167.49999999629128,0.0,0.3,MEDIUM
evt_001026,STARLINK-2405,STARLINK-6351,1782347400.0000134,19.04626797986131,1.575595838248092,167.49999999629128,0.0,0.3,MEDIUM
evt_001027,STARLINK-2412,STARLINK-30812,1782347400.0000134,39.35617902556437,5.588908848355628,167.49999999629128,0.0,0.3,MEDIUM
evt_001028,STARLINK-2417,STARLINK-34946,1782347400.0000134,48.579348522644814,0.2616063695437665,167.49999999629128,0.0,0.05,LOW
evt_001029,STARLINK-2430,STARLINK-35625,1782347400.0000134,49.70445917352564,10.163074743771409,167.49999999629128,0.0,0.3,MEDIUM
evt_001030,STARLINK-2440,STARLINK-4217,1782347400.0000134,29.918860190734577,1.039986954803545,167.49999999629128,0.0,0.3,MEDIUM
evt_001031,STARLINK-2448,STARLINK-32824,1782347400.0000134,47.625147646275714,12.037727600546978,167.49999999629128,0.0,0.3,MEDIUM
evt_001032,STARLINK-2462,STARLINK-36471,1782347400.0000134,36.87080686382571,6.074526816732747,167.49999999629128,0.0,0.3,MEDIUM
evt_001035,STARLINK-2478,STARLINK-36876,1782347400.0000134,37.30097832653945,10.478066554233491,167.49999999629128,0.0,0.3,MEDIUM
evt_001036,STARLINK-2480,STARLINK-31516,1782347400.0000134,20.68611523789029,0.1341415191887202,167.49999999629128,0.0,0.05,LOW
evt_002461,STARLINK-2480,STARLINK-31516,1782349799.999991,46.97141129671645,0.1258375478718585,166.83333333584997,26.28529605882615,0.05,LOW
evt_002817,STARLINK-2480,STARLINK-31516,1782350399.9999957,42.91262336597326,0.1307358494144581,166.666666667925,-4.058787930743186,0.05,LOW
evt_001037,STARLINK-2481,STARLINK-30127,1782347400.0000134,22.561189580195197,1.5109603163164222,167.49999999629128,0.0,0.3,MEDIUM
evt_001038,STARLINK-2483,STARLINK-35508,1782347400.0000134,45.42171169970571,0.0504445027308494,167.49999999629128,0.0,0.05,LOW
evt_001428,STARLINK-2483,STARLINK-35508,1782348000.000018,37.99141357104868,0.0415746872700374,167.33333332836628,-7.430298128657036,0.05,LOW
evt_001769,STARLINK-2483,STARLINK-35508,1782348599.999982,30.66506689135876,0.0327460459232696,167.16666667163372,-7.326346679689916,0.05,LOW
evt_002119,STARLINK-2483,STARLINK-35508,1782349199.9999866,23.08738657712244,0.0243666072623608,167.00000000370872,-7.577680314236321,0.05,LOW
evt_002462,STARLINK-2483,STARLINK-35508,1782349799.999991,15.584127372817903,0.0165376173050097,166.83333333584997,-7.503259204304532,0.3,MEDIUM
evt_002818,STARLINK-2483,STARLINK-35508,1782350399.9999957,9.964701614939584,0.0091554293768367,166.666666667925,-5.61942575787832,0.3,MEDIUM
evt_003191,STARLINK-2483,STARLINK-35508,1782351000.0,9.942149333388436,0.0061435393667499,166.5,-0.0225522815511496,0.3,MEDIUM
evt_003542,STARLINK-2483,STARLINK-35508,1782351600.0000043,14.674642965967406,0.0131438470883189,166.333333332075,4.73249363257897,0.3,MEDIUM
evt_003862,STARLINK-2483,STARLINK-35508,1782352200.000009,21.01199847824919,0.022170002874446,166.16666666415003,6.337355512281784,0.05,LOW
evt_004207,STARLINK-2483,STARLINK-35508,1782352800.0000134,28.251370563340963,0.0309466692793725,165.99999999629128,7.239372085091773,0.05,LOW
evt_004573,STARLINK-2483,STARLINK-35508,1782353400.000018,36.037972035965815,0.0394161731596335,165.83333332836628,7.786601472624852,0.05,LOW
evt_004922,STARLINK-2483,STARLINK-35508,1782353999.999982,43.88081492460638,0.0480109268727451,165.66666667163372,7.842842888640568,0.05,LOW
evt_001039,STARLINK-2485,STARLINK-37255,1782347400.0000134,43.33591198960847,11.838530620621748,167.49999999629128,0.0,0.3,MEDIUM
evt_001040,STARLINK-2503,STARLINK-31499,1782347400.0000134,42.50768235743694,0.1496070714971575,167.49999999629128,0.0,0.05,LOW
evt_002820,STARLINK-2503,STARLINK-31499,1782350399.9999957,47.54913535003527,0.1637495395649718,166.666666667925,5.04145299259833,0.05,LOW
evt_001041,STARLINK-2567,STARLINK-5111,1782347400.0000134,43.91554700428628,1.7130794465590515,167.49999999629128,0.0,0.3,MEDIUM
evt_001042,STARLINK-2523,STARLINK-6112,1782347400.0000134,29.268835634739425,5.56510709379833,167.49999999629128,0.0,0.3,MEDIUM
evt_001043,STARLINK-2536,STARLINK-32400,1782347400.0000134,35.61237704072473,0.1928582868091864,167.49999999629128,0.0,0.05,LOW
evt_002824,STARLINK-2536,STARLINK-32400,1782350399.9999957,3.266754087405693,0.196514277918543,166.666666667925,-32.34562295331904,0.3,MEDIUM
evt_004580,STARLINK-2536,STARLINK-32400,1782353400.000018,37.56646956619328,0.1921277903398567,165.83333332836628,34.29971547878759,0.05,LOW
evt_005966,STARLINK-2536,STARLINK-32400,1782355799.9999957,48.99035349510827,0.1910570497504924,165.166666667925,11.42388392891499,0.05,LOW
evt_007673,STARLINK-2536,STARLINK-32400,1782358800.000018,26.25814458589356,0.1977621436435454,164.33333332836628,-22.732208909214712,0.05,LOW
evt_009392,STARLINK-2536,STARLINK-32400,1782361800.0,44.54026055319735,0.1984091647757367,163.5,18.28211596730379,0.05,LOW
evt_107515,STARLINK-2536,STARLINK-32400,1782527999.999991,47.46091375691849,0.2031866001635329,117.33333333584996,2.920653203721137,0.05,LOW
evt_112822,STARLINK-2536,STARLINK-32400,1782536400.0000134,28.60212348413154,0.1985301812111929,114.99999999629128,-18.858790272786948,0.05,LOW
evt_114761,STARLINK-2536,STARLINK-32400,1782539399.9999957,32.26990316769999,0.194266943243742,114.166666667925,3.667779683568448,0.05,LOW
evt_118183,STARLINK-2536,STARLINK-32400,1782544799.9999957,17.80539424354328,0.1951506896906946,112.666666667925,-14.464508924156709,0.3,MEDIUM
evt_120100,STARLINK-2536,STARLINK-32400,1782547800.000018,19.923577041363732,0.1957465043978709,111.83333332836628,2.118182797820456,0.3,MEDIUM
evt_123481,STARLINK-2536,STARLINK-32400,1782553200.000018,38.8929602105685,0.1964419621556765,110.33333332836628,18.969383169204768,0.05,LOW
evt_125392,STARLINK-2536,STARLINK-32400,1782556200.0,41.93558103160886,0.2010727322943679,109.5,3.0426208210403587,0.05,LOW
evt_001044,STARLINK-2502,STARLINK-31829,1782347400.0000134,29.42868953818309,7.302025820984078,167.49999999629128,0.0,0.3,MEDIUM
evt_001046,STARLINK-2470,STARLINK-34082,1782347400.0000134,35.06531991674914,7.273653426120293,167.49999999629128,0.0,0.3,MEDIUM
evt_001047,STARLINK-2613,STARLINK-32909,1782347400.0000134,36.92072189702674,10.66076404119596,167.49999999629128,0.0,0.3,MEDIUM
evt_001048,STARLINK-2499,STARLINK-30215,1782347400.0000134,40.04045554752668,11.26718146948177,167.49999999629128,0.0,0.3,MEDIUM
evt_001049,STARLINK-2612,STARLINK-36112,1782347400.0000134,34.66286784985129,1.2736338389882709,167.49999999629128,0.0,0.3,MEDIUM
evt_001050,STARLINK-2614,STARLINK-33777,1782347400.0000134,32.17702761778812,1.98115405806904,167.49999999629128,0.0,0.3,MEDIUM
evt_001051,STARLINK-2575,STARLINK-34311,1782347400.0000134,19.08258284647523,6.784090423754283,167.49999999629128,0.0,0.3,MEDIUM
evt_001052,STARLINK-2570,STARLINK-35211,1782347400.0000134,34.818478624303424,0.1002216095673762,167.49999999629128,0.0,0.05,LOW
evt_001053,STARLINK-2581,STARLINK-36100,1782347400.0000134,27.451152169574108,6.26620943669139,167.49999999629128,0.0,0.3,MEDIUM
evt_001054,STARLINK-2680,STARLINK-30068,1782347400.0000134,47.71855315329514,1.3502869364176229,167.49999999629128,0.0,0.3,MEDIUM
evt_001056,STARLINK-2633,STARLINK-3236,1782347400.0000134,43.16537933521529,0.0882345464887909,167.49999999629128,0.0,0.05,LOW
evt_001057,STARLINK-2579,STARLINK-32648,1782347400.0000134,43.56192801417399,0.3731157288028851,167.49999999629128,0.0,0.05,LOW
evt_001058,STARLINK-2722,STARLINK-5108,1782347400.0000134,33.623559665482816,2.679372127910125,167.49999999629128,0.0,0.3,MEDIUM
evt_001059,STARLINK-2658,STARLINK-4094,1782347400.0000134,39.13826380585223,0.0312060069596683,167.49999999629128,0.0,0.05,LOW
evt_001445,STARLINK-2658,STARLINK-4094,1782348000.000018,37.7535666618763,0.0256464140320446,167.33333332836628,-1.3846971439759344,0.05,LOW
evt_001061,STARLINK-2525,STARLINK-32474,1782347400.0000134,46.18863505319563,0.0573869815786822,167.49999999629128,0.0,0.05,LOW
evt_001447,STARLINK-2525,STARLINK-32474,1782348000.000018,37.8584318817461,0.0502587669520745,167.33333332836628,-8.330203171449533,0.05,LOW
evt_001790,STARLINK-2525,STARLINK-32474,1782348599.999982,36.97437790795066,0.0359658119461406,167.16666667163372,-0.8840539737954387,0.05,LOW
evt_002145,STARLINK-2525,STARLINK-32474,1782349199.9999866,35.005432823785526,0.022094143762513,167.00000000370872,-1.968945084165135,0.05,LOW
evt_002471,STARLINK-2525,STARLINK-32474,1782349799.999991,24.96825752093637,0.0245693496238008,166.83333333584997,-10.03717530284916,0.05,LOW
evt_002832,STARLINK-2525,STARLINK-32474,1782350399.9999957,9.879241398703726,0.0312376799320776,166.666666667925,-15.08901612223264,0.3,MEDIUM
evt_003210,STARLINK-2525,STARLINK-32474,1782351000.0,16.683435194478225,0.0285408257351059,166.5,6.8041937957744985,0.3,MEDIUM
evt_003566,STARLINK-2525,STARLINK-32474,1782351600.0000043,30.3644025441711,0.0202570449687166,166.333333332075,13.680967349692876,0.05,LOW
evt_003878,STARLINK-2525,STARLINK-32474,1782352200.000009,35.78298477985302,0.026240493399447,166.16666666415003,5.418582235681917,0.05,LOW
evt_004231,STARLINK-2525,STARLINK-32474,1782352800.0000134,35.33312516382416,0.0422312230952425,165.99999999629128,-0.4498596160288599,0.05,LOW
evt_004594,STARLINK-2525,STARLINK-32474,1782353400.000018,39.11360812488992,0.0531729523144192,165.83333332836628,3.780482961065765,0.05,LOW
evt_001062,STARLINK-2500,STARLINK-35888,1782347400.0000134,19.38108474714452,1.693678440829637,167.49999999629128,0.0,0.3,MEDIUM
evt_001063,STARLINK-2155,STARLINK-36459,1782347400.0000134,19.06922765101802,1.424300060046619,167.49999999629128,0.0,0.3,MEDIUM
evt_001064,STARLINK-2217,STARLINK-36867,1782347400.0000134,43.93140803343049,14.594927710018876,167.49999999629128,0.0,0.3,MEDIUM
evt_001066,STARLINK-2657,STARLINK-32246,1782347400.0000134,48.26488098862509,9.61708484048428,167.49999999629128,0.0,0.3,MEDIUM
evt_001067,STARLINK-2647,STARLINK-31936,1782347400.0000134,30.2454148773122,2.7349311913560443,167.49999999629128,0.0,0.3,MEDIUM
evt_001070,STARLINK-2743,STARLINK-36587,1782347400.0000134,49.52158749681219,13.8972006950085,167.49999999629128,0.0,0.3,MEDIUM
evt_001071,STARLINK-3226,STARLINK-30595,1782347400.0000134,49.282053376329,0.0436786694271968,167.49999999629128,0.0,0.05,LOW
evt_001462,STARLINK-3226,STARLINK-30595,1782348000.000018,45.1890052405092,0.0156268775604936,167.33333332836628,-4.093048135819799,0.05,LOW
evt_001807,STARLINK-3226,STARLINK-30595,1782348599.999982,48.26669573147702,0.0418876968114874,167.16666667163372,3.077690490967818,0.05,LOW
evt_001072,STARLINK-3231,STARLINK-34196,1782347400.0000134,46.47928902068646,4.239830167418988,167.49999999629128,0.0,0.3,MEDIUM
evt_001074,STARLINK-3324,STARLINK-35229,1782347400.0000134,23.810970354212767,14.56247291841254,167.49999999629128,0.0,0.3,MEDIUM
evt_016055,STARLINK-3324,STARLINK-35229,1782373200.0000043,28.312652267544024,14.520216079189565,160.333333332075,4.501681913331257,0.3,MEDIUM
evt_030763,STARLINK-3324,STARLINK-35229,1782398999.9999957,49.51084625023236,14.508774794360654,153.166666667925,21.198193982688338,0.3,MEDIUM
evt_001076,STARLINK-3533,STARLINK-30148,1782347400.0000134,48.32222086687799,1.7725666322784364,167.49999999629128,0.0,0.3,MEDIUM
evt_001077,STARLINK-3445,STARLINK-34839,1782347400.0000134,34.218930731814474,0.026243016641486,167.49999999629128,0.0,0.05,LOW
evt_001471,STARLINK-3445,STARLINK-34839,1782348000.000018,35.11159614145193,0.0374572883575345,167.33333332836628,0.8926654096374591,0.05,LOW
evt_001078,STARLINK-3449,STARLINK-5051,1782347400.0000134,49.76468937113504,2.757893776704177,167.49999999629128,0.0,0.3,MEDIUM
evt_001079,STARLINK-3511,STARLINK-35528,1782347400.0000134,38.65856384340909,11.43995130234967,167.49999999629128,0.0,0.3,MEDIUM
evt_001080,STARLINK-3611,STARLINK-5599,1782347400.0000134,40.18068533301103,10.06064893897537,167.49999999629128,0.0,0.3,MEDIUM
evt_001081,STARLINK-3541,STARLINK-34042,1782347400.0000134,42.64686313569637,5.9416018710277445,167.49999999629128,0.0,0.3,MEDIUM
evt_001082,STARLINK-3554,STARLINK-35215,1782347400.0000134,20.920702321536808,14.2716430924483,167.49999999629128,0.0,0.3,MEDIUM
evt_016067,STARLINK-3554,STARLINK-35215,1782373200.0000043,49.57705096614062,14.294682524766197,160.333333332075,28.65634864460381,0.3,MEDIUM
evt_001084,STARLINK-3547,STARLINK-4201,1782347400.0000134,45.78224719603214,2.70023856681527,167.49999999629128,0.0,0.3,MEDIUM
evt_001085,STARLINK-3597,STARLINK-35994,1782347400.0000134,32.02235129502108,1.5659998660932737,167.49999999629128,0.0,0.3,MEDIUM
evt_001086,STARLINK-3704,STARLINK-4553,1782347400.0000134,41.98025031785963,3.520780790924902,167.49999999629128,0.0,0.3,MEDIUM
evt_001087,STARLINK-3675,STARLINK-33564,1782347400.0000134,13.202185889369654,8.498735384903192,167.49999999629128,0.0,0.3,MEDIUM
evt_001088,STARLINK-3690,STARLINK-35525,1782347400.0000134,23.52279252711532,1.6560609703034486,167.49999999629128,0.0,0.3,MEDIUM
evt_001089,STARLINK-3674,STARLINK-32613,1782347400.0000134,43.801613298070656,4.907098338642507,167.49999999629128,0.0,0.3,MEDIUM
evt_001090,STARLINK-3737,STARLINK-4261,1782347400.0000134,37.9551511341767,5.588133745373734,167.49999999629128,0.0,0.3,MEDIUM
evt_001091,STARLINK-3771,STARLINK-4275,1782347400.0000134,34.43401157761109,0.5638265763292366,167.49999999629128,0.0,0.05,LOW
evt_001092,STARLINK-3756,STARLINK-35196,1782347400.0000134,41.89484356865224,0.1611185527978038,167.49999999629128,0.0,0.05,LOW
evt_001093,STARLINK-3750,STARLINK-4217,1782347400.0000134,49.971234316924665,0.482206946844088,167.49999999629128,0.0,0.05,LOW
evt_001094,STARLINK-4024,STARLINK-6167,1782347400.0000134,36.79347089640229,9.879663761710963,167.49999999629128,0.0,0.3,MEDIUM
evt_001095,STARLINK-4084,STARLINK-30917,1782347400.0000134,48.54214379583133,2.79897906298816,167.49999999629128,0.0,0.3,MEDIUM
evt_001096,STARLINK-4035,STARLINK-4123,1782347400.0000134,48.73415804848766,6.963404580946981,167.49999999629128,0.0,0.3,MEDIUM
evt_022488,STARLINK-4035,STARLINK-4123,1782384600.000009,40.15098034557132,6.976027663754652,157.16666666415003,-8.583177702916338,0.3,MEDIUM
evt_267531,STARLINK-4035,STARLINK-4123,1782756600.0000043,40.88976374455644,6.97594690353054,53.83333333207501,0.7387833989851202,0.3,MEDIUM
evt_295680,STARLINK-4035,STARLINK-4123,1782793800.0,48.70627241781626,6.963445227817746,43.5,7.816508673259818,0.3,MEDIUM
evt_324950,STARLINK-4035,STARLINK-4123,1782830999.9999957,12.114000562370943,6.975843170174881,33.166666667924986,-36.59227185544531,0.3,MEDIUM
evt_354174,STARLINK-4035,STARLINK-4123,1782868199.999991,15.23743897927049,6.963395445947284,22.83333333584997,3.1234384168995444,0.3,MEDIUM
evt_383233,STARLINK-4035,STARLINK-4123,1782905399.9999866,26.59504415298859,6.975903355350657,12.500000003708733,11.3576051737181,0.3,MEDIUM
evt_412244,STARLINK-4035,STARLINK-4123,1782942599.999982,28.54845785748515,6.9635757605626365,2.1666666716337204,1.9534137044965616,0.3,MEDIUM
evt_001097,STARLINK-4338,STARLINK-4786,1782347400.0000134,47.117382645814494,14.808005658811162,167.49999999629128,0.0,0.3,MEDIUM
evt_001098,STARLINK-4310,STARLINK-33831,1782347400.0000134,49.89028849124768,10.54709864369303,167.49999999629128,0.0,0.3,MEDIUM
evt_001099,STARLINK-4384,STARLINK-4365,1782347400.0000134,43.657988637584445,0.1555063517662518,167.49999999629128,0.0,0.05,LOW
evt_001100,STARLINK-4371,STARLINK-5530,1782347400.0000134,43.863157037051145,6.222622911872641,167.49999999629128,0.0,0.3,MEDIUM
evt_001101,STARLINK-4122,STARLINK-31266,1782347400.0000134,36.45913565305323,1.3720926409403749,167.49999999629128,0.0,0.3,MEDIUM
evt_001102,STARLINK-4543,STARLINK-33734,1782347400.0000134,45.544636505759634,5.907633672849145,167.49999999629128,0.0,0.3,MEDIUM
evt_001103,STARLINK-4435,STARLINK-11727 [DTC],1782347400.0000134,35.59240180634217,12.326646977794509,167.49999999629128,0.0,0.3,MEDIUM
evt_001104,STARLINK-4495,STARLINK-5072,1782347400.0000134,43.62025328243924,4.206652904939228,167.49999999629128,0.0,0.3,MEDIUM
evt_001105,STARLINK-4502,STARLINK-34580,1782347400.0000134,42.7063025377888,11.49208655262312,167.49999999629128,0.0,0.3,MEDIUM
evt_001106,STARLINK-4590,STARLINK-4756,1782347400.0000134,40.27626055538779,6.960861982971207,167.49999999629128,0.0,0.3,MEDIUM
evt_044083,STARLINK-4590,STARLINK-4756,1782421800.0000043,40.5868612508753,6.96086621294766,146.833333332075,0.3106006954875084,0.3,MEDIUM
evt_088315,STARLINK-4590,STARLINK-4756,1782496199.9999957,41.13378729710979,6.960865526094759,126.166666667925,0.5469260462344891,0.3,MEDIUM
evt_134725,STARLINK-4590,STARLINK-4756,1782570599.9999866,41.769794668990265,6.960860925069853,105.50000000370872,0.6360073718804742,0.3,MEDIUM
evt_185523,STARLINK-4590,STARLINK-4756,1782645000.000018,42.37290971595336,6.960853306857405,84.83333332836628,0.6031150469630973,0.3,MEDIUM
evt_239610,STARLINK-4590,STARLINK-4756,1782719400.000009,42.84573062441088,6.960843462701841,64.16666666415003,0.4728209084575212,0.3,MEDIUM
evt_295693,STARLINK-4590,STARLINK-4756,1782793800.0,43.11216039408774,6.960832078034524,43.5,0.2664297696768543,0.3,MEDIUM
evt_354194,STARLINK-4590,STARLINK-4756,1782868199.999991,43.11347291808358,6.960819732395166,22.83333333584997,0.0013125239958426,0.3,MEDIUM
evt_412251,STARLINK-4590,STARLINK-4756,1782942599.999982,42.80467479453615,6.96080689934763,2.1666666716337204,-0.3087981235474331,0.3,MEDIUM
evt_001107,STARLINK-4660,STARLINK-34258,1782347400.0000134,46.72759396404089,11.613716486816756,167.49999999629128,0.0,0.3,MEDIUM
evt_001108,STARLINK-4573,STARLINK-4627,1782347400.0000134,38.394700189659616,1.6626871682699815,167.49999999629128,0.0,0.3,MEDIUM
evt_001109,STARLINK-4458,STARLINK-11114 [DTC],1782347400.0000134,31.846697701891696,6.451985190555775,167.49999999629128,0.0,0.3,MEDIUM
evt_001110,STARLINK-4642,STARLINK-5398,1782347400.0000134,43.717789005403816,8.922850119719273,167.49999999629128,0.0,0.3,MEDIUM
evt_001111,STARLINK-4715,STARLINK-31432,1782347400.0000134,47.098448560681206,5.395107628407072,167.49999999629128,0.0,0.3,MEDIUM
evt_001112,STARLINK-4809,STARLINK-33544,1782347400.0000134,46.12780959078323,11.16392781740986,167.49999999629128,0.0,0.3,MEDIUM
evt_001114,STARLINK-5412,STARLINK-30807,1782347400.0000134,39.05335296208401,1.5968294153777365,167.49999999629128,0.0,0.3,MEDIUM
evt_001115,STARLINK-5661,STARLINK-37393,1782347400.0000134,20.528415613840284,14.100196029781106,167.49999999629128,0.0,0.3,MEDIUM
evt_001116,STARLINK-5663,STARLINK-31589,1782347400.0000134,37.697437734290766,7.8812527675505635,167.49999999629128,0.0,0.3,MEDIUM
evt_287058,STARLINK-5663,STARLINK-31589,1782782399.9999957,42.464828711065,7.880958727037371,46.666666667924986,4.76739097677423,0.3,MEDIUM
evt_340152,STARLINK-5663,STARLINK-31589,1782850200.000018,30.729264648090115,7.880948656005539,27.83333332836628,-11.73556406297488,0.3,MEDIUM
evt_001117,STARLINK-5654,STARLINK-34851,1782347400.0000134,37.9899303580548,1.2407797676199197,167.49999999629128,0.0,0.3,MEDIUM
evt_001118,STARLINK-5571,STARLINK-5866,1782347400.0000134,48.99387114129394,6.985211832323263,167.49999999629128,0.0,0.3,MEDIUM
evt_001119,STARLINK-5283,STARLINK-34757,1782347400.0000134,48.74221652888773,13.391278820177137,167.49999999629128,0.0,0.3,MEDIUM
evt_001120,STARLINK-5071,STARLINK-34682,1782347400.0000134,34.43648937457724,13.37339535180121,167.49999999629128,0.0,0.3,MEDIUM
evt_001121,STARLINK-5676,STARLINK-30267,1782347400.0000134,46.47857850545709,1.930815530421933,167.49999999629128,0.0,0.3,MEDIUM
evt_001122,STARLINK-5362,STARLINK-30773,1782347400.0000134,37.7498492735717,1.81482910362657,167.49999999629128,0.0,0.3,MEDIUM
evt_001123,STARLINK-5753,STARLINK-35566,1782347400.0000134,11.402691175768284,2.3327393877848763,167.49999999629128,0.0,0.3,MEDIUM
evt_001124,STARLINK-5726,STARLINK-35003,1782347400.0000134,39.37283598298856,1.9331194034914685,167.49999999629128,0.0,0.3,MEDIUM
evt_001125,STARLINK-5595,STARLINK-35015,1782347400.0000134,32.25231356094736,10.680008470350693,167.49999999629128,0.0,0.3,MEDIUM
evt_001126,STARLINK-5812,STARLINK-34984,1782347400.0000134,20.589839496671548,10.635839868923396,167.49999999629128,0.0,0.3,MEDIUM
evt_001127,STARLINK-6081,STARLINK-32637,1782347400.0000134,44.185159063140254,7.639690530734034,167.49999999629128,0.0,0.3,MEDIUM
evt_001128,STARLINK-6081,STARLINK-34320,1782347400.0000134,39.98029508613632,1.9909713888976808,167.49999999629128,0.0,0.3,MEDIUM
evt_001129,STARLINK-6084,STARLINK-36111,1782347400.0000134,32.17848959521385,5.588225860306342,167.49999999629128,0.0,0.3,MEDIUM
evt_001130,STARLINK-6107,STARLINK-35520,1782347400.0000134,48.59413312331811,1.3525084275419563,167.49999999629128,0.0,0.3,MEDIUM
evt_001131,STARLINK-6122,STARLINK-31014,1782347400.0000134,31.405351303362124,2.4918243731781264,167.49999999629128,0.0,0.3,MEDIUM
evt_001132,STARLINK-5564,STARLINK-31222,1782347400.0000134,26.28232282050249,11.258557298288572,167.49999999629128,0.0,0.3,MEDIUM
evt_001133,STARLINK-5489,STARLINK-33991,1782347400.0000134,45.0988389762226,1.87805788292048,167.49999999629128,0.0,0.3,MEDIUM
evt_001134,STARLINK-5374,STARLINK-35264,1782347400.0000134,38.599332767233314,3.219470682157854,167.49999999629128,0.0,0.3,MEDIUM
evt_001135,STARLINK-30101,STARLINK-6310,1782347400.0000134,41.8320230328162,0.9370510602685552,167.49999999629128,0.0,0.05,LOW
evt_001136,STARLINK-6214,STARLINK-32696,1782347400.0000134,22.145845201356867,11.332545560320783,167.49999999629128,0.0,0.3,MEDIUM
evt_001137,STARLINK-5346,STARLINK-34377,1782347400.0000134,30.09198973336733,1.593076448589315,167.49999999629128,0.0,0.3,MEDIUM
evt_001138,STARLINK-6313,STARLINK-32884,1782347400.0000134,39.79256168365018,10.040154484304953,167.49999999629128,0.0,0.3,MEDIUM
evt_001139,STARLINK-6335,STARLINK-34191,1782347400.0000134,48.56010945296797,2.3044861847877,167.49999999629128,0.0,0.3,MEDIUM
evt_001140,STARLINK-6337,STARLINK-35491,1782347400.0000134,38.67724761605922,1.412353995845271,167.49999999629128,0.0,0.3,MEDIUM
evt_001141,STARLINK-6187,STARLINK-34554,1782347400.0000134,45.55908780456637,1.6107949847624377,167.49999999629128,0.0,0.3,MEDIUM
evt_001142,STARLINK-6352,STARLINK-34564,1782347400.0000134,29.7836200679474,4.692355470729114,167.49999999629128,0.0,0.3,MEDIUM
evt_001143,STARLINK-30084,STARLINK-36894,1782347400.0000134,38.97742605779775,7.913918986807249,167.49999999629128,0.0,0.3,MEDIUM
evt_001144,STARLINK-6219,STARLINK-5525,1782347400.0000134,48.62753099127241,5.072397872397072,167.49999999629128,0.0,0.3,MEDIUM
evt_287089,STARLINK-6219,STARLINK-5525,1782782399.9999957,48.39245642616912,5.072176568567665,46.666666667924986,-0.2350745651032895,0.3,MEDIUM
evt_001145,STARLINK-6208,STARLINK-31269,1782347400.0000134,25.09983922652209,4.680377536883457,167.49999999629128,0.0,0.3,MEDIUM
evt_001147,STARLINK-6146,STARLINK-37728,1782347400.0000134,47.91470946394564,14.153562117368343,167.49999999629128,0.0,0.3,MEDIUM
evt_001148,STARLINK-5355,STARLINK-35295,1782347400.0000134,22.03818524862561,8.08731579945488,167.49999999629128,0.0,0.3,MEDIUM
evt_001149,STARLINK-5358,STARLINK-36539,1782347400.0000134,42.71269260769213,4.996923025464905,167.49999999629128,0.0,0.3,MEDIUM
evt_040208,STARLINK-5358,STARLINK-36539,1782415199.9999957,46.93378770125713,4.997012952676351,148.666666667925,4.221095093564998,0.3,MEDIUM
evt_001150,STARLINK-5765,STARLINK-36569,1782347400.0000134,24.126399368139907,8.468563157765349,167.49999999629128,0.0,0.3,MEDIUM
evt_001151,STARLINK-5780,STARLINK-30829,1782347400.0000134,18.51593952676148,5.523130394039694,167.49999999629128,0.0,0.3,MEDIUM
evt_001152,STARLINK-6250,STARLINK-37259,1782347400.0000134,49.15846295901692,2.407740730820988,167.49999999629128,0.0,0.3,MEDIUM
evt_001153,STARLINK-5503,STARLINK-30847,1782347400.0000134,34.612110941269755,7.639870548935321,167.49999999629128,0.0,0.3,MEDIUM
evt_287105,STARLINK-5503,STARLINK-30847,1782782399.9999957,16.127234001322844,7.639822054764299,46.666666667924986,-18.48487693994691,0.3,MEDIUM
evt_001154,STARLINK-5509,STARLINK-37061,1782347400.0000134,48.96351477111362,2.227256330842611,167.49999999629128,0.0,0.3,MEDIUM
evt_001155,STARLINK-5858,STARLINK-32210,1782347400.0000134,32.70124286269365,3.5083917927330512,167.49999999629128,0.0,0.3,MEDIUM
evt_001156,STARLINK-5831,STARLINK-35816,1782347400.0000134,28.043793942982347,7.88997432886678,167.49999999629128,0.0,0.3,MEDIUM
evt_236153,STARLINK-5831,STARLINK-35816,1782714600.0000134,23.77859957579736,7.889825180865663,65.49999999629127,-4.265194367184986,0.3,MEDIUM
evt_001157,STARLINK-6332,STARLINK-34178,1782347400.0000134,15.27129795478225,9.74989457367318,167.49999999629128,0.0,0.3,MEDIUM
evt_001158,STARLINK-6321,STARLINK-32237,1782347400.0000134,28.09779868980321,6.633750620303978,167.49999999629128,0.0,0.3,MEDIUM
evt_001159,STARLINK-30207,STARLINK-37260,1782347400.0000134,40.78038748227729,1.3562761583760687,167.49999999629128,0.0,0.3,MEDIUM
evt_001160,STARLINK-30043,STARLINK-34699,1782347400.0000134,34.02074798783198,11.120414887655045,167.49999999629128,0.0,0.3,MEDIUM
evt_001161,STARLINK-30155,STARLINK-32692,1782347400.0000134,25.492790392234443,1.2435793509651591,167.49999999629128,0.0,0.3,MEDIUM
evt_017536,STARLINK-30155,STARLINK-32692,1782375599.999982,41.317147680344895,1.2433762827148664,159.66666667163372,15.824357288110452,0.3,MEDIUM
evt_028754,STARLINK-30155,STARLINK-32692,1782395400.000009,25.20080011731624,1.2424998629342656,154.16666666415003,-16.116347563028654,0.3,MEDIUM
evt_040219,STARLINK-30155,STARLINK-32692,1782415199.9999957,48.26135185738279,1.2439110988845743,148.666666667925,23.06055174006655,0.3,MEDIUM
evt_001162,STARLINK-30081,STARLINK-35119,1782347400.0000134,38.75274599309408,1.357580997543053,167.49999999629128,0.0,0.3,MEDIUM
evt_001163,STARLINK-30100,STARLINK-31134,1782347400.0000134,48.158892513414266,1.2756928756345898,167.49999999629128,0.0,0.3,MEDIUM
evt_040221,STARLINK-30100,STARLINK-31134,1782415199.9999957,45.62353184005038,1.2757927074576003,148.666666667925,-2.5353606733638827,0.3,MEDIUM
evt_080348,STARLINK-30100,STARLINK-31134,1782483000.000018,44.64253771770617,1.2757849909543808,129.83333332836628,-0.9809941223442138,0.3,MEDIUM
evt_122140,STARLINK-30100,STARLINK-31134,1782550800.0,45.37730285096172,1.275669330865375,111.0,0.73476513325555,0.3,MEDIUM
evt_153518,STARLINK-30100,STARLINK-31134,1782598799.9999957,45.85198173951481,1.2772602151250028,97.666666667925,0.4746788885530932,0.3,MEDIUM
evt_167112,STARLINK-30100,STARLINK-31134,1782618599.999982,47.81534261261604,1.2754457668833512,92.16666667163372,1.9633608731012304,0.3,MEDIUM
evt_200857,STARLINK-30100,STARLINK-31134,1782666600.000018,42.53357568721817,1.2772687242569258,78.83333332836628,-5.281766925397875,0.3,MEDIUM
evt_236162,STARLINK-30100,STARLINK-31134,1782714600.0000134,45.98093902101819,1.275326412246202,65.49999999629127,3.44736333380002,0.3,MEDIUM
evt_250832,STARLINK-30100,STARLINK-31134,1782734400.0,41.09305880875718,1.277173270525498,60.0,-4.88788021226101,0.3,MEDIUM
evt_287119,STARLINK-30100,STARLINK-31134,1782782399.9999957,38.80197134945855,1.2754520139524577,46.666666667924986,-2.2910874592986303,0.3,MEDIUM
evt_302304,STARLINK-30100,STARLINK-31134,1782802199.999982,41.83396492595723,1.2769750381990703,41.16666667163372,3.031993576498685,0.3,MEDIUM
evt_340209,STARLINK-30100,STARLINK-31134,1782850200.000018,32.8611692279972,1.2754766671188804,27.83333332836628,-8.97279569796003,0.3,MEDIUM
evt_355617,STARLINK-30100,STARLINK-31134,1782870000.0000043,44.7585151603406,1.2766756351567787,22.33333333207501,11.8973459323434,0.3,MEDIUM
evt_377754,STARLINK-30100,STARLINK-31134,1782898200.0000134,44.20474050983392,1.276623937249642,14.499999996291267,-0.5537746505066821,0.3,MEDIUM
evt_393041,STARLINK-30100,STARLINK-31134,1782918000.0,29.116149751110655,1.2754023316020129,9.0,-15.08859075872326,0.3,MEDIUM
evt_408563,STARLINK-30100,STARLINK-31134,1782937799.9999866,49.58918381938875,1.276277096217927,3.5000000037087333,20.473034068278093,0.3,MEDIUM
evt_001165,STARLINK-30273,STARLINK-35321,1782347400.0000134,29.453499655162258,4.077021783726073,167.49999999629128,0.0,0.3,MEDIUM
evt_001166,STARLINK-30371,STARLINK-36695,1782347400.0000134,25.264857052282466,6.992990783931428,167.49999999629128,0.0,0.3,MEDIUM
evt_001167,STARLINK-30384,STARLINK-35137,1782347400.0000134,34.641002965854604,9.617299586286816,167.49999999629128,0.0,0.3,MEDIUM
evt_001168,STARLINK-30385,STARLINK-35595,1782347400.0000134,49.63477879820682,3.0396478657260904,167.49999999629128,0.0,0.3,MEDIUM
evt_001169,STARLINK-30403,STARLINK-36303,1782347400.0000134,37.07757152738002,10.547156301355429,167.49999999629128,0.0,0.3,MEDIUM
evt_001170,STARLINK-30377,STARLINK-32175,1782347400.0000134,46.432718117495554,5.008291071653849,167.49999999629128,0.0,0.3,MEDIUM
evt_001172,STARLINK-30469,STARLINK-32779,1782347400.0000134,46.30042965881103,6.146179449740182,167.49999999629128,0.0,0.3,MEDIUM
evt_001173,STARLINK-30499,STARLINK-36452,1782347400.0000134,42.69438904176404,4.999065152349262,167.49999999629128,0.0,0.3,MEDIUM
evt_236182,STARLINK-30499,STARLINK-36452,1782714600.0000134,27.595418333939648,4.9987550676588,65.49999999629127,-15.098970707824392,0.3,MEDIUM
evt_287131,STARLINK-30499,STARLINK-36452,1782782399.9999957,37.19599219697152,4.9985196369550176,46.666666667924986,9.600573863031869,0.3,MEDIUM
evt_001174,STARLINK-30440,STARLINK-35683,1782347400.0000134,49.38320900741165,1.3741680942199102,167.49999999629128,0.0,0.3,MEDIUM
evt_001175,STARLINK-30710,STARLINK-32168,1782347400.0000134,32.53521055467142,6.379003451753936,167.49999999629128,0.0,0.3,MEDIUM
evt_001176,STARLINK-30714,STARLINK-33949,1782347400.0000134,6.308359644560841,0.2001314868569402,167.49999999629128,0.0,0.3,MEDIUM
evt_002953,STARLINK-30714,STARLINK-33949,1782350399.9999957,38.86847398864499,0.196893577657658,166.666666667925,32.560114344084155,0.05,LOW
evt_001177,STARLINK-30524,STARLINK-35826,1782347400.0000134,34.81030699921587,1.353297667849115,167.49999999629128,0.0,0.3,MEDIUM
evt_001178,STARLINK-30545,STARLINK-36157,1782347400.0000134,45.9995883158644,3.939549177509185,167.49999999629128,0.0,0.3,MEDIUM
evt_001179,STARLINK-30554,STARLINK-32845,1782347400.0000134,47.22195419900817,11.529504674015511,167.49999999629128,0.0,0.3,MEDIUM
evt_001180,STARLINK-30567,STARLINK-30957,1782347400.0000134,45.95978898946095,1.2799902563286305,167.49999999629128,0.0,0.3,MEDIUM
evt_001181,STARLINK-30569,STARLINK-31523,1782347400.0000134,33.86517558000763,10.285674153434613,167.49999999629128,0.0,0.3,MEDIUM
evt_001182,STARLINK-30613,STARLINK-36885,1782347400.0000134,29.379124545515047,7.135357184261213,167.49999999629128,0.0,0.3,MEDIUM
evt_001184,STARLINK-30607,STARLINK-31094,1782347400.0000134,47.286181445313886,8.381459186184127,167.49999999629128,0.0,0.3,MEDIUM
evt_001185,STARLINK-30353,STARLINK-32242,1782347400.0000134,36.783320314726616,5.3000130005874055,167.49999999629128,0.0,0.3,MEDIUM
evt_001186,STARLINK-30758,STARLINK-34304,1782347400.0000134,39.93643787164604,2.2101518118764782,167.49999999629128,0.0,0.3,MEDIUM
evt_001188,STARLINK-30788,STARLINK-36593,1782347400.0000134,34.3748628315471,14.473164603417445,167.49999999629128,0.0,0.3,MEDIUM
evt_001189,STARLINK-30777,STARLINK-32350,1782347400.0000134,30.59000348825224,7.9041484406180835,167.49999999629128,0.0,0.3,MEDIUM
evt_001190,STARLINK-30923,STARLINK-37111,1782347400.0000134,39.342064016782444,11.658593856414432,167.49999999629128,0.0,0.3,MEDIUM
evt_001191,STARLINK-30844,STARLINK-34819,1782347400.0000134,36.4624961808557,1.7110672864529022,167.49999999629128,0.0,0.3,MEDIUM
evt_001192,STARLINK-30925,STARLINK-34847,1782347400.0000134,46.77242207545339,11.026334289533745,167.49999999629128,0.0,0.3,MEDIUM
evt_001193,STARLINK-30959,STARLINK-35638,1782347400.0000134,46.80651394966124,10.266376217475568,167.49999999629128,0.0,0.3,MEDIUM
evt_001194,STARLINK-30953,STARLINK-32450,1782347400.0000134,44.180443145033,7.661386734055646,167.49999999629128,0.0,0.3,MEDIUM
evt_109562,STARLINK-30953,STARLINK-32450,1782531000.0000134,13.812477334577387,7.653950497086432,116.49999999629128,-30.36796581045561,0.3,MEDIUM
evt_001195,STARLINK-31003,STARLINK-32946,1782347400.0000134,42.87607765828764,1.241517289206028,167.49999999629128,0.0,0.3,MEDIUM
evt_001196,STARLINK-31009,STARLINK-35455,1782347400.0000134,38.07581981713696,6.237233610988707,167.49999999629128,0.0,0.3,MEDIUM
evt_001197,STARLINK-30999,STARLINK-33796,1782347400.0000134,47.60521162738889,8.405249459209275,167.49999999629128,0.0,0.3,MEDIUM
evt_001198,STARLINK-31083,STARLINK-31490,1782347400.0000134,43.550355708337534,11.352937667192757,167.49999999629128,0.0,0.3,MEDIUM
evt_001199,STARLINK-30828,STARLINK-34710,1782347400.0000134,41.25633972188248,11.303233735033034,167.49999999629128,0.0,0.3,MEDIUM
evt_001200,STARLINK-31140,STARLINK-32929,1782347400.0000134,21.67040046312322,10.825618070480193,167.49999999629128,0.0,0.3,MEDIUM
evt_001201,STARLINK-31161,STARLINK-32240,1782347400.0000134,35.57282547794698,11.146691401895774,167.49999999629128,0.0,0.3,MEDIUM
evt_001202,STARLINK-31188,STARLINK-34650,1782347400.0000134,27.010983913688808,10.46281227361249,167.49999999629128,0.0,0.3,MEDIUM
evt_001204,STARLINK-31200,STARLINK-35062,1782347400.0000134,36.05658106092566,11.247973577351605,167.49999999629128,0.0,0.3,MEDIUM
evt_001205,STARLINK-31315,STARLINK-35980,1782347400.0000134,38.331137432031625,1.819615040407613,167.49999999629128,0.0,0.3,MEDIUM
evt_001206,STARLINK-31318,STARLINK-35970,1782347400.0000134,41.0804936228664,12.214400166093734,167.49999999629128,0.0,0.3,MEDIUM
evt_001207,STARLINK-31337,STARLINK-32670,1782347400.0000134,30.22441408621492,10.880575010196823,167.49999999629128,0.0,0.3,MEDIUM
evt_001208,STARLINK-31383,STARLINK-32150,1782347400.0000134,48.14782167216933,9.523794951397724,167.49999999629128,0.0,0.3,MEDIUM
evt_001209,STARLINK-31356,STARLINK-35019,1782347400.0000134,25.357087777503228,0.0609294465000271,167.49999999629128,0.0,0.05,LOW
evt_001588,STARLINK-31356,STARLINK-35019,1782348000.000018,25.97477943345036,0.0540223721945819,167.33333332836628,0.6176916559471337,0.05,LOW
evt_001929,STARLINK-31356,STARLINK-35019,1782348599.999982,47.634580657366506,0.0267763993052017,167.16666667163372,21.659801223916144,0.05,LOW
evt_002626,STARLINK-31356,STARLINK-35019,1782349799.999991,41.29413757439521,0.050909340093007,166.83333333584997,-6.340443082971298,0.05,LOW
evt_002991,STARLINK-31356,STARLINK-35019,1782350399.9999957,33.883497611336786,0.0683149676176389,166.666666667925,-7.410639963058422,0.05,LOW
evt_001210,STARLINK-31484,STARLINK-34271,1782347400.0000134,39.94281887246706,1.454782499030968,167.49999999629128,0.0,0.3,MEDIUM
evt_001211,STARLINK-31220,STARLINK-32321,1782347400.0000134,12.081541582923292,11.325142444680006,167.49999999629128,0.0,0.3,MEDIUM
evt_001212,STARLINK-31286,STARLINK-37358,1782347400.0000134,25.17925671796793,11.310317859435235,167.49999999629128,0.0,0.3,MEDIUM
evt_001213,STARLINK-31290,STARLINK-35876,1782347400.0000134,46.3988919145864,1.2839142273384885,167.49999999629128,0.0,0.3,MEDIUM
evt_017576,STARLINK-31290,STARLINK-35876,1782375599.999982,45.32802237359232,1.2834186087380408,159.66666667163372,-1.0708695409940816,0.3,MEDIUM
evt_028809,STARLINK-31290,STARLINK-35876,1782395400.000009,27.54282798209765,1.285453217057693,154.16666666415003,-17.785194391494667,0.3,MEDIUM
evt_040275,STARLINK-31290,STARLINK-35876,1782415199.9999957,41.21242839255655,1.282918582641959,148.666666667925,13.669600410458894,0.3,MEDIUM
evt_056930,STARLINK-31290,STARLINK-35876,1782443400.0000043,22.642357423746702,1.2831909380030528,140.833333332075,-18.570070968809844,0.3,MEDIUM
evt_068631,STARLINK-31290,STARLINK-35876,1782463199.999991,13.906002759342345,1.2849382866894457,135.33333333584997,-8.736354664404358,0.3,MEDIUM
evt_085407,STARLINK-31290,STARLINK-35876,1782491400.0,47.24750540085896,1.2841107230466904,127.5,33.34150264151662,0.3,MEDIUM
evt_097531,STARLINK-31290,STARLINK-35876,1782511199.9999866,29.03476824143153,1.2835949660190242,122.00000000370872,-18.212737159427437,0.3,MEDIUM
evt_109587,STARLINK-31290,STARLINK-35876,1782531000.0000134,44.59781862549978,1.2852401969600806,116.49999999629128,15.563050384068248,0.3,MEDIUM
evt_001214,STARLINK-31338,STARLINK-33913,1782347400.0000134,45.71890599836242,10.98765286813914,167.49999999629128,0.0,0.3,MEDIUM
evt_001215,STARLINK-31410,STARLINK-32222,1782347400.0000134,27.13180782720337,10.304647132291423,167.49999999629128,0.0,0.3,MEDIUM
evt_001217,STARLINK-31284,STARLINK-33970,1782347400.0000134,45.1053355098442,1.6851557959974723,167.49999999629128,0.0,0.3,MEDIUM
evt_001218,STARLINK-31609,STARLINK-34865,1782347400.0000134,27.330731372480525,3.1150831457333923,167.49999999629128,0.0,0.3,MEDIUM
evt_001219,STARLINK-31495,STARLINK-35460,1782347400.0000134,37.28723989854267,0.7878751566689489,167.49999999629128,0.0,0.05,LOW
evt_001220,STARLINK-31479,STARLINK-35824,1782347400.0000134,35.52974706449816,8.9182389400696,167.49999999629128,0.0,0.3,MEDIUM
evt_001221,STARLINK-31549,STARLINK-32314,1782347400.0000134,28.527445099754456,5.0161217492802574,167.49999999629128,0.0,0.3,MEDIUM
evt_001222,STARLINK-31549,STARLINK-32475,1782347400.0000134,21.95043767625913,5.018073544561655,167.49999999629128,0.0,0.3,MEDIUM
evt_001223,STARLINK-31641,STARLINK-33535,1782347400.0000134,25.03902977185328,8.90133522539228,167.49999999629128,0.0,0.3,MEDIUM
evt_001224,STARLINK-31626,STARLINK-34141,1782347400.0000134,49.02532210703915,1.4334358652178665,167.49999999629128,0.0,0.3,MEDIUM
evt_001225,STARLINK-31607,STARLINK-35098,1782347400.0000134,32.67701474078494,0.2111360396147421,167.49999999629128,0.0,0.05,LOW
evt_002998,STARLINK-31607,STARLINK-35098,1782350399.9999957,28.23217048570951,0.2091688521200726,166.666666667925,-4.444844255075431,0.05,LOW
evt_001226,STARLINK-31507,STARLINK-36913,1782347400.0000134,43.418052461420096,8.463281741596695,167.49999999629128,0.0,0.3,MEDIUM
evt_001227,STARLINK-31398,STARLINK-32371,1782347400.0000134,47.67992546958433,2.780533222169066,167.49999999629128,0.0,0.3,MEDIUM
evt_001228,STARLINK-31398,STARLINK-34561,1782347400.0000134,26.05897770694249,7.030705999343831,167.49999999629128,0.0,0.3,MEDIUM
evt_001229,STARLINK-31364,STARLINK-34789,1782347400.0000134,41.77896307935054,1.7373715955517504,167.49999999629128,0.0,0.3,MEDIUM
evt_001230,STARLINK-31744,STARLINK-33757,1782347400.0000134,22.566846488802785,2.394550180756231,167.49999999629128,0.0,0.3,MEDIUM
evt_001231,STARLINK-31671,STARLINK-37221,1782347400.0000134,45.978748204852224,7.468583106114174,167.49999999629128,0.0,0.3,MEDIUM
evt_001232,STARLINK-31690,STARLINK-32501,1782347400.0000134,38.46987461837983,10.529012779806388,167.49999999629128,0.0,0.3,MEDIUM
evt_001233,STARLINK-31748,STARLINK-34208,1782347400.0000134,48.12879740243383,9.311869305908353,167.49999999629128,0.0,0.3,MEDIUM
evt_001234,STARLINK-31797,STARLINK-34815,1782347400.0000134,36.33747370885691,1.5278563010076638,167.49999999629128,0.0,0.3,MEDIUM
evt_001235,STARLINK-31727,STARLINK-32324,1782347400.0000134,46.10455891467691,7.847725540786564,167.49999999629128,0.0,0.3,MEDIUM
evt_001236,STARLINK-32087,STARLINK-35561,1782347400.0000134,23.927116669538037,11.010433522676957,167.49999999629128,0.0,0.3,MEDIUM
evt_001238,STARLINK-31887,STARLINK-32194,1782347400.0000134,42.241781745073936,10.309345624224452,167.49999999629128,0.0,0.3,MEDIUM
evt_001239,STARLINK-31851,STARLINK-36706,1782347400.0000134,29.609840785614452,14.350973146465726,167.49999999629128,0.0,0.3,MEDIUM
evt_001240,STARLINK-31442,STARLINK-36743,1782347400.0000134,49.6755286268605,3.232918536637861,167.49999999629128,0.0,0.3,MEDIUM
evt_001241,STARLINK-31905,STARLINK-35462,1782347400.0000134,17.148127481226233,7.402478071220707,167.49999999629128,0.0,0.3,MEDIUM
evt_001242,STARLINK-31959,STARLINK-32289,1782347400.0000134,41.485239656119305,4.740416895504923,167.49999999629128,0.0,0.3,MEDIUM
evt_001243,STARLINK-31995,STARLINK-32498,1782347400.0000134,24.492023349866844,1.546384935070631,167.49999999629128,0.0,0.3,MEDIUM
evt_001244,STARLINK-31735,STARLINK-35467,1782347400.0000134,45.15699901676637,2.957154595534213,167.49999999629128,0.0,0.3,MEDIUM
evt_001245,STARLINK-31840,STARLINK-32919,1782347400.0000134,35.905523111184145,9.748115448991388,167.49999999629128,0.0,0.3,MEDIUM
evt_001246,STARLINK-32050,STARLINK-36622,1782347400.0000134,36.86045835340828,6.6143318580878985,167.49999999629128,0.0,0.3,MEDIUM
evt_001247,STARLINK-32147,STARLINK-32260,1782347400.0000134,49.674419097577136,12.219280699128404,167.49999999629128,0.0,0.3,MEDIUM
evt_001248,STARLINK-32048,STARLINK-35471,1782347400.0000134,41.754212441877634,2.651327270125873,167.49999999629128,0.0,0.3,MEDIUM
evt_001249,STARLINK-32163,STARLINK-32404,1782347400.0000134,16.7051458584922,5.112575149859616,167.49999999629128,0.0,0.3,MEDIUM
evt_001251,STARLINK-32128,STARLINK-32302,1782347400.0000134,22.07631707186632,1.45911409245025,167.49999999629128,0.0,0.3,MEDIUM
evt_001253,STARLINK-31656,STARLINK-32380,1782347400.0000134,29.116198658224384,4.032354368485278,167.49999999629128,0.0,0.3,MEDIUM
evt_001254,STARLINK-11206 [DTC],STARLINK-11561 [DTC],1782347400.0000134,39.34292156766931,7.661175116207029,167.49999999629128,0.0,0.3,MEDIUM
evt_001255,STARLINK-32076,STARLINK-36670,1782347400.0000134,32.84445605557951,7.72330944843818,167.49999999629128,0.0,0.3,MEDIUM
evt_001256,STARLINK-32256,STARLINK-35208,1782347400.0000134,31.896679395723638,1.805934306308742,167.49999999629128,0.0,0.3,MEDIUM
evt_001257,STARLINK-32220,STARLINK-32814,1782347400.0000134,34.67775952806441,12.219422096938102,167.49999999629128,0.0,0.3,MEDIUM
evt_001258,STARLINK-32268,STARLINK-32726,1782347400.0000134,48.77860777642886,2.6541733756950543,167.49999999629128,0.0,0.3,MEDIUM
evt_001259,STARLINK-32223,STARLINK-33846,1782347400.0000134,48.063465141567534,1.413120640822562,167.49999999629128,0.0,0.3,MEDIUM
evt_001260,STARLINK-32101,STARLINK-34446,1782347400.0000134,18.924951561334854,5.740630378743535,167.49999999629128,0.0,0.3,MEDIUM
evt_001261,STARLINK-32039,STARLINK-36632,1782347400.0000134,45.72656642244511,9.265949794682442,167.49999999629128,0.0,0.3,MEDIUM
evt_001262,STARLINK-32235,STARLINK-35216,1782347400.0000134,49.21012602330548,0.2725825313988966,167.49999999629128,0.0,0.05,LOW
evt_001263,STARLINK-32274,STARLINK-34702,1782347400.0000134,30.44755179755998,6.212599090870621,167.49999999629128,0.0,0.3,MEDIUM
evt_001264,STARLINK-32274,STARLINK-35230,1782347400.0000134,35.5040012180781,6.213721847237856,167.49999999629128,0.0,0.3,MEDIUM
evt_001266,STARLINK-32385,STARLINK-34112,1782347400.0000134,43.32427244923328,2.58626838592516,167.49999999629128,0.0,0.3,MEDIUM
evt_001267,STARLINK-11317 [DTC],STARLINK-11662 [DTC],1782347400.0000134,33.78439631408776,9.871584564067293,167.49999999629128,0.0,0.3,MEDIUM
evt_001268,STARLINK-32174,STARLINK-32140,1782347400.0000134,8.264246629025113,1.363309619844724,167.49999999629128,0.0,0.3,MEDIUM
evt_001269,STARLINK-32047,STARLINK-37732,1782347400.0000134,42.6459704066849,14.596944132745872,167.49999999629128,0.0,0.3,MEDIUM
evt_001270,STARLINK-32397,STARLINK-33607,1782347400.0000134,21.349357918830265,10.61278678570958,167.49999999629128,0.0,0.3,MEDIUM
evt_001271,STARLINK-32426,STARLINK-33586,1782347400.0000134,22.084879101798432,5.708325783539117,167.49999999629128,0.0,0.3,MEDIUM
evt_001272,STARLINK-32314,STARLINK-32475,1782347400.0000134,41.87183488632154,0.0451302695122259,167.49999999629128,0.0,0.05,LOW
evt_001637,STARLINK-32314,STARLINK-32475,1782348000.000018,30.516802137504037,0.0320318884853066,167.33333332836628,-11.355032748817504,0.05,LOW
evt_001971,STARLINK-32314,STARLINK-32475,1782348599.999982,19.983488881864545,0.0191493553315951,167.16666667163372,-10.533313255639488,0.3,MEDIUM
evt_002330,STARLINK-32314,STARLINK-32475,1782349199.9999866,12.572136405879704,0.0080520205669939,167.00000000370872,-7.411352475984842,0.3,MEDIUM
evt_002678,STARLINK-32314,STARLINK-32475,1782349799.999991,14.267669785718772,0.010957725459713,166.83333333584997,1.6955333798390697,0.3,MEDIUM
evt_003047,STARLINK-32314,STARLINK-32475,1782350399.9999957,23.06676149308325,0.0230276784123071,166.666666667925,8.799091707364479,0.05,LOW
evt_003423,STARLINK-32314,STARLINK-32475,1782351000.0,33.82450981021574,0.0359990016099689,166.5,10.757748317132483,0.05,LOW
evt_003734,STARLINK-32314,STARLINK-32475,1782351600.0000043,45.19011963145235,0.049111736308731,166.333333332075,11.36560982123661,0.05,LOW
evt_001273,STARLINK-32410,STARLINK-37234,1782347400.0000134,43.82229825707144,0.0282797573606958,167.49999999629128,0.0,0.05,LOW
evt_001274,STARLINK-11390 [DTC],STARLINK-37383,1782347400.0000134,42.38467799569005,0.0322102057419031,167.49999999629128,0.0,0.05,LOW
evt_001640,STARLINK-11390 [DTC],STARLINK-37383,1782348000.000018,40.69477506065843,0.0523213282108109,167.33333332836628,-1.6899029350316184,0.05,LOW
evt_001276,STARLINK-32548,STARLINK-35911,1782347400.0000134,49.91851889534808,2.406157821910071,167.49999999629128,0.0,0.3,MEDIUM
evt_001277,STARLINK-32529,STARLINK-35592,1782347400.0000134,36.3211949051113,1.7773909833315378,167.49999999629128,0.0,0.3,MEDIUM
evt_001278,STARLINK-32482,STARLINK-37117,1782347400.0000134,20.8215475116202,13.670702913227494,167.49999999629128,0.0,0.3,MEDIUM
evt_001279,STARLINK-32388,STARLINK-34882,1782347400.0000134,49.30883538394006,11.326514551081065,167.49999999629128,0.0,0.3,MEDIUM
evt_001280,STARLINK-32532,STARLINK-34545,1782347400.0000134,28.76646455000311,3.130884232235704,167.49999999629128,0.0,0.3,MEDIUM
evt_001281,STARLINK-32589,STARLINK-34749,1782347400.0000134,45.18564633148908,5.705425441583351,167.49999999629128,0.0,0.3,MEDIUM
evt_001283,STARLINK-32632,STARLINK-36621,1782347400.0000134,44.51614161171312,14.445310844541186,167.49999999629128,0.0,0.3,MEDIUM
evt_001284,STARLINK-32733,STARLINK-36069,1782347400.0000134,34.795482379940275,7.890280549836994,167.49999999629128,0.0,0.3,MEDIUM
evt_186977,STARLINK-32733,STARLINK-36069,1782646799.999991,35.94436574431288,7.890234245462025,84.33333333584997,1.1488833643726082,0.3,MEDIUM
evt_309135,STARLINK-32733,STARLINK-36069,1782810600.0000043,38.81153825802543,7.890066267579369,38.83333333207501,2.8671725137125463,0.3,MEDIUM
evt_399485,STARLINK-32733,STARLINK-36069,1782926399.999982,48.12815483847102,7.899044646862435,6.66666667163372,9.31661658044559,0.3,MEDIUM
evt_001285,STARLINK-32705,STARLINK-35481,1782347400.0000134,43.51665063955419,2.566297107940166,167.49999999629128,0.0,0.3,MEDIUM
evt_001286,STARLINK-32717,STARLINK-36699,1782347400.0000134,38.41885034135351,14.272965016142969,167.49999999629128,0.0,0.3,MEDIUM
evt_001287,STARLINK-32768,STARLINK-36824,1782347400.0000134,47.95906541918806,7.826026776888942,167.49999999629128,0.0,0.3,MEDIUM
evt_001288,STARLINK-33575,STARLINK-36881,1782347400.0000134,38.59716239408756,5.743627151179322,167.49999999629128,0.0,0.3,MEDIUM
evt_001289,STARLINK-33579,STARLINK-37134,1782347400.0000134,42.15570420005801,0.2626186283368006,167.49999999629128,0.0,0.05,LOW
evt_001290,STARLINK-33598,STARLINK-33876,1782347400.0000134,46.56292293832452,6.094561410500763,167.49999999629128,0.0,0.3,MEDIUM
evt_001292,STARLINK-32807,STARLINK-36532,1782347400.0000134,43.271188987805125,5.043652821008073,167.49999999629128,0.0,0.3,MEDIUM
evt_040353,STARLINK-32807,STARLINK-36532,1782415199.9999957,48.4023330247996,5.043650916896176,148.666666667925,5.131144036994478,0.3,MEDIUM
evt_109667,STARLINK-32807,STARLINK-36532,1782531000.0000134,46.78458933590541,5.050538928780218,116.49999999629128,-1.617743688894194,0.3,MEDIUM
evt_186983,STARLINK-32807,STARLINK-36532,1782646799.999991,35.95083139521173,5.043429271722305,84.33333333584997,-10.83375794069368,0.3,MEDIUM
evt_236308,STARLINK-32807,STARLINK-36532,1782714600.0000134,39.36352960913968,5.043414506101101,65.49999999629127,3.4126982139279534,0.3,MEDIUM
evt_272242,STARLINK-32807,STARLINK-36532,1782762600.000009,37.68319619515772,5.050494382822914,52.16666666415003,-1.6803334139819626,0.3,MEDIUM
evt_001293,STARLINK-32781,STARLINK-37034,1782347400.0000134,43.227516674945456,7.0872834043756825,167.49999999629128,0.0,0.3,MEDIUM
evt_001294,STARLINK-32673,STARLINK-34238,1782347400.0000134,5.72991318162677,11.231306105452664,167.49999999629128,0.0,0.3,MEDIUM
evt_001295,STARLINK-32437,STARLINK-36950,1782347400.0000134,37.52079605230972,7.656798708377321,167.49999999629128,0.0,0.3,MEDIUM
evt_001296,STARLINK-32795,STARLINK-35279,1782347400.0000134,49.12299476141416,1.2597461054810175,167.49999999629128,0.0,0.3,MEDIUM
evt_001297,STARLINK-32945,STARLINK-36373,1782347400.0000134,41.013563988138976,6.96047723431427,167.49999999629128,0.0,0.3,MEDIUM
evt_001298,STARLINK-33680,STARLINK-36277,1782347400.0000134,39.33558003148083,8.962740004341649,167.49999999629128,0.0,0.3,MEDIUM
evt_001299,STARLINK-33615,STARLINK-36686,1782347400.0000134,21.47851046626946,3.498593015712364,167.49999999629128,0.0,0.3,MEDIUM
evt_001301,STARLINK-33739,STARLINK-34607,1782347400.0000134,46.10548154090268,3.488579372070079,167.49999999629128,0.0,0.3,MEDIUM
evt_001302,STARLINK-33853,STARLINK-35338,1782347400.0000134,37.90675525214761,1.3502706382922196,167.49999999629128,0.0,0.3,MEDIUM
evt_001303,STARLINK-34102,STARLINK-34188,1782347400.0000134,48.04784832308109,2.8186475207832693,167.49999999629128,0.0,0.3,MEDIUM
evt_001304,STARLINK-34026,STARLINK-37596,1782347400.0000134,38.72670478558312,14.205963708502273,167.49999999629128,0.0,0.3,MEDIUM
evt_001305,STARLINK-34143,STARLINK-37196,1782347400.0000134,48.78727768175192,11.35067851115026,167.49999999629128,0.0,0.3,MEDIUM
evt_001306,STARLINK-34031,STARLINK-34960,1782347400.0000134,47.64723865103468,7.5754973964852,167.49999999629128,0.0,0.3,MEDIUM
evt_001307,STARLINK-33910,STARLINK-36737,1782347400.0000134,42.62573917761786,9.40753859493983,167.49999999629128,0.0,0.3,MEDIUM
evt_001308,STARLINK-34150,STARLINK-34857,1782347400.0000134,25.624809399908187,10.353018212108942,167.49999999629128,0.0,0.3,MEDIUM
evt_001309,STARLINK-34113,STARLINK-35817,1782347400.0000134,38.13789115249438,2.2284378494337105,167.49999999629128,0.0,0.3,MEDIUM
evt_001310,STARLINK-34172,STARLINK-34433,1782347400.0000134,39.353988412315005,0.136202516452503,167.49999999629128,0.0,0.05,LOW
evt_002711,STARLINK-34172,STARLINK-34433,1782349799.999991,22.9103801647334,0.1392785912396021,166.83333333584997,-16.443608247581608,0.05,LOW
evt_004479,STARLINK-34172,STARLINK-34433,1782352800.0000134,27.41584713640425,0.1441221499013789,165.99999999629128,4.505466971670852,0.05,LOW
evt_001311,STARLINK-34164,STARLINK-34273,1782347400.0000134,44.85721305736236,9.78995463826751,167.49999999629128,0.0,0.3,MEDIUM
evt_001312,STARLINK-34296,STARLINK-36942,1782347400.0000134,45.40279700260516,13.842651975270089,167.49999999629128,0.0,0.3,MEDIUM
evt_001313,STARLINK-34234,STARLINK-36574,1782347400.0000134,25.51418536478205,6.960725643470638,167.49999999629128,0.0,0.3,MEDIUM
evt_001314,STARLINK-34352,STARLINK-36345,1782347400.0000134,35.20234331804348,12.192994280774336,167.49999999629128,0.0,0.3,MEDIUM
evt_001316,STARLINK-34240,STARLINK-34364,1782347400.0000134,43.18827272933239,0.4310301312248469,167.49999999629128,0.0,0.05,LOW
evt_017665,STARLINK-34240,STARLINK-34364,1782375599.999982,48.28238636760258,0.432301468990301,159.66666667163372,5.094113638270187,0.05,LOW
evt_022336,STARLINK-34240,STARLINK-34364,1782384000.0000043,49.011520349387865,0.4317241503821636,157.333333332075,0.7291339817852887,0.05,LOW
evt_001319,STARLINK-34492,STARLINK-34520,1782347400.0000134,46.58484442752075,0.0500267647121105,167.49999999629128,0.0,0.05,LOW
evt_001680,STARLINK-34492,STARLINK-34520,1782348000.000018,35.05242912736772,0.0364423917161288,167.33333332836628,-11.532415300153026,0.05,LOW
evt_002025,STARLINK-34492,STARLINK-34520,1782348599.999982,23.77586717145376,0.0229200680490817,167.16666667163372,-11.276561955913966,0.05,LOW
evt_002368,STARLINK-34492,STARLINK-34520,1782349199.9999866,14.747605933537004,0.0106659285217032,167.00000000370872,-9.028261237916754,0.3,MEDIUM
evt_002718,STARLINK-34492,STARLINK-34520,1782349799.999991,14.51595633806002,0.0102190382639804,166.83333333584997,-0.2316495954769841,0.3,MEDIUM
evt_003099,STARLINK-34492,STARLINK-34520,1782350399.9999957,23.28610284823415,0.0223204093870662,166.666666667925,8.770146510174131,0.05,LOW
evt_003470,STARLINK-34492,STARLINK-34520,1782351000.0,34.34663336394299,0.0357093744126663,166.5,11.06053051570884,0.05,LOW
evt_003775,STARLINK-34492,STARLINK-34520,1782351600.0000043,45.65561697983456,0.0490880285452436,166.333333332075,11.30898361589157,0.05,LOW
evt_001320,STARLINK-34527,STARLINK-34364,1782347400.0000134,22.90436466062003,0.3814744540177491,167.49999999629128,0.0,0.05,LOW
evt_001322,STARLINK-34565,STARLINK-35394,1782347400.0000134,39.74522177852936,2.289410796958354,167.49999999629128,0.0,0.3,MEDIUM
evt_001323,STARLINK-34600,STARLINK-35186,1782347400.0000134,44.8833017027719,14.869304286619522,167.49999999629128,0.0,0.3,MEDIUM
evt_001324,STARLINK-34499,STARLINK-35185,1782347400.0000134,34.47792961383826,14.841376556881588,167.49999999629128,0.0,0.3,MEDIUM
evt_001325,STARLINK-34562,STARLINK-36174,1782347400.0000134,19.05226827413532,2.515590783835748,167.49999999629128,0.0,0.3,MEDIUM
evt_001326,STARLINK-33965,STARLINK-35118,1782347400.0000134,40.77168085373543,1.4389344551731122,167.49999999629128,0.0,0.3,MEDIUM
evt_001327,STARLINK-34235,STARLINK-36613,1782347400.0000134,33.37294914753452,13.705707197489527,167.49999999629128,0.0,0.3,MEDIUM
evt_001328,STARLINK-34639,STARLINK-35365,1782347400.0000134,35.89396643681875,0.4349251846625557,167.49999999629128,0.0,0.05,LOW
evt_006210,STARLINK-34639,STARLINK-35365,1782355799.9999957,28.685531906440268,0.435190133531549,165.166666667925,-7.208434530378483,0.05,LOW
evt_011090,STARLINK-34639,STARLINK-35365,1782364200.000018,34.037057184108974,0.4363582095259314,162.83333332836628,5.351525277668706,0.05,LOW
evt_015940,STARLINK-34639,STARLINK-35365,1782372600.0,45.36278948786897,0.4347709112697827,160.5,11.32573230376,0.05,LOW
evt_027099,STARLINK-34639,STARLINK-35365,1782392399.9999866,46.996045168771424,0.4375200761482548,155.00000000370872,1.633255680902451,0.05,LOW
evt_032015,STARLINK-34639,STARLINK-35365,1782400800.000009,46.89366208152788,0.4373612144870145,152.66666666415003,-0.1023830872435453,0.05,LOW
evt_001329,STARLINK-34657,STARLINK-35656,1782347400.0000134,23.794933448334408,2.267953500772436,167.49999999629128,0.0,0.3,MEDIUM
evt_001331,STARLINK-34763,STARLINK-35996,1782347400.0000134,21.234630330388573,10.838702224290463,167.49999999629128,0.0,0.3,MEDIUM
evt_001332,STARLINK-34901,STARLINK-35876,1782347400.0000134,28.190418608268143,5.086470216017453,167.49999999629128,0.0,0.3,MEDIUM
evt_001333,STARLINK-34777,STARLINK-35116,1782347400.0000134,48.97738423972762,4.069236718880508,167.49999999629128,0.0,0.3,MEDIUM
evt_001334,STARLINK-34244,STARLINK-35096,1782347400.0000134,36.24073144554087,8.697559445710537,167.49999999629128,0.0,0.3,MEDIUM
evt_001335,STARLINK-34716,STARLINK-37528,1782347400.0000134,22.62667578708645,6.121764583822221,167.49999999629128,0.0,0.3,MEDIUM
evt_001336,STARLINK-34828,STARLINK-35107,1782347400.0000134,29.57993469200095,8.57473191575231,167.49999999629128,0.0,0.3,MEDIUM
evt_001337,STARLINK-34828,STARLINK-35027,1782347400.0000134,47.73464902716368,8.577298598480391,167.49999999629128,0.0,0.3,MEDIUM
evt_001339,STARLINK-34800,STARLINK-37566,1782347400.0000134,40.48491560963216,6.105121596890768,167.49999999629128,0.0,0.3,MEDIUM
evt_001341,STARLINK-35138,STARLINK-35259,1782347400.0000134,38.01087845074103,1.4457769572892625,167.49999999629128,0.0,0.3,MEDIUM
evt_001342,STARLINK-34883,STARLINK-36974,1782347400.0000134,47.3242582625004,8.444079060660991,167.49999999629128,0.0,0.3,MEDIUM
evt_001343,STARLINK-34916,STARLINK-35377,1782347400.0000134,12.945358109433876,1.370497717730818,167.49999999629128,0.0,0.3,MEDIUM
evt_001344,STARLINK-35025,STARLINK-35704,1782347400.0000134,38.42211805760605,0.1442351022916,167.49999999629128,0.0,0.05,LOW
evt_002735,STARLINK-35025,STARLINK-35704,1782349799.999991,42.77361565724184,0.1423519127899574,166.83333333584997,4.351497599635792,0.05,LOW
evt_001345,STARLINK-35168,STARLINK-37406,1782347400.0000134,47.558454440241015,3.5115538578693983,167.49999999629128,0.0,0.3,MEDIUM
evt_001346,STARLINK-34839,STARLINK-34774,1782347400.0000134,38.52302457033997,8.885642979733595,167.49999999629128,0.0,0.3,MEDIUM
evt_001347,STARLINK-35106,STARLINK-35409,1782347400.0000134,27.1879076634267,8.469112809920578,167.49999999629128,0.0,0.3,MEDIUM
evt_001348,STARLINK-35214,STARLINK-35348,1782347400.0000134,38.6692661180405,3.82008672607248,167.49999999629128,0.0,0.3,MEDIUM
evt_001349,STARLINK-35199,STARLINK-37653,1782347400.0000134,36.26983204107528,14.098557996431415,167.49999999629128,0.0,0.3,MEDIUM
evt_001350,STARLINK-35450,STARLINK-36767,1782347400.0000134,49.53771090354527,14.365758388380783,167.49999999629128,0.0,0.3,MEDIUM
evt_001351,STARLINK-34108,STARLINK-36794,1782347400.0000134,30.033484346729526,3.212207788580975,167.49999999629128,0.0,0.3,MEDIUM
evt_001352,STARLINK-35519,STARLINK-37051,1782347400.0000134,35.25490049349699,1.0625448991655777,167.49999999629128,0.0,0.3,MEDIUM
evt_001356,STARLINK-35504,STARLINK-37657,1782347400.0000134,43.96569819412159,8.49467154525041,167.49999999629128,0.0,0.3,MEDIUM
evt_001357,STARLINK-35535,STARLINK-37198,1782347400.0000134,34.48061841678326,7.01611386749831,167.49999999629128,0.0,0.3,MEDIUM
evt_001358,STARLINK-35671,STARLINK-37215,1782347400.0000134,41.52149543384108,13.08001883623542,167.49999999629128,0.0,0.3,MEDIUM
evt_001359,STARLINK-35463,STARLINK-36877,1782347400.0000134,28.8859293508928,9.300125025265698,167.49999999629128,0.0,0.3,MEDIUM
evt_001360,STARLINK-35818,STARLINK-37315,1782347400.0000134,35.15373320875224,7.028996861921679,167.49999999629128,0.0,0.3,MEDIUM
evt_001361,STARLINK-35699,STARLINK-37024,1782347400.0000134,35.69184588395097,7.901876770105182,167.49999999629128,0.0,0.3,MEDIUM
evt_001362,STARLINK-36040,STARLINK-36000,1782347400.0000134,46.66582011786058,5.022978207570946,167.49999999629128,0.0,0.3,MEDIUM
evt_040413,STARLINK-36040,STARLINK-36000,1782415199.9999957,38.30329648408182,5.023047670679187,148.666666667925,-8.362523633778764,0.3,MEDIUM
evt_109734,STARLINK-36040,STARLINK-36000,1782531000.0000134,39.66731418253249,5.018096556789101,116.49999999629128,1.3640176984506738,0.3,MEDIUM
evt_001363,STARLINK-35967,STARLINK-35972,1782347400.0000134,46.64485337125417,0.3029619232176193,167.49999999629128,0.0,0.05,LOW
evt_003132,STARLINK-35967,STARLINK-35972,1782350399.9999957,40.13239278423656,0.3020301029340539,166.666666667925,-6.512460587017614,0.05,LOW
evt_001364,STARLINK-36126,STARLINK-36905,1782347400.0000134,41.95625143198769,3.141149666504023,167.49999999629128,0.0,0.3,MEDIUM
evt_001365,STARLINK-35945,STARLINK-36400,1782347400.0000134,47.68179908099624,6.079255346135661,167.49999999629128,0.0,0.3,MEDIUM
evt_001366,STARLINK-35874,STARLINK-37362,1782347400.0000134,49.10570830988102,1.876153591851837,167.49999999629128,0.0,0.3,MEDIUM
evt_001367,STARLINK-35781,STARLINK-36201,1782347400.0000134,47.4062100688623,9.813302432353732,167.49999999629128,0.0,0.3,MEDIUM
evt_187044,STARLINK-35781,STARLINK-36201,1782646799.999991,21.465479971928143,9.813613050868174,84.33333333584997,-25.94073009693416,0.3,MEDIUM
evt_272313,STARLINK-35781,STARLINK-36201,1782762600.000009,34.54368875807956,9.808702503089886,52.16666666415003,13.078208786151418,0.3,MEDIUM
evt_399567,STARLINK-35781,STARLINK-36201,1782926399.999982,21.369982604148483,9.808861180958194,6.66666667163372,-13.17370615393108,0.3,MEDIUM
evt_001368,STARLINK-35719,STARLINK-36948,1782347400.0000134,40.62958849267271,7.107184597801385,167.49999999629128,0.0,0.3,MEDIUM
evt_001370,STARLINK-36638,STARLINK-37185,1782347400.0000134,47.5671033707423,7.103479635997738,167.49999999629128,0.0,0.3,MEDIUM
evt_001371,STARLINK-36780,STARLINK-37221,1782347400.0000134,44.33116598496397,6.137422050556221,167.49999999629128,0.0,0.3,MEDIUM
evt_001372,STARLINK-36818,STARLINK-37008,1782347400.0000134,34.39726036518295,12.709596479362784,167.49999999629128,0.0,0.3,MEDIUM
evt_001373,STARLINK-36863,STARLINK-37256,1782347400.0000134,47.09724564363239,7.501899546115383,167.49999999629128,0.0,0.3,MEDIUM
evt_001374,STARLINK-37072,STARLINK-37730,1782347400.0000134,38.1633131429999,0.627076331188984,167.49999999629128,0.0,0.05,LOW
evt_006242,STARLINK-37072,STARLINK-37730,1782355799.9999957,38.06950662058445,0.6258258623626538,165.166666667925,-0.0938065224154485,0.05,LOW
evt_017713,STARLINK-37072,STARLINK-37730,1782375599.999982,48.76627978087739,0.6274555254902949,159.66666667163372,10.696773160292942,0.05,LOW
evt_022389,STARLINK-37072,STARLINK-37730,1782384000.0000043,42.89690470820373,0.6265454702157163,157.333333332075,-5.869375072673662,0.05,LOW
evt_038693,STARLINK-37072,STARLINK-37730,1782412200.0000134,44.13260285393265,0.6268341948130345,149.49999999629128,1.2356981457289251,0.05,LOW
evt_055250,STARLINK-37072,STARLINK-37730,1782440399.999982,41.27129547739316,0.6266248615357781,141.66666667163372,-2.861307376539493,0.05,LOW
evt_071998,STARLINK-37072,STARLINK-37730,1782468599.999991,34.46045114478263,0.6259963987729766,133.83333333584997,-6.810844332610529,0.05,LOW
evt_077026,STARLINK-37072,STARLINK-37730,1782477000.0000134,42.30912482255409,0.6266319184162501,131.49999999629128,7.848673677771458,0.05,LOW
evt_088912,STARLINK-37072,STARLINK-37730,1782496800.0,25.0973007319279,0.6251745987167919,126.0,-17.21182409062619,0.05,LOW
evt_093996,STARLINK-37072,STARLINK-37730,1782505199.999982,27.990864391945667,0.6262415045876324,123.66666667163372,2.8935636600177688,0.05,LOW
evt_105979,STARLINK-37072,STARLINK-37730,1782525000.000009,20.22590104944551,0.6245337347530945,118.16666666415004,-7.764963342500156,0.05,LOW
evt_111227,STARLINK-37072,STARLINK-37730,1782533399.999991,15.759255833985652,0.6261714287230272,115.83333333584996,-4.46664521545986,0.3,MEDIUM
evt_123789,STARLINK-37072,STARLINK-37730,1782553200.000018,32.45052383233193,0.6245971705210537,110.33333332836628,16.69126799834628,0.05,LOW
evt_129219,STARLINK-37072,STARLINK-37730,1782561600.0,27.61254807910841,0.6269929128306799,108.0,-4.8379757532235175,0.05,LOW
evt_001376,STARLINK-37174,STARLINK-36665,1782347400.0000134,29.552488014788818,11.0600068637489,167.49999999629128,0.0,0.3,MEDIUM
evt_001381,STARLINK-1008,STARLINK-33682,1782348000.000018,40.6972473650659,3.4941704836021734,167.33333332836628,0.0,0.3,MEDIUM
evt_001383,STARLINK-1230,STARLINK-34296,1782348000.000018,39.80851104330557,0.1478920991516228,167.33333332836628,0.0,0.05,LOW
evt_001386,STARLINK-1362,STARLINK-36371,1782348000.000018,42.12177339477278,1.981553411266173,167.33333332836628,0.0,0.3,MEDIUM
evt_001387,STARLINK-1372,STARLINK-30761,1782348000.000018,49.55965344342263,6.825995790989679,167.33333332836628,0.0,0.3,MEDIUM
evt_001388,STARLINK-1443,STARLINK-31822,1782348000.000018,37.52494019990164,1.7102133923301657,167.33333332836628,0.0,0.3,MEDIUM
evt_001389,STARLINK-1523,STARLINK-30913,1782348000.000018,20.5824962423338,10.946021925393696,167.33333332836628,0.0,0.3,MEDIUM
evt_001393,STARLINK-2046,STARLINK-5101,1782348000.000018,21.4946724796502,1.4508079006553072,167.33333332836628,0.0,0.3,MEDIUM
evt_001395,STARLINK-2071,STARLINK-37356,1782348000.000018,43.72534058379213,0.3451454491900148,167.33333332836628,0.0,0.05,LOW
evt_001397,STARLINK-2104,STARLINK-34304,1782348000.000018,22.18658418318588,0.3061911023178644,167.33333332836628,0.0,0.05,LOW
evt_001399,STARLINK-2123,STARLINK-35603,1782348000.000018,12.273654408484136,0.3183890272374396,167.33333332836628,0.0,0.3,MEDIUM
evt_001400,STARLINK-2015,STARLINK-5783,1782348000.000018,44.08979388244595,3.523275493079329,167.33333332836628,0.0,0.3,MEDIUM
evt_001401,STARLINK-2040,STARLINK-36439,1782348000.000018,19.39800137234622,2.1139856601858025,167.33333332836628,0.0,0.3,MEDIUM
evt_001402,STARLINK-2164,STARLINK-6181,1782348000.000018,33.777081094982215,10.944252803628718,167.33333332836628,0.0,0.3,MEDIUM
evt_001403,STARLINK-2170,STARLINK-36743,1782348000.000018,31.61870877863757,0.1493999154037578,167.33333332836628,0.0,0.05,LOW
evt_001404,STARLINK-2195,STARLINK-34364,1782348000.000018,45.80622415100904,9.609379245761332,167.33333332836628,0.0,0.3,MEDIUM
evt_001405,STARLINK-2319,STARLINK-32088,1782348000.000018,22.0972840524432,8.00935828904005,167.33333332836628,0.0,0.3,MEDIUM
evt_001406,STARLINK-2377,STARLINK-30602,1782348000.000018,48.85184514008913,7.283510774984855,167.33333332836628,0.0,0.3,MEDIUM
evt_001407,STARLINK-2386,STARLINK-35820,1782348000.000018,20.17203929851429,6.32087805280855,167.33333332836628,0.0,0.3,MEDIUM
evt_001408,STARLINK-2402,STARLINK-34547,1782348000.000018,41.5785393158456,0.1457643232312448,167.33333332836628,0.0,0.05,LOW
evt_001409,STARLINK-2402,STARLINK-35401,1782348000.000018,18.054550787501963,0.280004582669189,167.33333332836628,0.0,0.3,MEDIUM
evt_001410,STARLINK-2406,STARLINK-30088,1782348000.000018,24.826005922683343,1.8813912283477103,167.33333332836628,0.0,0.3,MEDIUM
evt_001411,STARLINK-2406,STARLINK-32415,1782348000.000018,45.50203318518684,9.416456376174333,167.33333332836628,0.0,0.3,MEDIUM
evt_001412,STARLINK-2426,STARLINK-31120,1782348000.000018,39.27016311578832,11.02529917959033,167.33333332836628,0.0,0.3,MEDIUM
evt_001413,STARLINK-2343,STARLINK-32936,1782348000.000018,43.57053379100186,1.4281868275927914,167.33333332836628,0.0,0.3,MEDIUM
evt_001414,STARLINK-2354,STARLINK-37082,1782348000.000018,44.87773507060619,0.1542665984294187,167.33333332836628,0.0,0.05,LOW
evt_002805,STARLINK-2354,STARLINK-37082,1782350399.9999957,34.53805709111731,0.1558006406405854,166.666666667925,-10.339677979488885,0.05,LOW
evt_004567,STARLINK-2354,STARLINK-37082,1782353400.000018,15.638120369535804,0.1581922325017833,165.83333332836628,-18.899936721581504,0.3,MEDIUM
evt_006271,STARLINK-2354,STARLINK-37082,1782356400.0,32.74780736292826,0.1535406547618451,165.0,17.109686993392458,0.05,LOW
evt_007658,STARLINK-2354,STARLINK-37082,1782358800.000018,34.011370788609426,0.1528577963519669,164.33333332836628,1.2635634256811628,0.05,LOW
evt_009379,STARLINK-2354,STARLINK-37082,1782361800.0,4.6923239802535015,0.1568079930531356,163.5,-29.319046808355925,0.3,MEDIUM
evt_011178,STARLINK-2354,STARLINK-37082,1782364799.999982,25.205195042729343,0.1548487637064689,162.66666667163372,20.51287106247584,0.05,LOW
evt_012503,STARLINK-2354,STARLINK-37082,1782367200.0,40.54963707480833,0.150859246673375,162.0,15.344442032078987,0.05,LOW
evt_014262,STARLINK-2354,STARLINK-37082,1782370199.999982,18.279106793920104,0.1575259229800127,161.16666667163372,-22.270530280888227,0.3,MEDIUM
evt_016018,STARLINK-2354,STARLINK-37082,1782373200.0000043,26.65972535723901,0.1570202016216437,160.333333332075,8.380618563318908,0.05,LOW
evt_019094,STARLINK-2354,STARLINK-37082,1782378600.0000043,33.90319719188041,0.1590161333546287,158.833333332075,7.243471834641397,0.05,LOW
evt_020760,STARLINK-2354,STARLINK-37082,1782381599.9999866,37.23943711961369,0.1613686163380697,158.00000000370872,3.3362399277332813,0.05,LOW
evt_001415,STARLINK-2355,STARLINK-33548,1782348000.000018,47.00470777292058,11.307222291108552,167.33333332836628,0.0,0.3,MEDIUM
evt_001416,STARLINK-2358,STARLINK-37437,1782348000.000018,38.66104882311871,1.508464336253493,167.33333332836628,0.0,0.3,MEDIUM
evt_001417,STARLINK-2370,STARLINK-30335,1782348000.000018,26.59577866050865,8.908084226391892,167.33333332836628,0.0,0.3,MEDIUM
evt_001418,STARLINK-2418,STARLINK-36894,1782348000.000018,14.671754305686283,14.724675986722175,167.33333332836628,0.0,0.3,MEDIUM
evt_001419,STARLINK-2430,STARLINK-33762,1782348000.000018,49.12915482441482,1.5264886278455745,167.33333332836628,0.0,0.3,MEDIUM
evt_001420,STARLINK-2439,STARLINK-35938,1782348000.000018,37.17912692192793,1.2500645727055155,167.33333332836628,0.0,0.3,MEDIUM
evt_001421,STARLINK-2442,STARLINK-36867,1782348000.000018,11.732959045739744,14.733313128871789,167.33333332836628,0.0,0.3,MEDIUM
evt_001422,STARLINK-2452,STARLINK-36657,1782348000.000018,10.351830554601667,1.4389627317498468,167.33333332836628,0.0,0.3,MEDIUM
evt_001423,STARLINK-2465,STARLINK-35690,1782348000.000018,36.43523338330406,6.193378411760349,167.33333332836628,0.0,0.3,MEDIUM
evt_001425,STARLINK-2473,STARLINK-34724,1782348000.000018,10.046409638017918,2.0039191297326244,167.33333332836628,0.0,0.3,MEDIUM
evt_001427,STARLINK-2482,STARLINK-37401,1782348000.000018,41.00253935488766,14.568380780566306,167.33333332836628,0.0,0.3,MEDIUM
evt_001429,STARLINK-2543,STARLINK-34146,1782348000.000018,21.931224456778555,0.1520551855553328,167.33333332836628,0.0,0.05,LOW
evt_003196,STARLINK-2543,STARLINK-34146,1782351000.0,37.37919055915696,0.1586029470999174,166.5,15.447966102378404,0.05,LOW
evt_001430,STARLINK-2555,STARLINK-5389,1782348000.000018,36.54266119511783,4.807881333676482,167.33333332836628,0.0,0.3,MEDIUM
evt_001431,STARLINK-2507,STARLINK-36255,1782348000.000018,15.835523643420236,3.7875251422204745,167.33333332836628,0.0,0.3,MEDIUM
evt_001432,STARLINK-2509,STARLINK-30923,1782348000.000018,29.48293487969904,9.43506631333129,167.33333332836628,0.0,0.3,MEDIUM
evt_001433,STARLINK-2591,STARLINK-35704,1782348000.000018,25.20606867891956,10.940392666955455,167.33333332836628,0.0,0.3,MEDIUM
evt_001434,STARLINK-2609,STARLINK-37482,1782348000.000018,49.518126234078,6.020866796989612,167.33333332836628,0.0,0.3,MEDIUM
evt_001435,STARLINK-2612,STARLINK-6353,1782348000.000018,25.798765450129306,2.203535271327575,167.33333332836628,0.0,0.3,MEDIUM
evt_001436,STARLINK-2614,STARLINK-37185,1782348000.000018,28.180375397998077,0.1752258640477364,167.33333332836628,0.0,0.05,LOW
evt_001437,STARLINK-2586,STARLINK-5339,1782348000.000018,42.85604294503158,10.40968651498738,167.33333332836628,0.0,0.3,MEDIUM
evt_001438,STARLINK-2590,STARLINK-35106,1782348000.000018,21.736976644347468,0.1206581649515955,167.33333332836628,0.0,0.05,LOW
evt_002826,STARLINK-2590,STARLINK-35106,1782350399.9999957,34.91272050285429,0.1142498087066687,166.666666667925,13.175743858506824,0.05,LOW
evt_003205,STARLINK-2590,STARLINK-35106,1782351000.0,37.26308316072701,0.1138098736321063,166.5,2.350362657872715,0.05,LOW
evt_004585,STARLINK-2590,STARLINK-35106,1782353400.000018,30.26313626393047,0.1233562032888227,165.83333332836628,-6.999946896796537,0.05,LOW
evt_006288,STARLINK-2590,STARLINK-35106,1782356400.0,48.610660303150304,0.1316360412423043,165.0,18.347524039219834,0.05,LOW
evt_001439,STARLINK-2587,STARLINK-37514,1782348000.000018,24.01917918524881,14.756501560748644,167.33333332836628,0.0,0.3,MEDIUM
evt_001440,STARLINK-2568,STARLINK-30346,1782348000.000018,46.92675387810989,3.6459830562468816,167.33333332836628,0.0,0.3,MEDIUM
evt_001441,STARLINK-2680,STARLINK-37417,1782348000.000018,48.63103914403852,14.590811980936923,167.33333332836628,0.0,0.3,MEDIUM
evt_001443,STARLINK-2583,STARLINK-31935,1782348000.000018,39.34283042715091,1.5138249254755285,167.33333332836628,0.0,0.3,MEDIUM
evt_001444,STARLINK-2661,STARLINK-32646,1782348000.000018,43.91634646508441,1.008367915555976,167.33333332836628,0.0,0.3,MEDIUM
evt_001448,STARLINK-2188,STARLINK-35670,1782348000.000018,34.6997279777342,6.017267977367293,167.33333332836628,0.0,0.3,MEDIUM
evt_001450,STARLINK-2237,STARLINK-32017,1782348000.000018,36.32000354235439,7.226283144565004,167.33333332836628,0.0,0.3,MEDIUM
evt_001451,STARLINK-2252,STARLINK-3893,1782348000.000018,36.37715079489326,0.1829547756465505,167.33333332836628,0.0,0.05,LOW
evt_001453,STARLINK-2720,STARLINK-35247,1782348000.000018,34.572397463891754,12.121180537928565,167.33333332836628,0.0,0.3,MEDIUM
evt_001455,STARLINK-2726,STARLINK-34293,1782348000.000018,32.75897583253044,0.3101547651724887,167.33333332836628,0.0,0.05,LOW
evt_003220,STARLINK-2726,STARLINK-34293,1782351000.0,41.5200448381883,0.3102641602690542,166.5,8.761069005657859,0.05,LOW
evt_001458,STARLINK-2616,STARLINK-30793,1782348000.000018,46.9585095121324,4.186977043582386,167.33333332836628,0.0,0.3,MEDIUM
evt_001459,STARLINK-3154,STARLINK-4694,1782348000.000018,38.86775252413804,1.0790657638106036,167.33333332836628,0.0,0.3,MEDIUM
evt_001460,STARLINK-3128,STARLINK-34055,1782348000.000018,30.73085802667221,11.191799159903317,167.33333332836628,0.0,0.3,MEDIUM
evt_001461,STARLINK-3219,STARLINK-3193,1782348000.000018,47.84801801973602,1.030685736742501,167.33333332836628,0.0,0.3,MEDIUM
evt_001463,STARLINK-3241,STARLINK-6039,1782348000.000018,45.992741288839404,14.194249448853483,167.33333332836628,0.0,0.3,MEDIUM
evt_001464,STARLINK-3194,STARLINK-4750,1782348000.000018,20.989581678566942,11.881698605406118,167.33333332836628,0.0,0.3,MEDIUM
evt_001465,STARLINK-3192,STARLINK-32391,1782348000.000018,47.40572094167828,2.8213776715707346,167.33333332836628,0.0,0.3,MEDIUM
evt_001466,STARLINK-3286,STARLINK-5609,1782348000.000018,10.407622488958854,6.514220998860114,167.33333332836628,0.0,0.3,MEDIUM
evt_001467,STARLINK-3292,STARLINK-30165,1782348000.000018,44.63303939098754,3.3885549356303786,167.33333332836628,0.0,0.3,MEDIUM
evt_001468,STARLINK-3282,STARLINK-35089,1782348000.000018,49.64577851026325,0.8753281895925706,167.33333332836628,0.0,0.05,LOW
evt_001469,STARLINK-3366,STARLINK-4718,1782348000.000018,45.96914086966268,0.5398118881815824,167.33333332836628,0.0,0.05,LOW
evt_008038,STARLINK-3366,STARLINK-4718,1782359399.999982,12.768447306305475,0.5400961100701716,164.16666667163372,-33.200693563357206,0.3,MEDIUM
evt_014662,STARLINK-3366,STARLINK-4718,1782370799.9999866,40.94058247418877,0.541717959152896,161.00000000370872,28.172135167883297,0.05,LOW
evt_001470,STARLINK-3352,STARLINK-34921,1782348000.000018,45.68606231046771,7.291695839740052,167.33333332836628,0.0,0.3,MEDIUM
evt_001472,STARLINK-3546,STARLINK-5405,1782348000.000018,33.944960963470564,3.871640214427348,167.33333332836628,0.0,0.3,MEDIUM
evt_001473,STARLINK-3631,STARLINK-5268,1782348000.000018,41.14978656292555,0.4963465148872273,167.33333332836628,0.0,0.05,LOW
evt_008045,STARLINK-3631,STARLINK-5268,1782359399.999982,18.206582276397835,0.4941818483796666,164.16666667163372,-22.943204286527717,0.3,MEDIUM
evt_014670,STARLINK-3631,STARLINK-5268,1782370799.9999866,43.08942105071901,0.4932040375814698,161.00000000370872,24.882838774321176,0.05,LOW
evt_016406,STARLINK-3631,STARLINK-5268,1782373800.000009,42.72208352669,0.4932832765866615,160.16666666415003,-0.3673375240290113,0.05,LOW
evt_001474,STARLINK-3556,STARLINK-31123,1782348000.000018,44.54142318514238,0.2053423014198947,167.33333332836628,0.0,0.05,LOW
evt_001476,STARLINK-3700,STARLINK-35249,1782348000.000018,11.489501347438033,0.1456290812132779,167.33333332836628,0.0,0.3,MEDIUM
evt_003244,STARLINK-3700,STARLINK-35249,1782351000.0,44.46582017461466,0.1432898847168557,166.5,32.976318827176634,0.05,LOW
evt_001477,STARLINK-3672,STARLINK-32888,1782348000.000018,48.40155132439151,12.0948692425998,167.33333332836628,0.0,0.3,MEDIUM
evt_001478,STARLINK-3649,STARLINK-3708,1782348000.000018,38.986947813563184,4.14403611872352,167.33333332836628,0.0,0.3,MEDIUM
evt_001479,STARLINK-3841,STARLINK-34354,1782348000.000018,35.9266134244092,12.687125674326184,167.33333332836628,0.0,0.3,MEDIUM
evt_001480,STARLINK-3550,STARLINK-32643,1782348000.000018,22.700837795503546,0.1477532989104918,167.33333332836628,0.0,0.05,LOW
evt_001481,STARLINK-3890,STARLINK-4053,1782348000.000018,34.79581976115342,0.5400337461773979,167.33333332836628,0.0,0.05,LOW
evt_001482,STARLINK-3953,STARLINK-5593,1782348000.000018,33.30124917878379,3.488080748621449,167.33333332836628,0.0,0.3,MEDIUM
evt_001483,STARLINK-3930,STARLINK-34302,1782348000.000018,41.71169407279904,1.7121630533103984,167.33333332836628,0.0,0.3,MEDIUM
evt_001484,STARLINK-3901,STARLINK-4254,1782348000.000018,11.187609235558178,2.6375600362491154,167.33333332836628,0.0,0.3,MEDIUM
evt_001485,STARLINK-3976,STARLINK-6342,1782348000.000018,39.50501381249632,7.103150411231772,167.33333332836628,0.0,0.3,MEDIUM
evt_001486,STARLINK-4043,STARLINK-37092,1782348000.000018,42.43575932330857,9.792834186509957,167.33333332836628,0.0,0.3,MEDIUM
evt_001487,STARLINK-4171,STARLINK-30294,1782348000.000018,42.23015709316588,5.517423754064211,167.33333332836628,0.0,0.3,MEDIUM
evt_001488,STARLINK-4254,STARLINK-4215,1782348000.000018,49.32272523686471,0.0658785897116607,167.33333332836628,0.0,0.05,LOW
evt_001833,STARLINK-4254,STARLINK-4215,1782348599.999982,41.90535886025621,0.0421524053835127,167.16666667163372,-7.417366376608506,0.05,LOW
evt_002194,STARLINK-4254,STARLINK-4215,1782349199.9999866,43.04605198139252,0.0133883535283196,167.00000000370872,1.1406931211363158,0.05,LOW
evt_002519,STARLINK-4254,STARLINK-4215,1782349799.999991,40.57787758509645,0.0290841803073642,166.83333333584997,-2.468174396296071,0.05,LOW
evt_002871,STARLINK-4254,STARLINK-4215,1782350399.9999957,41.10859445138856,0.0552417118618512,166.666666667925,0.5307168662921029,0.05,LOW
evt_001489,STARLINK-4215,STARLINK-35057,1782348000.000018,49.13216184162298,10.981124460824198,167.33333332836628,0.0,0.3,MEDIUM
evt_001490,STARLINK-4377,STARLINK-34931,1782348000.000018,46.8996585133637,15.01074016125668,167.33333332836628,0.0,0.3,MEDIUM
evt_364901,STARLINK-4377,STARLINK-34931,1782882000.0000134,30.87947808027908,15.010652439791013,18.999999996291265,-16.020180433084626,0.3,MEDIUM
evt_001491,STARLINK-4576,STARLINK-32132,1782348000.000018,40.29723826737519,0.5969870182707645,167.33333332836628,0.0,0.05,LOW
evt_001492,STARLINK-4690,STARLINK-34730,1782348000.000018,48.571044790451175,10.251379419410368,167.33333332836628,0.0,0.3,MEDIUM
evt_001493,STARLINK-4380,STARLINK-5994,1782348000.000018,49.45064686451399,15.067526475186162,167.33333332836628,0.0,0.3,MEDIUM
evt_001494,STARLINK-4627,STARLINK-33844,1782348000.000018,36.88645308937024,3.411972787305693,167.33333332836628,0.0,0.3,MEDIUM
evt_001495,STARLINK-4666,STARLINK-5997,1782348000.000018,47.63769786643895,6.300626471061976,167.33333332836628,0.0,0.3,MEDIUM
evt_001497,STARLINK-5197,STARLINK-6197,1782348000.000018,42.69217293304708,11.443536162869,167.33333332836628,0.0,0.3,MEDIUM
evt_001498,STARLINK-5117,STARLINK-36157,1782348000.000018,44.49132899494842,2.4421758134799023,167.33333332836628,0.0,0.3,MEDIUM
evt_001499,STARLINK-5413,STARLINK-6354,1782348000.000018,44.98680297900106,13.17057911299441,167.33333332836628,0.0,0.3,MEDIUM
evt_001500,STARLINK-5101,STARLINK-34634,1782348000.000018,25.822137277803588,1.4628024155778987,167.33333332836628,0.0,0.3,MEDIUM
evt_001501,STARLINK-5432,STARLINK-36849,1782348000.000018,49.13874117140458,9.828608325313702,167.33333332836628,0.0,0.3,MEDIUM
evt_001502,STARLINK-5667,STARLINK-35332,1782348000.000018,27.197334224018224,11.334849410821487,167.33333332836628,0.0,0.3,MEDIUM
evt_001503,STARLINK-5663,STARLINK-32446,1782348000.000018,20.50466688786028,1.3730526922313189,167.33333332836628,0.0,0.3,MEDIUM
evt_001504,STARLINK-5625,STARLINK-31520,1782348000.000018,33.79447903364946,2.82427555774509,167.33333332836628,0.0,0.3,MEDIUM
evt_001505,STARLINK-5669,STARLINK-36747,1782348000.000018,38.933164270790925,13.89215705597736,167.33333332836628,0.0,0.3,MEDIUM
evt_001506,STARLINK-5679,STARLINK-36671,1782348000.000018,23.55137757901592,4.261691374596225,167.33333332836628,0.0,0.3,MEDIUM
evt_001507,STARLINK-5905,STARLINK-33571,1782348000.000018,49.76066783233584,9.2711796277283,167.33333332836628,0.0,0.3,MEDIUM
evt_001508,STARLINK-5774,STARLINK-34817,1782348000.000018,44.620229737332735,10.333260454095974,167.33333332836628,0.0,0.3,MEDIUM
evt_001509,STARLINK-6166,STARLINK-34398,1782348000.000018,36.0133654214095,1.3602910801388408,167.33333332836628,0.0,0.3,MEDIUM
evt_001510,STARLINK-6145,STARLINK-37311,1782348000.000018,39.04647949295384,11.231217537651377,167.33333332836628,0.0,0.3,MEDIUM
evt_001511,STARLINK-6260,STARLINK-33734,1782348000.000018,35.913660891166245,1.6556677499166357,167.33333332836628,0.0,0.3,MEDIUM
evt_001512,STARLINK-6309,STARLINK-32956,1782348000.000018,49.793437702151685,7.864881045298926,167.33333332836628,0.0,0.3,MEDIUM
evt_001513,STARLINK-6136,STARLINK-34264,1782348000.000018,48.12373448215877,1.3742778612281492,167.33333332836628,0.0,0.3,MEDIUM
evt_001514,STARLINK-30070,STARLINK-32519,1782348000.000018,24.932852360534078,2.1550617086811514,167.33333332836628,0.0,0.3,MEDIUM
evt_001515,STARLINK-6197,STARLINK-33887,1782348000.000018,42.858487034707856,8.158653374880073,167.33333332836628,0.0,0.3,MEDIUM
evt_001516,STARLINK-5731,STARLINK-35718,1782348000.000018,37.2771183884213,5.849975053275667,167.33333332836628,0.0,0.3,MEDIUM
evt_001517,STARLINK-5536,STARLINK-36890,1782348000.000018,48.23107134391947,5.100502518938994,167.33333332836628,0.0,0.3,MEDIUM
evt_001518,STARLINK-5843,STARLINK-36757,1782348000.000018,38.39992932615457,7.25976479106902,167.33333332836628,0.0,0.3,MEDIUM
evt_001520,STARLINK-6152,STARLINK-36745,1782348000.000018,38.06813751338746,9.642851347205882,167.33333332836628,0.0,0.3,MEDIUM
evt_001521,STARLINK-5347,STARLINK-33597,1782348000.000018,41.20118003878304,11.28061146677741,167.33333332836628,0.0,0.3,MEDIUM
evt_001522,STARLINK-5357,STARLINK-34623,1782348000.000018,33.6463276195451,10.64327296209864,167.33333332836628,0.0,0.3,MEDIUM
evt_001523,STARLINK-5791,STARLINK-34206,1782348000.000018,44.67060686496628,5.175917313612558,167.33333332836628,0.0,0.3,MEDIUM
evt_001524,STARLINK-5503,STARLINK-32031,1782348000.000018,44.75626538208474,4.662376257439691,167.33333332836628,0.0,0.3,MEDIUM
evt_001525,STARLINK-6320,STARLINK-34871,1782348000.000018,44.82854450847231,1.632845346492743,167.33333332836628,0.0,0.3,MEDIUM
evt_001526,STARLINK-6375,STARLINK-34206,1782348000.000018,28.786797253556653,3.956623518728007,167.33333332836628,0.0,0.3,MEDIUM
evt_001527,STARLINK-5600,STARLINK-34226,1782348000.000018,27.447323300765557,2.182063335631377,167.33333332836628,0.0,0.3,MEDIUM
evt_001528,STARLINK-6364,STARLINK-37328,1782348000.000018,33.46521117697311,10.930527683496877,167.33333332836628,0.0,0.3,MEDIUM
evt_001529,STARLINK-30088,STARLINK-32415,1782348000.000018,39.211744302103256,7.863027204300677,167.33333332836628,0.0,0.3,MEDIUM
evt_001530,STARLINK-30145,STARLINK-32169,1782348000.000018,46.67065855196877,3.987602067074068,167.33333332836628,0.0,0.3,MEDIUM
evt_001531,STARLINK-30269,STARLINK-34582,1782348000.000018,22.061781886386427,1.896979058076968,167.33333332836628,0.0,0.3,MEDIUM
evt_001532,STARLINK-30041,STARLINK-33937,1782348000.000018,38.01903863366972,9.5780066491613,167.33333332836628,0.0,0.3,MEDIUM
evt_001533,STARLINK-30244,STARLINK-34463,1782348000.000018,28.68756583175991,1.3543924507853855,167.33333332836628,0.0,0.3,MEDIUM
evt_001534,STARLINK-30296,STARLINK-36628,1782348000.000018,48.59143137220226,14.73320793808933,167.33333332836628,0.0,0.3,MEDIUM
evt_001536,STARLINK-30303,STARLINK-37031,1782348000.000018,25.57274387469096,6.016288481798467,167.33333332836628,0.0,0.3,MEDIUM
evt_001537,STARLINK-30320,STARLINK-37758,1782348000.000018,17.218767126482042,13.976134377991537,167.33333332836628,0.0,0.3,MEDIUM
evt_140285,STARLINK-30320,STARLINK-37758,1782579000.000009,19.114140695643396,14.449754838993622,103.16666666415004,1.8953735691613505,0.3,MEDIUM
evt_001538,STARLINK-30321,STARLINK-32715,1782348000.000018,23.32588513793915,2.4881378119798736,167.33333332836628,0.0,0.3,MEDIUM
evt_001539,STARLINK-30283,STARLINK-31257,1782348000.000018,17.019243056475208,1.407043150326976,167.33333332836628,0.0,0.3,MEDIUM
evt_001540,STARLINK-30370,STARLINK-34680,1782348000.000018,32.44140317742232,9.875038572324218,167.33333332836628,0.0,0.3,MEDIUM
evt_001541,STARLINK-30397,STARLINK-35276,1782348000.000018,40.43247237725924,2.1262706094125394,167.33333332836628,0.0,0.3,MEDIUM
evt_001542,STARLINK-30354,STARLINK-33803,1782348000.000018,41.4955709231625,4.935638473263603,167.33333332836628,0.0,0.3,MEDIUM
evt_001544,STARLINK-30291,STARLINK-32779,1782348000.000018,29.65012483024461,1.3389645604603286,167.33333332836628,0.0,0.3,MEDIUM
evt_001545,STARLINK-30393,STARLINK-35972,1782348000.000018,39.28514694972042,3.8376240710996057,167.33333332836628,0.0,0.3,MEDIUM
evt_001546,STARLINK-30443,STARLINK-36435,1782348000.000018,44.18300213444307,14.287456002050396,167.33333332836628,0.0,0.3,MEDIUM
evt_001547,STARLINK-30472,STARLINK-32631,1782348000.000018,31.494984310302375,1.3819510962649433,167.33333332836628,0.0,0.3,MEDIUM
evt_001548,STARLINK-30711,STARLINK-31467,1782348000.000018,33.27314400872812,1.7548158644183212,167.33333332836628,0.0,0.3,MEDIUM
evt_001549,STARLINK-30707,STARLINK-32717,1782348000.000018,29.47166449052014,11.15398655986422,167.33333332836628,0.0,0.3,MEDIUM
evt_001550,STARLINK-30530,STARLINK-37540,1782348000.000018,49.03247676305773,14.305763258461427,167.33333332836628,0.0,0.3,MEDIUM
evt_001551,STARLINK-30526,STARLINK-31622,1782348000.000018,40.82548325843471,0.5438357040008803,167.33333332836628,0.0,0.05,LOW
evt_001552,STARLINK-30556,STARLINK-31793,1782348000.000018,35.00110340871279,0.9142691499925222,167.33333332836628,0.0,0.05,LOW
evt_001553,STARLINK-30437,STARLINK-30823,1782348000.000018,33.48295338600542,8.69860784850147,167.33333332836628,0.0,0.3,MEDIUM
evt_001554,STARLINK-30506,STARLINK-35497,1782348000.000018,24.18711442023191,1.4077640087728154,167.33333332836628,0.0,0.3,MEDIUM
evt_001555,STARLINK-30608,STARLINK-37058,1782348000.000018,18.83570289161756,6.23317484017295,167.33333332836628,0.0,0.3,MEDIUM
evt_001557,STARLINK-30803,STARLINK-35274,1782348000.000018,37.04246816715794,2.8030380634211145,167.33333332836628,0.0,0.3,MEDIUM
evt_001558,STARLINK-30789,STARLINK-31957,1782348000.000018,46.722288765758165,1.4334167724754223,167.33333332836628,0.0,0.3,MEDIUM
evt_001559,STARLINK-30826,STARLINK-34221,1782348000.000018,41.91431042101587,5.044961798069372,167.33333332836628,0.0,0.3,MEDIUM
evt_001560,STARLINK-30807,STARLINK-33948,1782348000.000018,45.70582899490237,2.969565023390448,167.33333332836628,0.0,0.3,MEDIUM
evt_001561,STARLINK-30867,STARLINK-34471,1782348000.000018,35.32305740862824,1.402301564744779,167.33333332836628,0.0,0.3,MEDIUM
evt_001562,STARLINK-30896,STARLINK-34477,1782348000.000018,45.78632076042991,2.052488503566413,167.33333332836628,0.0,0.3,MEDIUM
evt_001563,STARLINK-30909,STARLINK-35031,1782348000.000018,33.82805343183845,1.3615989697583517,167.33333332836628,0.0,0.3,MEDIUM
evt_001564,STARLINK-30884,STARLINK-31883,1782348000.000018,45.11912978242955,11.285899726952318,167.33333332836628,0.0,0.3,MEDIUM
evt_001565,STARLINK-30915,STARLINK-36910,1782348000.000018,47.40402960699576,3.278975955440556,167.33333332836628,0.0,0.3,MEDIUM
evt_001566,STARLINK-30898,STARLINK-30906,1782348000.000018,44.99088018489266,5.030299454906254,167.33333332836628,0.0,0.3,MEDIUM
evt_001567,STARLINK-30958,STARLINK-35951,1782348000.000018,28.014760206005008,11.059669040281044,167.33333332836628,0.0,0.3,MEDIUM
evt_001568,STARLINK-30956,STARLINK-34400,1782348000.000018,25.33244995926124,11.137766276103363,167.33333332836628,0.0,0.3,MEDIUM
evt_001569,STARLINK-30997,STARLINK-34044,1782348000.000018,30.3359981134995,1.264342113140907,167.33333332836628,0.0,0.3,MEDIUM
evt_013006,STARLINK-30997,STARLINK-34044,1782367800.0000043,44.01502488209259,1.2647372197181967,161.833333332075,13.67902676859309,0.3,MEDIUM
evt_029126,STARLINK-30997,STARLINK-34044,1782396000.0000134,36.55303055171036,1.264766567819109,153.99999999629128,-7.461994330382232,0.3,MEDIUM
evt_040619,STARLINK-30997,STARLINK-34044,1782415800.0,20.09989745789554,1.26400736402708,148.5,-16.453133093814817,0.3,MEDIUM
evt_052179,STARLINK-30997,STARLINK-34044,1782435599.9999866,47.11971191854213,1.2640184002196375,143.00000000370872,27.01981446064659,0.3,MEDIUM
evt_069011,STARLINK-30997,STARLINK-34044,1782463799.9999957,17.96581006129557,1.264777724227182,135.166666667925,-29.15390185724656,0.3,MEDIUM
evt_080706,STARLINK-30997,STARLINK-34044,1782483599.999982,21.218808576543168,1.2636287692334105,129.66666667163372,3.2529985152475973,0.3,MEDIUM
evt_097880,STARLINK-30997,STARLINK-34044,1782511799.999991,36.59644753276594,1.2631719453253691,121.83333333584996,15.377638956222777,0.3,MEDIUM
evt_109932,STARLINK-30997,STARLINK-34044,1782531600.000018,5.662888872502917,1.26483914684892,116.33333332836628,-30.933558660263024,0.3,MEDIUM
evt_122533,STARLINK-30997,STARLINK-34044,1782551400.0000043,38.0301283315894,1.263266476276198,110.833333332075,32.36723945908648,0.3,MEDIUM
evt_140724,STARLINK-30997,STARLINK-34044,1782579600.0000134,30.53359963064184,1.2637781628009326,102.99999999629128,-7.496528700947554,0.3,MEDIUM
evt_153970,STARLINK-30997,STARLINK-34044,1782599400.0,30.061181387753617,1.265021959203294,97.5,-0.4724182428882244,0.3,MEDIUM
evt_187307,STARLINK-30997,STARLINK-34044,1782647399.9999957,43.86750554891603,1.26461944824111,84.16666666792499,13.806324161162411,0.3,MEDIUM
evt_001570,STARLINK-31002,STARLINK-34828,1782348000.000018,42.35612995527715,10.926451629550128,167.33333332836628,0.0,0.3,MEDIUM
evt_001571,STARLINK-31017,STARLINK-35953,1782348000.000018,24.7776422695202,1.9254155481342763,167.33333332836628,0.0,0.3,MEDIUM
evt_001572,STARLINK-31011,STARLINK-34469,1782348000.000018,11.386463987108923,2.411190097406062,167.33333332836628,0.0,0.3,MEDIUM
evt_001573,STARLINK-31012,STARLINK-35468,1782348000.000018,42.044397601253216,2.4084515495938565,167.33333332836628,0.0,0.3,MEDIUM
evt_045585,STARLINK-31012,STARLINK-35468,1782424199.999982,48.56577212805584,2.412990638088654,146.16666667163372,6.521374526802624,0.3,MEDIUM
evt_062261,STARLINK-31012,STARLINK-35468,1782452399.999991,39.56190704720302,2.413184431400397,138.33333333584997,-9.003865080852819,0.3,MEDIUM
evt_125936,STARLINK-31012,STARLINK-35468,1782556800.0000043,40.784013060396205,2.408554902074293,109.333333332075,1.2221060131931836,0.3,MEDIUM
evt_001574,STARLINK-31014,STARLINK-31526,1782348000.000018,21.38345818232681,0.9542348939191068,167.33333332836628,0.0,0.05,LOW
evt_001575,STARLINK-31048,STARLINK-34911,1782348000.000018,37.38162110581074,11.627850495427456,167.33333332836628,0.0,0.3,MEDIUM
evt_001576,STARLINK-31134,STARLINK-32185,1782348000.000018,27.234577018624236,9.63089524211406,167.33333332836628,0.0,0.3,MEDIUM
evt_001577,STARLINK-31147,STARLINK-36694,1782348000.000018,43.04760094841292,7.033630167100103,167.33333332836628,0.0,0.3,MEDIUM
evt_001578,STARLINK-31033,STARLINK-36528,1782348000.000018,38.11944799183033,10.408620009214918,167.33333332836628,0.0,0.3,MEDIUM
evt_001579,STARLINK-30856,STARLINK-33720,1782348000.000018,42.76481260243374,7.185986707469758,167.33333332836628,0.0,0.3,MEDIUM
evt_001580,STARLINK-31076,STARLINK-31258,1782348000.000018,44.31706235920986,8.23981730626622,167.33333332836628,0.0,0.3,MEDIUM
evt_001581,STARLINK-31114,STARLINK-37241,1782348000.000018,48.38934277297939,10.436270298149129,167.33333332836628,0.0,0.3,MEDIUM
evt_001582,STARLINK-31122,STARLINK-36570,1782348000.000018,28.11857420302285,2.230921821975528,167.33333332836628,0.0,0.3,MEDIUM
evt_001583,STARLINK-31253,STARLINK-35667,1782348000.000018,32.79024923778677,1.255028835398479,167.33333332836628,0.0,0.3,MEDIUM
evt_001585,STARLINK-31198,STARLINK-36301,1782348000.000018,47.9031520776069,5.005987879989541,167.33333332836628,0.0,0.3,MEDIUM
evt_001587,STARLINK-31377,STARLINK-31502,1782348000.000018,48.39847628231378,11.27169927421924,167.33333332836628,0.0,0.3,MEDIUM
evt_001589,STARLINK-31368,STARLINK-35122,1782348000.000018,41.188773537001566,2.887444271763539,167.33333332836628,0.0,0.3,MEDIUM
evt_001590,STARLINK-31351,STARLINK-36889,1782348000.000018,16.742003611312743,1.4312837623281809,167.33333332836628,0.0,0.3,MEDIUM
evt_001591,STARLINK-31358,STARLINK-32170,1782348000.000018,49.86746481279248,1.1635180414700548,167.33333332836628,0.0,0.3,MEDIUM
evt_045604,STARLINK-31358,STARLINK-32170,1782424199.999982,49.1573422203828,1.165481517353914,146.16666667163372,-0.7101225924096823,0.3,MEDIUM
evt_062277,STARLINK-31358,STARLINK-32170,1782452399.999991,45.07687233603809,1.1656370985563294,138.33333333584997,-4.0804698843447085,0.3,MEDIUM
evt_079039,STARLINK-31358,STARLINK-32170,1782480600.0,48.292797944597964,1.165429280332552,130.5,3.2159256085598718,0.3,MEDIUM
evt_125952,STARLINK-31358,STARLINK-32170,1782556800.0000043,46.22734314003714,1.1633106483396394,109.333333332075,-2.0654548045608223,0.3,MEDIUM
evt_144377,STARLINK-31358,STARLINK-32170,1782585000.0000134,48.75901055742369,1.163133559674174,101.49999999629128,2.5316674173865508,0.3,MEDIUM
evt_177307,STARLINK-31358,STARLINK-32170,1782633000.000009,47.29586015171073,1.16522928677014,88.16666666415003,-1.463150405712966,0.3,MEDIUM
evt_196956,STARLINK-31358,STARLINK-32170,1782661200.000018,41.81729708349632,1.1654462973184938,80.33333332836628,-5.478563068214406,0.3,MEDIUM
evt_217453,STARLINK-31358,STARLINK-32170,1782689399.9999866,44.07946414982219,1.1653009444088145,72.50000000370873,2.2621670663258726,0.3,MEDIUM
evt_253115,STARLINK-31358,STARLINK-32170,1782737399.999982,49.03170175593131,1.1628728060558455,59.16666667163372,4.952237606109115,0.3,MEDIUM
evt_274349,STARLINK-31358,STARLINK-32170,1782765599.999991,43.07190047974966,1.1631199979230171,51.33333333584997,-5.959801276181651,0.3,MEDIUM
evt_295832,STARLINK-31358,STARLINK-32170,1782793800.0,44.54665034655071,1.16300861514501,43.5,1.474749866801055,0.3,MEDIUM
evt_333670,STARLINK-31358,STARLINK-32170,1782841799.9999957,46.142131472907096,1.1649828486096627,30.166666667924986,1.5954811263563826,0.3,MEDIUM
evt_355699,STARLINK-31358,STARLINK-32170,1782870000.0000043,39.10172033375533,1.1652649428522963,22.33333333207501,-7.0404111391517645,0.3,MEDIUM
evt_377808,STARLINK-31358,STARLINK-32170,1782898200.0000134,40.11276565319796,1.1651857273163928,14.499999996291267,1.01104531944263,0.3,MEDIUM
evt_399402,STARLINK-31358,STARLINK-32170,1782926399.999982,48.66996141408853,1.1647454361327707,6.66666667163372,8.557195760890572,0.3,MEDIUM
evt_415262,STARLINK-31358,STARLINK-32170,1782946200.000009,48.02470922892284,1.162625708346197,1.166666664150026,-0.6452521851656954,0.3,MEDIUM
evt_001592,STARLINK-31521,STARLINK-35403,1782348000.000018,27.138099667235814,12.121631629747284,167.33333332836628,0.0,0.3,MEDIUM
evt_001593,STARLINK-31554,STARLINK-37289,1782348000.000018,31.83994860354739,2.095479113822127,167.33333332836628,0.0,0.3,MEDIUM
evt_001595,STARLINK-31516,STARLINK-32767,1782348000.000018,36.894674032137,2.13428912170334,167.33333332836628,0.0,0.3,MEDIUM
evt_001596,STARLINK-31420,STARLINK-34752,1782348000.000018,47.369164471184135,8.936191416048286,167.33333332836628,0.0,0.3,MEDIUM
evt_001597,STARLINK-31652,STARLINK-36348,1782348000.000018,41.44567357167736,2.5207090178073197,167.33333332836628,0.0,0.3,MEDIUM
evt_001598,STARLINK-31630,STARLINK-36754,1782348000.000018,28.274342323643708,14.54830903792458,167.33333332836628,0.0,0.3,MEDIUM
evt_001599,STARLINK-31396,STARLINK-35408,1782348000.000018,35.98253669377412,1.4312733734252607,167.33333332836628,0.0,0.3,MEDIUM
evt_001600,STARLINK-31483,STARLINK-33727,1782348000.000018,37.04039291721906,8.159973502265194,167.33333332836628,0.0,0.3,MEDIUM
evt_001601,STARLINK-31757,STARLINK-36136,1782348000.000018,21.19437699222348,1.443581263880332,167.33333332836628,0.0,0.3,MEDIUM
evt_001602,STARLINK-31689,STARLINK-34639,1782348000.000018,35.98621094067727,2.1350694482747947,167.33333332836628,0.0,0.3,MEDIUM
evt_001603,STARLINK-31666,STARLINK-36923,1782348000.000018,23.286884783011597,7.020993730598634,167.33333332836628,0.0,0.3,MEDIUM
evt_001604,STARLINK-31448,STARLINK-35420,1782348000.000018,18.63119712955255,1.3944942745726576,167.33333332836628,0.0,0.3,MEDIUM
evt_001605,STARLINK-31748,STARLINK-35173,1782348000.000018,43.21390763131058,4.6082555738735165,167.33333332836628,0.0,0.3,MEDIUM
evt_001606,STARLINK-31787,STARLINK-34080,1782348000.000018,44.377777530661845,1.4834544865071722,167.33333332836628,0.0,0.3,MEDIUM
evt_001608,STARLINK-31822,STARLINK-31993,1782348000.000018,49.5009275344537,1.7157005097560998,167.33333332836628,0.0,0.3,MEDIUM
evt_001609,STARLINK-31826,STARLINK-36043,1782348000.000018,41.30467371787336,0.1700008726324827,167.33333332836628,0.0,0.05,LOW
evt_001610,STARLINK-31926,STARLINK-37015,1782348000.000018,36.00669649790546,6.960445548415992,167.33333332836628,0.0,0.3,MEDIUM
evt_001611,STARLINK-31861,STARLINK-35778,1782348000.000018,33.24988407151789,7.681748665883484,167.33333332836628,0.0,0.3,MEDIUM
evt_287631,STARLINK-31861,STARLINK-35778,1782783000.0,38.90790075529207,7.682083931005394,46.5,5.6580166837741785,0.3,MEDIUM
evt_001612,STARLINK-31856,STARLINK-34195,1782348000.000018,37.56153377983824,8.404605234304247,167.33333332836628,0.0,0.3,MEDIUM
evt_001613,STARLINK-32012,STARLINK-35978,1782348000.000018,33.89596534105954,10.170724933987549,167.33333332836628,0.0,0.3,MEDIUM
evt_001614,STARLINK-32009,STARLINK-35542,1782348000.000018,22.863637568017225,11.844142431283192,167.33333332836628,0.0,0.3,MEDIUM
evt_001615,STARLINK-32002,STARLINK-34449,1782348000.000018,10.938829153726088,10.860477536607624,167.33333332836628,0.0,0.3,MEDIUM
evt_001618,STARLINK-32171,STARLINK-31988,1782348000.000018,44.1347579085874,11.07138276543675,167.33333332836628,0.0,0.3,MEDIUM
evt_001619,STARLINK-32287,STARLINK-34129,1782348000.000018,46.52816362120513,2.423772151636705,167.33333332836628,0.0,0.3,MEDIUM
evt_001620,STARLINK-32180,STARLINK-34129,1782348000.000018,35.95529605497416,2.48126356578099,167.33333332836628,0.0,0.3,MEDIUM
evt_001621,STARLINK-32234,STARLINK-37414,1782348000.000018,42.3946806669657,1.169425576754747,167.33333332836628,0.0,0.3,MEDIUM
evt_001622,STARLINK-32197,STARLINK-35824,1782348000.000018,27.546567867638515,0.2095757173056053,167.33333332836628,0.0,0.05,LOW
evt_003414,STARLINK-32197,STARLINK-35824,1782351000.0,27.885257465159075,0.2134865646662412,166.5,0.3386895975205597,0.05,LOW
evt_001623,STARLINK-32197,STARLINK-36784,1782348000.000018,30.729438361316877,2.8806546079173923,167.33333332836628,0.0,0.3,MEDIUM
evt_001624,STARLINK-31844,STARLINK-36814,1782348000.000018,48.18117889699391,11.293148927945309,167.33333332836628,0.0,0.3,MEDIUM
evt_001625,STARLINK-32289,STARLINK-32779,1782348000.000018,31.19357196431063,0.2344229193038396,167.33333332836628,0.0,0.05,LOW
evt_001626,STARLINK-11190 [DTC],STARLINK-11509 [DTC],1782348000.000018,42.53553545143296,10.23831123199192,167.33333332836628,0.0,0.3,MEDIUM
evt_001627,STARLINK-32392,STARLINK-34202,1782348000.000018,47.73540275781426,11.068606584670098,167.33333332836628,0.0,0.3,MEDIUM
evt_001628,STARLINK-32140,STARLINK-32747,1782348000.000018,25.61481917188382,3.1260809060120383,167.33333332836628,0.0,0.3,MEDIUM
evt_001629,STARLINK-11332 [DTC],STARLINK-11636 [DTC],1782348000.000018,13.753437804473132,3.5703125858676823,167.33333332836628,0.0,0.3,MEDIUM
evt_001630,STARLINK-11373 [DTC],STARLINK-11559 [DTC],1782348000.000018,30.218573135987494,9.303622552449688,167.33333332836628,0.0,0.3,MEDIUM
evt_001631,STARLINK-32421,STARLINK-34403,1782348000.000018,42.63888649299384,4.193987952455568,167.33333332836628,0.0,0.3,MEDIUM
evt_001632,STARLINK-32320,STARLINK-35549,1782348000.000018,31.55523857057852,1.753751816220892,167.33333332836628,0.0,0.3,MEDIUM
evt_013065,STARLINK-32320,STARLINK-35549,1782367800.0000043,43.00187866194272,1.738518206376874,161.833333332075,11.446640091364198,0.3,MEDIUM
evt_001633,STARLINK-32339,STARLINK-34518,1782348000.000018,45.05449303570229,6.613767119515854,167.33333332836628,0.0,0.3,MEDIUM
evt_001634,STARLINK-32449,STARLINK-35277,1782348000.000018,31.89486863165549,0.385259776063463,167.33333332836628,0.0,0.05,LOW
evt_001635,STARLINK-32453,STARLINK-37063,1782348000.000018,14.46900972519508,8.34657631565949,167.33333332836628,0.0,0.3,MEDIUM
evt_001636,STARLINK-32461,STARLINK-32515,1782348000.000018,32.845349891239984,0.2239243744871688,167.33333332836628,0.0,0.05,LOW
evt_001638,STARLINK-32528,STARLINK-34164,1782348000.000018,49.978456989059865,1.023464442809695,167.33333332836628,0.0,0.3,MEDIUM
evt_001639,STARLINK-32451,STARLINK-37133,1782348000.000018,22.253777451531388,11.32857117215809,167.33333332836628,0.0,0.3,MEDIUM
evt_001641,STARLINK-32592,STARLINK-35829,1782348000.000018,14.355272615952831,7.075314363757355,167.33333332836628,0.0,0.3,MEDIUM
evt_001642,STARLINK-32491,STARLINK-36562,1782348000.000018,44.49137008635816,13.749981357621436,167.33333332836628,0.0,0.3,MEDIUM
evt_001643,STARLINK-32311,STARLINK-35264,1782348000.000018,39.57636846723893,1.4183577384658914,167.33333332836628,0.0,0.3,MEDIUM
evt_001644,STARLINK-32665,STARLINK-33663,1782348000.000018,47.68320994893121,7.62835096927753,167.33333332836628,0.0,0.3,MEDIUM
evt_187414,STARLINK-32665,STARLINK-33663,1782647399.9999957,39.52330745310888,7.62865228527789,84.16666666792499,-8.15990249582233,0.3,MEDIUM
evt_362867,STARLINK-32665,STARLINK-33663,1782878999.999991,48.58352478871604,7.629002679756369,19.83333333584997,9.060217335607163,0.3,MEDIUM
evt_001646,STARLINK-32731,STARLINK-37591,1782348000.000018,45.61765867047397,7.086952454321214,167.33333332836628,0.0,0.3,MEDIUM
evt_001647,STARLINK-32766,STARLINK-34791,1782348000.000018,43.53376420039009,11.334032915359304,167.33333332836628,0.0,0.3,MEDIUM
evt_001648,STARLINK-33572,STARLINK-37431,1782348000.000018,46.763049975950416,14.557657870915614,167.33333332836628,0.0,0.3,MEDIUM
evt_001649,STARLINK-32848,STARLINK-37291,1782348000.000018,32.49524068956774,5.357001853533255,167.33333332836628,0.0,0.3,MEDIUM
evt_001650,STARLINK-32847,STARLINK-37056,1782348000.000018,28.004655652977583,2.157657398369592,167.33333332836628,0.0,0.3,MEDIUM
evt_001652,STARLINK-32797,STARLINK-35288,1782348000.000018,22.48454493152324,1.5845273661560184,167.33333332836628,0.0,0.3,MEDIUM
evt_001653,STARLINK-32809,STARLINK-37227,1782348000.000018,45.23166497937078,2.377221566153478,167.33333332836628,0.0,0.3,MEDIUM
evt_001654,STARLINK-32833,STARLINK-36547,1782348000.000018,47.83990396911314,7.179768911156194,167.33333332836628,0.0,0.3,MEDIUM
evt_001655,STARLINK-32888,STARLINK-36083,1782348000.000018,27.619370592834983,1.3923017825254398,167.33333332836628,0.0,0.3,MEDIUM
evt_001656,STARLINK-32826,STARLINK-34681,1782348000.000018,41.431812870389415,6.239419582553555,167.33333332836628,0.0,0.3,MEDIUM
evt_001657,STARLINK-32820,STARLINK-35728,1782348000.000018,18.20876033452005,7.943550774299014,167.33333332836628,0.0,0.3,MEDIUM
evt_001658,STARLINK-32738,STARLINK-33869,1782348000.000018,43.28206619602478,4.719112422392402,167.33333332836628,0.0,0.3,MEDIUM
evt_001659,STARLINK-33710,STARLINK-36387,1782348000.000018,31.579964530142004,12.609330071654597,167.33333332836628,0.0,0.3,MEDIUM
evt_001660,STARLINK-33795,STARLINK-35860,1782348000.000018,49.26655658806025,10.20948325315201,167.33333332836628,0.0,0.3,MEDIUM
evt_001661,STARLINK-33828,STARLINK-35948,1782348000.000018,48.56451064087065,0.0555334068456106,167.33333332836628,0.0,0.05,LOW
evt_002005,STARLINK-33828,STARLINK-35948,1782348599.999982,43.421900613818536,0.0541192497087285,167.16666667163372,-5.142610027052115,0.05,LOW
evt_002351,STARLINK-33828,STARLINK-35948,1782349199.9999866,42.411952349666095,0.0486380743284175,167.00000000370872,-1.0099482641524418,0.05,LOW
evt_002700,STARLINK-33828,STARLINK-35948,1782349799.999991,42.58029382025279,0.0419312878917446,166.83333333584997,0.1683414705866965,0.05,LOW
evt_003078,STARLINK-33828,STARLINK-35948,1782350399.9999957,39.20738613318216,0.0398377473027158,166.666666667925,-3.3729076870706294,0.05,LOW
evt_003449,STARLINK-33828,STARLINK-35948,1782351000.0,32.84485118452009,0.0413061276187757,166.5,-6.3625349486620735,0.05,LOW
evt_003761,STARLINK-33828,STARLINK-35948,1782351600.0000043,29.44289842457979,0.0395935256016908,166.333333332075,-3.401952759940297,0.05,LOW
evt_004099,STARLINK-33828,STARLINK-35948,1782352200.000009,31.27390256708881,0.0325036288800795,166.16666666415003,1.8310041425090235,0.05,LOW
evt_004464,STARLINK-33828,STARLINK-35948,1782352800.0000134,31.753209806971967,0.0256874755910137,165.99999999629128,0.4793072398831519,0.05,LOW
evt_004804,STARLINK-33828,STARLINK-35948,1782353400.000018,26.264899936446213,0.0267884734456622,165.83333332836628,-5.488309870525754,0.05,LOW
evt_005155,STARLINK-33828,STARLINK-35948,1782353999.999982,17.561830939795605,0.0298781361745374,165.66666667163372,-8.703068996650607,0.3,MEDIUM
evt_005522,STARLINK-33828,STARLINK-35948,1782354599.9999866,16.408434723193764,0.0263834671089068,165.50000000370872,-1.1533962166018412,0.3,MEDIUM
evt_005863,STARLINK-33828,STARLINK-35948,1782355199.999991,21.89800993306557,0.0157518828972887,165.33333333584997,5.489575209871806,0.05,LOW
evt_006194,STARLINK-33828,STARLINK-35948,1782355799.9999957,22.28597743310068,0.0098362205989984,165.166666667925,0.3879675000351064,0.05,LOW
evt_006519,STARLINK-33828,STARLINK-35948,1782356400.0,14.537484176887707,0.0192199686757697,165.0,-7.748493256212969,0.3,MEDIUM
evt_006893,STARLINK-33828,STARLINK-35948,1782357000.0000043,3.296384042896876,0.0239922459930287,164.833333332075,-11.241100133990832,0.3,MEDIUM
evt_007219,STARLINK-33828,STARLINK-35948,1782357600.000009,13.30493701928225,0.0190737915902279,164.66666666415003,10.008552976385374,0.3,MEDIUM
evt_007547,STARLINK-33828,STARLINK-35948,1782358200.0000134,21.269405485186454,0.0075425827959919,164.49999999629128,7.964468465904204,0.05,LOW
evt_007907,STARLINK-33828,STARLINK-35948,1782358800.000018,20.922298092196076,0.0126863655494709,164.33333332836628,-0.3471073929903809,0.05,LOW
evt_008247,STARLINK-33828,STARLINK-35948,1782359399.999982,14.546233224922345,0.0241747770383362,164.16666667163372,-6.376064867273728,0.3,MEDIUM
evt_008592,STARLINK-33828,STARLINK-35948,1782359999.9999866,14.550145793485427,0.0279042330284714,164.00000000370872,0.0039125685630843,0.3,MEDIUM
evt_008950,STARLINK-33828,STARLINK-35948,1782360599.999991,23.5996852569612,0.0242098208979327,163.83333333584997,9.049539463475767,0.05,LOW
evt_009273,STARLINK-33828,STARLINK-35948,1782361199.9999957,29.301458336293244,0.0218780679661311,163.666666667925,5.701773079332046,0.05,LOW
evt_009654,STARLINK-33828,STARLINK-35948,1782361800.0,28.53583573789316,0.0287028574412529,163.5,-0.765622598400082,0.05,LOW
evt_010017,STARLINK-33828,STARLINK-35948,1782362400.0000043,25.91035401251761,0.0362679577225421,163.333333332075,-2.6254817253755505,0.05,LOW
evt_010351,STARLINK-33828,STARLINK-35948,1782363000.000009,29.08720437841355,0.0381343136809045,163.16666666415003,3.176850365895937,0.05,LOW
evt_010718,STARLINK-33828,STARLINK-35948,1782363600.0000134,35.95077952106387,0.0363229937512855,162.99999999629128,6.863575142650323,0.05,LOW
evt_011068,STARLINK-33828,STARLINK-35948,1782364200.000018,39.80289851675556,0.0381249596295706,162.83333332836628,3.85211899569169,0.05,LOW
evt_011428,STARLINK-33828,STARLINK-35948,1782364799.999982,39.74526414366976,0.0450948028532164,162.66666667163372,-0.0576343730858042,0.05,LOW
evt_011764,STARLINK-33828,STARLINK-35948,1782365399.9999866,40.524032666173,0.0509234671154746,162.50000000370872,0.7787685225032419,0.05,LOW
evt_012096,STARLINK-33828,STARLINK-35948,1782365999.999991,45.49438680222999,0.0523384673313317,162.33333333584997,4.97035413605699,0.05,LOW
evt_001662,STARLINK-33845,STARLINK-35920,1782348000.000018,37.02460433624002,0.2527417486303709,167.33333332836628,0.0,0.05,LOW
evt_003450,STARLINK-33845,STARLINK-35920,1782351000.0,47.45970607656516,0.2486997823678912,166.5,10.435101740325145,0.05,LOW
evt_001664,STARLINK-33792,STARLINK-36828,1782348000.000018,27.900752183286656,6.484649285623468,167.33333332836628,0.0,0.3,MEDIUM
evt_001665,STARLINK-33752,STARLINK-35339,1782348000.000018,46.56420226814086,9.388080852653031,167.33333332836628,0.0,0.3,MEDIUM
evt_001666,STARLINK-33684,STARLINK-35036,1782348000.000018,49.44737862529676,2.7760495459154626,167.33333332836628,0.0,0.3,MEDIUM
evt_001667,STARLINK-33939,STARLINK-34589,1782348000.000018,24.43065844572454,5.2086669503121374,167.33333332836628,0.0,0.3,MEDIUM
evt_001668,STARLINK-33848,STARLINK-37068,1782348000.000018,36.70634490252245,4.585387537776227,167.33333332836628,0.0,0.3,MEDIUM
evt_001669,STARLINK-33773,STARLINK-34215,1782348000.000018,39.1445472340566,2.32477081053794,167.33333332836628,0.0,0.3,MEDIUM
evt_001670,STARLINK-33957,STARLINK-34399,1782348000.000018,49.71741344578706,2.2210942137782177,167.33333332836628,0.0,0.3,MEDIUM
evt_001671,STARLINK-33957,STARLINK-35319,1782348000.000018,45.19846902017238,8.501457547014965,167.33333332836628,0.0,0.3,MEDIUM
evt_001672,STARLINK-34066,STARLINK-35446,1782348000.000018,39.60401274888275,7.833701588463124,167.33333332836628,0.0,0.3,MEDIUM
evt_001673,STARLINK-34075,STARLINK-34174,1782348000.000018,42.73471849307668,4.357029889597099,167.33333332836628,0.0,0.3,MEDIUM
evt_001674,STARLINK-34158,STARLINK-35310,1782348000.000018,46.71906529288098,1.4502244665926782,167.33333332836628,0.0,0.3,MEDIUM
evt_001677,STARLINK-34001,STARLINK-35595,1782348000.000018,46.70959143875842,1.4533698269840367,167.33333332836628,0.0,0.3,MEDIUM
evt_001679,STARLINK-34399,STARLINK-35319,1782348000.000018,41.49897435311832,10.258585667774474,167.33333332836628,0.0,0.3,MEDIUM
evt_001682,STARLINK-34532,STARLINK-37766,1782348000.000018,47.46826259817935,5.932103924863673,167.33333332836628,0.0,0.3,MEDIUM
evt_001683,STARLINK-34667,STARLINK-35133,1782348000.000018,32.535385813655914,4.429807146893888,167.33333332836628,0.0,0.3,MEDIUM
evt_001685,STARLINK-34772,STARLINK-36727,1782348000.000018,21.37311617884637,8.606153828837371,167.33333332836628,0.0,0.3,MEDIUM
evt_001686,STARLINK-34807,STARLINK-36137,1782348000.000018,37.16171758311223,1.381625373040833,167.33333332836628,0.0,0.3,MEDIUM
evt_001687,STARLINK-34887,STARLINK-35430,1782348000.000018,39.6885240754958,7.718306053894389,167.33333332836628,0.0,0.3,MEDIUM
evt_001688,STARLINK-34887,STARLINK-37473,1782348000.000018,48.400739833687005,13.844145639334664,167.33333332836628,0.0,0.3,MEDIUM
evt_211118,STARLINK-34887,STARLINK-37473,1782680400.0,19.109191112767117,14.520207077057217,75.0,-29.29154872091989,0.3,MEDIUM
evt_001689,STARLINK-34897,STARLINK-37140,1782348000.000018,8.524756546239887,9.68028488287614,167.33333332836628,0.0,0.3,MEDIUM
evt_001691,STARLINK-34856,STARLINK-35720,1782348000.000018,42.92439949505735,5.360013802360047,167.33333332836628,0.0,0.3,MEDIUM
evt_001692,STARLINK-35516,STARLINK-37571,1782348000.000018,26.75846578316013,5.747379852365188,167.33333332836628,0.0,0.3,MEDIUM
evt_001693,STARLINK-35492,STARLINK-35755,1782348000.000018,43.96433490337886,3.9189857000927546,167.33333332836628,0.0,0.3,MEDIUM
evt_001694,STARLINK-34622,STARLINK-37473,1782348000.000018,49.538667105808585,8.758487356034193,167.33333332836628,0.0,0.3,MEDIUM
evt_001695,STARLINK-34852,STARLINK-36646,1782348000.000018,19.375515651196118,9.834457628892594,167.33333332836628,0.0,0.3,MEDIUM
evt_001696,STARLINK-35586,STARLINK-36893,1782348000.000018,13.690279866025524,14.222346344177032,167.33333332836628,0.0,0.3,MEDIUM
evt_001698,STARLINK-35483,STARLINK-36294,1782348000.000018,40.66790744412378,11.915505785354718,167.33333332836628,0.0,0.3,MEDIUM
evt_001699,STARLINK-35616,STARLINK-36370,1782348000.000018,36.86337160291812,11.174031340420292,167.33333332836628,0.0,0.3,MEDIUM
evt_001700,STARLINK-35417,STARLINK-36041,1782348000.000018,40.85300856054589,7.843998158960225,167.33333332836628,0.0,0.3,MEDIUM
evt_187500,STARLINK-35417,STARLINK-36041,1782647399.9999957,10.352022107559858,7.844103775421972,84.16666666792499,-30.50098645298603,0.3,MEDIUM
evt_001702,STARLINK-35824,STARLINK-36784,1782348000.000018,8.32700984479791,2.6742177275900323,167.33333332836628,0.0,0.3,MEDIUM
evt_001703,STARLINK-35667,STARLINK-36770,1782348000.000018,27.188309570393237,1.1926496031672251,167.33333332836628,0.0,0.3,MEDIUM
evt_001704,STARLINK-35538,STARLINK-36579,1782348000.000018,29.316815764360715,7.088243622867729,167.33333332836628,0.0,0.3,MEDIUM
evt_001705,STARLINK-35860,STARLINK-36457,1782348000.000018,14.623619081834605,8.449128525903157,167.33333332836628,0.0,0.3,MEDIUM
evt_001706,STARLINK-35773,STARLINK-37201,1782348000.000018,35.244591123778456,8.256609590485652,167.33333332836628,0.0,0.3,MEDIUM
evt_001707,STARLINK-35789,STARLINK-36989,1782348000.000018,22.65968661408976,8.996944135807267,167.33333332836628,0.0,0.3,MEDIUM
evt_001708,STARLINK-35762,STARLINK-37634,1782348000.000018,36.99472403176857,7.868855191660693,167.33333332836628,0.0,0.3,MEDIUM
evt_001710,STARLINK-36650,STARLINK-36931,1782348000.000018,48.76911509176788,9.818831283970797,167.33333332836628,0.0,0.3,MEDIUM
evt_001711,STARLINK-36375,STARLINK-37252,1782348000.000018,44.18104419814019,7.169810181424991,167.33333332836628,0.0,0.3,MEDIUM
evt_001712,STARLINK-36904,STARLINK-37539,1782348000.000018,41.7864636942094,0.6229215263255528,167.33333332836628,0.0,0.05,LOW
evt_013166,STARLINK-36904,STARLINK-37539,1782367800.0000043,44.158367595324655,0.6248135599129242,161.833333332075,2.3719039011152603,0.05,LOW
evt_018023,STARLINK-36904,STARLINK-37539,1782376199.9999866,42.57831949859064,0.6234063939072646,159.50000000370872,-1.5800480967340178,0.05,LOW
evt_034079,STARLINK-36904,STARLINK-37539,1782404399.9999957,44.555396298415786,0.6238725480717128,151.666666667925,1.9770767998251488,0.05,LOW
evt_050562,STARLINK-36904,STARLINK-37539,1782432600.0000043,47.672840722682,0.624318225522702,143.833333332075,3.1174444242662105,0.05,LOW
evt_001713,STARLINK-36968,STARLINK-36925,1782348000.000018,25.29537966829017,9.230337331571992,167.33333332836628,0.0,0.3,MEDIUM
evt_001715,STARLINK-37285,STARLINK-37360,1782348000.000018,38.4811418133398,0.6123053575569302,167.33333332836628,0.0,0.05,LOW
evt_006576,STARLINK-37285,STARLINK-37360,1782356400.0,21.03586761096205,0.6155039313201777,165.0,-17.445274202377743,0.05,LOW
evt_011491,STARLINK-37285,STARLINK-37360,1782364799.999982,38.64900419271444,0.6129992060000163,162.66666667163372,17.613136581752382,0.05,LOW
evt_022741,STARLINK-37285,STARLINK-37360,1782384600.000009,37.9582849558455,0.6163361526304489,157.16666666415003,-0.6907192368689365,0.05,LOW
evt_027502,STARLINK-37285,STARLINK-37360,1782392999.999991,44.05132484944191,0.6142362107909377,154.83333333584997,6.093039893596405,0.05,LOW
evt_043974,STARLINK-37285,STARLINK-37360,1782421200.0,48.98377366518939,0.6152997864882044,147.0,4.932448815747485,0.05,LOW
evt_077382,STARLINK-37285,STARLINK-37360,1782477600.000018,48.31383051853909,0.6159103113804157,131.33333332836628,-0.6699431466502972,0.05,LOW
evt_094359,STARLINK-37285,STARLINK-37360,1782505799.9999866,41.37324924370708,0.6153713357135886,123.50000000370872,-6.940581274832013,0.05,LOW
evt_111623,STARLINK-37285,STARLINK-37360,1782533999.9999957,30.06988347049374,0.6144852427886798,115.666666667925,-11.30336577321334,0.05,LOW
evt_117013,STARLINK-37285,STARLINK-37360,1782542400.000018,43.23608994311704,0.6149821858393105,113.33333332836628,13.166206472623305,0.05,LOW
evt_129602,STARLINK-37285,STARLINK-37360,1782562200.0000043,16.516803774691628,0.6136203346584059,107.833333332075,-26.719286168425416,0.3,MEDIUM
evt_135011,STARLINK-37285,STARLINK-37360,1782570599.9999866,27.58892630671548,0.6145637416535294,105.50000000370872,11.072122532023856,0.05,LOW
evt_148141,STARLINK-37285,STARLINK-37360,1782590400.0000134,18.51057676375621,0.6133119637784091,99.99999999629128,-9.07834954295927,0.3,MEDIUM
evt_153737,STARLINK-37285,STARLINK-37360,1782598799.9999957,22.6812314737134,0.6148762781796924,97.666666667925,4.170654709957187,0.05,LOW
evt_167349,STARLINK-37285,STARLINK-37360,1782618599.999982,42.45533398301292,0.6142602716937111,92.16666667163372,19.77410250929952,0.05,LOW
evt_173221,STARLINK-37285,STARLINK-37360,1782627000.0000043,43.31415238522238,0.616674295543697,89.83333333207501,0.858818402209458,0.05,LOW
evt_001717,STARLINK-37742,STARLINK-37597,1782348000.000018,36.81335975025671,0.1879099577991481,167.33333332836628,0.0,0.05,LOW
evt_004862,STARLINK-37742,STARLINK-37597,1782353400.000018,20.609382051772776,0.1838660893280562,165.83333332836628,-16.203977698483932,0.05,LOW
evt_006579,STARLINK-37742,STARLINK-37597,1782356400.0,37.7347835053462,0.1777863971677153,165.0,17.125401453573424,0.05,LOW
evt_007970,STARLINK-37742,STARLINK-37597,1782358800.000018,22.985354200740616,0.1815113513297955,164.33333332836628,-14.749429304605584,0.05,LOW
evt_009716,STARLINK-37742,STARLINK-37597,1782361800.0,32.05168677347249,0.1815036176391296,163.5,9.066332572731874,0.05,LOW
evt_011126,STARLINK-37742,STARLINK-37597,1782364200.000018,41.290347955470125,0.1811317886827231,162.83333332836628,9.238661181997635,0.05,LOW
evt_012827,STARLINK-37742,STARLINK-37597,1782367200.0,41.67799248260521,0.1871923714605112,162.0,0.3876445271350874,0.05,LOW
evt_001718,STARLINK-37735,STARLINK-37651,1782348000.000018,29.64203707752641,0.1848526609732677,167.33333332836628,0.0,0.05,LOW
evt_001721,STARLINK-37631,STARLINK-37879,1782348000.000018,20.464821021284937,5.821855979972088,167.33333332836628,0.0,0.3,MEDIUM
evt_001723,STARLINK-1039,STARLINK-34214,1782348599.999982,42.87825710997468,10.874033219722053,167.16666667163372,0.0,0.3,MEDIUM
evt_001724,STARLINK-1185,STARLINK-32183,1782348599.999982,46.36876951356116,1.7929335716414696,167.16666667163372,0.0,0.3,MEDIUM
evt_001726,STARLINK-1372,STARLINK-34812,1782348599.999982,43.913045356175466,0.5722512056581412,167.16666667163372,0.0,0.05,LOW
evt_001727,STARLINK-1335,STARLINK-2517,1782348599.999982,45.73368187745516,1.6503346098565033,167.16666667163372,0.0,0.3,MEDIUM
evt_001728,STARLINK-1365,STARLINK-11232 [DTC],1782348599.999982,24.695506608297134,1.9930905993909824,167.16666667163372,0.0,0.3,MEDIUM
evt_001729,STARLINK-1448,STARLINK-11513 [DTC],1782348599.999982,42.75856177794287,4.856579479003191,167.16666667163372,0.0,0.3,MEDIUM
evt_001731,STARLINK-1392,STARLINK-32800,1782348599.999982,39.36455684408629,1.5313985890301574,167.16666667163372,0.0,0.3,MEDIUM
evt_001732,STARLINK-1470,STARLINK-32395,1782348599.999982,25.338888651900096,7.84794151810896,167.16666667163372,0.0,0.3,MEDIUM
evt_001733,STARLINK-1523,STARLINK-35308,1782348599.999982,48.7356668441516,4.135755295963797,167.16666667163372,0.0,0.3,MEDIUM
evt_001735,STARLINK-1557,STARLINK-37676,1782348599.999982,3.8712825960188586,14.196260991305763,167.16666667163372,0.0,0.8,HIGH
evt_001736,STARLINK-1564,STARLINK-35222,1782348599.999982,47.00921004493222,11.018927006535796,167.16666667163372,0.0,0.3,MEDIUM
evt_001741,STARLINK-2071,STARLINK-33959,1782348599.999982,24.72320845238645,3.0330909010379354,167.16666667163372,0.0,0.3,MEDIUM
evt_001743,STARLINK-2092,STARLINK-37441,1782348599.999982,40.90833534683332,11.387641078284403,167.16666667163372,0.0,0.3,MEDIUM
evt_001744,STARLINK-2096,STARLINK-37539,1782348599.999982,33.412538904589454,11.373459648589934,167.16666667163372,0.0,0.3,MEDIUM
evt_001745,STARLINK-2097,STARLINK-37459,1782348599.999982,49.82414821224407,11.63464596921988,167.16666667163372,0.0,0.3,MEDIUM
evt_001747,STARLINK-2109,STARLINK-35586,1782348599.999982,45.0812521991944,0.4211196334841136,167.16666667163372,0.0,0.05,LOW
evt_234135,STARLINK-2109,STARLINK-35586,1782712199.9999957,34.40718247886473,0.4202612865892247,66.16666666792499,-10.674069720329667,0.05,LOW
evt_001748,STARLINK-2128,STARLINK-37439,1782348599.999982,35.24276883144858,0.0641049749119661,167.16666667163372,0.0,0.05,LOW
evt_001749,STARLINK-2144,STARLINK-36724,1782348599.999982,44.988812924880285,6.253923108882406,167.16666667163372,0.0,0.3,MEDIUM
evt_001750,STARLINK-2161,STARLINK-31258,1782348599.999982,39.13631791768752,1.1951073903802736,167.16666667163372,0.0,0.3,MEDIUM
evt_001751,STARLINK-2170,STARLINK-5650,1782348599.999982,45.69535554116287,2.2346008677133327,167.16666667163372,0.0,0.3,MEDIUM
evt_001752,STARLINK-2395,STARLINK-36494,1782348599.999982,31.37143403089919,2.73532532064184,167.16666667163372,0.0,0.3,MEDIUM
evt_001753,STARLINK-2406,STARLINK-30316,1782348599.999982,37.86616267935189,3.6957762573199977,167.16666667163372,0.0,0.3,MEDIUM
evt_001754,STARLINK-2406,STARLINK-31716,1782348599.999982,28.559096343311133,3.6777403142140326,167.16666667163372,0.0,0.3,MEDIUM
evt_001755,STARLINK-2408,STARLINK-33752,1782348599.999982,46.643835581872864,4.3550232195449,167.16666667163372,0.0,0.3,MEDIUM
evt_001756,STARLINK-2280,STARLINK-35333,1782348599.999982,27.21223419892133,1.3219180691411228,167.16666667163372,0.0,0.3,MEDIUM
evt_001757,STARLINK-2354,STARLINK-35653,1782348599.999982,49.60065302795609,11.202441622424088,167.16666667163372,0.0,0.3,MEDIUM
evt_001758,STARLINK-2292,STARLINK-34790,1782348599.999982,49.564052951606605,2.1082835600943666,167.16666667163372,0.0,0.3,MEDIUM
evt_001759,STARLINK-2404,STARLINK-33913,1782348599.999982,36.09626182590333,0.0883432748981445,167.16666667163372,0.0,0.05,LOW
evt_003185,STARLINK-2404,STARLINK-33913,1782351000.0,25.88052907619411,0.0755691934646013,166.5,-10.215732749709222,0.05,LOW
evt_003534,STARLINK-2404,STARLINK-33913,1782351600.0000043,25.057451678390432,0.0764443073548366,166.333333332075,-0.8230773978036794,0.05,LOW
evt_004918,STARLINK-2404,STARLINK-33913,1782353999.999982,39.42765398701211,0.0899026938251255,165.66666667163372,14.370202308621677,0.05,LOW
evt_001760,STARLINK-2417,STARLINK-5903,1782348599.999982,44.76649862105685,10.88949107172455,167.16666667163372,0.0,0.3,MEDIUM
evt_001761,STARLINK-2439,STARLINK-36497,1782348599.999982,33.73885481173286,6.2642543792637495,167.16666667163372,0.0,0.3,MEDIUM
evt_001762,STARLINK-2443,STARLINK-36986,1782348599.999982,38.06105198253305,7.217449699734346,167.16666667163372,0.0,0.3,MEDIUM
evt_001763,STARLINK-2454,STARLINK-36532,1782348599.999982,29.80664042539256,10.425085391319008,167.16666667163372,0.0,0.3,MEDIUM
evt_001765,STARLINK-2466,STARLINK-36516,1782348599.999982,18.22516271419403,6.391656562939958,167.16666667163372,0.0,0.3,MEDIUM
evt_001766,STARLINK-2472,STARLINK-36065,1782348599.999982,19.217933304003108,11.644598275008953,167.16666667163372,0.0,0.3,MEDIUM
evt_001768,STARLINK-2478,STARLINK-35980,1782348599.999982,27.25066842787825,10.73138618814441,167.16666667163372,0.0,0.3,MEDIUM
evt_001770,STARLINK-2486,STARLINK-2555,1782348599.999982,47.59715207334806,2.165627664221991,167.16666667163372,0.0,0.3,MEDIUM
evt_001771,STARLINK-2486,STARLINK-35298,1782348599.999982,42.17340838459472,1.1005562449847812,167.16666667163372,0.0,0.3,MEDIUM
evt_001772,STARLINK-2487,STARLINK-33696,1782348599.999982,49.86056055386025,1.352263749858886,167.16666667163372,0.0,0.3,MEDIUM
evt_001773,STARLINK-2503,STARLINK-34721,1782348599.999982,49.51922557869198,11.54280765306516,167.16666667163372,0.0,0.3,MEDIUM
evt_001774,STARLINK-2558,STARLINK-33757,1782348599.999982,19.72756391111632,11.65190537373009,167.16666667163372,0.0,0.3,MEDIUM
evt_001775,STARLINK-2555,STARLINK-31460,1782348599.999982,39.66919721567263,0.1385949720788896,167.16666667163372,0.0,0.05,LOW
evt_003197,STARLINK-2555,STARLINK-31460,1782351000.0,45.1193809536626,0.1272820217006699,166.5,5.450183737989974,0.05,LOW
evt_003548,STARLINK-2555,STARLINK-31460,1782351600.0000043,41.13427440343259,0.1273460932547636,166.333333332075,-3.985106550230008,0.05,LOW
evt_004928,STARLINK-2555,STARLINK-31460,1782353999.999982,18.13705106241409,0.1322214961658815,165.66666667163372,-22.9972233410185,0.3,MEDIUM
evt_006630,STARLINK-2555,STARLINK-31460,1782357000.0000043,27.03791562203164,0.1361912887192603,164.833333332075,8.900864559617549,0.05,LOW
evt_001776,STARLINK-2517,STARLINK-32321,1782348599.999982,37.77668604063093,0.3326513990890597,167.16666667163372,0.0,0.05,LOW
evt_003552,STARLINK-2517,STARLINK-32321,1782351600.0000043,28.39507343944496,0.3353182282140451,166.333333332075,-9.381612601185967,0.05,LOW
evt_001777,STARLINK-2517,STARLINK-37331,1782348599.999982,45.85498046713355,11.171107227215124,167.16666667163372,0.0,0.3,MEDIUM
evt_001778,STARLINK-2509,STARLINK-35571,1782348599.999982,22.466396048188468,0.2879019932751589,167.16666667163372,0.0,0.05,LOW
evt_006633,STARLINK-2509,STARLINK-35571,1782357000.0000043,46.050297657948654,0.2916321774296843,164.833333332075,23.583901609760183,0.05,LOW
evt_001779,STARLINK-2674,STARLINK-31047,1782348599.999982,46.358428885094135,0.0773372358408902,167.16666667163372,0.0,0.05,LOW
evt_002129,STARLINK-2674,STARLINK-31047,1782349199.9999866,44.12406657206064,0.0681722521182565,167.00000000370872,-2.2343623130335004,0.05,LOW
evt_003203,STARLINK-2674,STARLINK-31047,1782351000.0,37.29112338228167,0.0493996806997664,166.5,-6.832943189778966,0.05,LOW
evt_003553,STARLINK-2674,STARLINK-31047,1782351600.0000043,9.004069588584692,0.06119930996215,166.333333332075,-28.287053793696977,0.3,MEDIUM
evt_003864,STARLINK-2674,STARLINK-31047,1782352200.000009,34.60163696337998,0.0486834569273542,166.16666666415003,25.59756737479529,0.05,LOW
evt_004933,STARLINK-2674,STARLINK-31047,1782353999.999982,38.54961952537808,0.0628732560948986,165.66666667163372,3.947982561998096,0.05,LOW
evt_005290,STARLINK-2674,STARLINK-31047,1782354599.9999866,38.4233257792929,0.0723692080360984,165.50000000370872,-0.1262937460851745,0.05,LOW
evt_001782,STARLINK-2645,STARLINK-31637,1782348599.999982,15.396669935104317,0.3668359223640829,167.16666667163372,0.0,0.3,MEDIUM
evt_006642,STARLINK-2645,STARLINK-31637,1782357000.0000043,33.84923274116992,0.3657804775098874,164.833333332075,18.452562806065608,0.05,LOW
evt_013228,STARLINK-2645,STARLINK-31637,1782368400.000009,41.49261823811089,0.3675375510965243,161.66666666415003,7.643385496940972,0.05,LOW
evt_018069,STARLINK-2645,STARLINK-31637,1782376799.999991,48.207260419685134,0.3703660099141888,159.33333333584997,6.714642181574241,0.05,LOW
evt_067389,STARLINK-2645,STARLINK-31637,1782461400.000018,41.86357395978444,0.3688718500999158,135.83333332836628,-6.343686459900695,0.05,LOW
evt_072423,STARLINK-2645,STARLINK-31637,1782469800.0,27.55449204889712,0.3670496833182263,133.5,-14.309081910887318,0.05,LOW
evt_077441,STARLINK-2645,STARLINK-31637,1782478199.999982,33.57110016959689,0.3657447073389214,131.16666667163372,6.016608120699768,0.05,LOW
evt_079198,STARLINK-2645,STARLINK-31637,1782481200.0000043,39.75364557699896,0.3635883329238784,130.333333332075,6.182545407402067,0.05,LOW
evt_082370,STARLINK-2645,STARLINK-31637,1782486600.0000043,48.21606313220316,0.3619253664400044,128.833333332075,8.462417555204205,0.05,LOW
evt_084196,STARLINK-2645,STARLINK-31637,1782489599.9999866,18.11254197360532,0.3659561377424247,128.00000000370872,-30.10352115859784,0.3,MEDIUM
evt_089350,STARLINK-2645,STARLINK-31637,1782498000.000009,18.377783851503857,0.3662975843917889,125.66666666415004,0.2652418778985357,0.3,MEDIUM
evt_094419,STARLINK-2645,STARLINK-31637,1782506399.999991,38.81207160058656,0.3673793033880121,123.33333333584996,20.434287749082703,0.05,LOW
evt_001783,STARLINK-2634,STARLINK-31311,1782348599.999982,28.353335907722123,11.079665770998234,167.16666667163372,0.0,0.3,MEDIUM
evt_001784,STARLINK-2497,STARLINK-5586,1782348599.999982,30.866449410837976,1.3975155447275849,167.16666667163372,0.0,0.3,MEDIUM
evt_001785,STARLINK-2497,STARLINK-37401,1782348599.999982,41.1558551941072,14.74297748732094,167.16666667163372,0.0,0.3,MEDIUM
evt_001786,STARLINK-2579,STARLINK-37417,1782348599.999982,37.07447140493007,14.73816341037744,167.16666667163372,0.0,0.3,MEDIUM
evt_001787,STARLINK-2687,STARLINK-32193,1782348599.999982,49.57558347605457,2.8225696472752464,167.16666667163372,0.0,0.3,MEDIUM
evt_001788,STARLINK-2728,STARLINK-31468,1782348599.999982,33.571679495281565,10.145783952714872,167.16666667163372,0.0,0.3,MEDIUM
evt_001791,STARLINK-2139,STARLINK-4190,1782348599.999982,46.65222073882337,1.647904492866699,167.16666667163372,0.0,0.3,MEDIUM
evt_001793,STARLINK-2231,STARLINK-35708,1782348599.999982,46.48419642425373,6.427789839415257,167.16666667163372,0.0,0.3,MEDIUM
evt_001794,STARLINK-2236,STARLINK-35953,1782348599.999982,40.59578224991216,3.584488734350153,167.16666667163372,0.0,0.3,MEDIUM
evt_001795,STARLINK-2251,STARLINK-31574,1782348599.999982,41.40419533110392,9.938166292107216,167.16666667163372,0.0,0.3,MEDIUM
evt_001797,STARLINK-2657,STARLINK-30500,1782348599.999982,47.40111219410845,10.770748395070653,167.16666667163372,0.0,0.3,MEDIUM
evt_001800,STARLINK-2615,STARLINK-37022,1782348599.999982,21.696793782517805,14.72228385369617,167.16666667163372,0.0,0.3,MEDIUM
evt_001801,STARLINK-2740,STARLINK-6083,1782348599.999982,20.83364204152979,2.405222512362034,167.16666667163372,0.0,0.3,MEDIUM
evt_001802,STARLINK-2616,STARLINK-32573,1782348599.999982,46.28113395878219,2.578571879386862,167.16666667163372,0.0,0.3,MEDIUM
evt_001803,STARLINK-3107,STARLINK-31201,1782348599.999982,46.114345558016495,3.6731797781130457,167.16666667163372,0.0,0.3,MEDIUM
evt_001804,STARLINK-3162,STARLINK-3113,1782348599.999982,47.59782118467251,6.094152652831741,167.16666667163372,0.0,0.3,MEDIUM
evt_001805,STARLINK-3150,STARLINK-3523,1782348599.999982,35.80310204378792,9.298309001864126,167.16666667163372,0.0,0.3,MEDIUM
evt_001806,STARLINK-3143,STARLINK-5088,1782348599.999982,34.75826832045148,5.662213590896948,167.16666667163372,0.0,0.3,MEDIUM
evt_001808,STARLINK-3241,STARLINK-30601,1782348599.999982,49.87213946847058,0.022539506080554,167.16666667163372,0.0,0.05,LOW
evt_001809,STARLINK-3208,STARLINK-35498,1782348599.999982,46.89468015905189,13.249402929994192,167.16666667163372,0.0,0.3,MEDIUM
evt_001810,STARLINK-3292,STARLINK-32827,1782348599.999982,42.669654255150064,0.9340510320370295,167.16666667163372,0.0,0.05,LOW
evt_001811,STARLINK-3292,STARLINK-36693,1782348599.999982,24.373747660055542,12.317721622571884,167.16666667163372,0.0,0.3,MEDIUM
evt_001812,STARLINK-3445,STARLINK-30830,1782348599.999982,49.605482028241305,4.958614569258271,167.16666667163372,0.0,0.3,MEDIUM
evt_001813,STARLINK-3524,STARLINK-35090,1782348599.999982,44.4040862366866,0.0311171656562127,167.16666667163372,0.0,0.05,LOW
evt_002174,STARLINK-3524,STARLINK-35090,1782349199.9999866,45.84816939344095,0.0531147553404975,167.00000000370872,1.4440831567543526,0.05,LOW
evt_001815,STARLINK-3594,STARLINK-31563,1782348599.999982,27.12370039951248,3.2471907307468117,167.16666667163372,0.0,0.3,MEDIUM
evt_001816,STARLINK-3598,STARLINK-34542,1782348599.999982,49.39787062495785,0.3437117103915763,167.16666667163372,0.0,0.05,LOW
evt_003588,STARLINK-3598,STARLINK-34542,1782351600.0000043,37.46942828868576,0.3383425944666399,166.333333332075,-11.928442336272084,0.05,LOW
evt_001817,STARLINK-3700,STARLINK-36556,1782348599.999982,46.16772862466164,2.3491378713417927,167.16666667163372,0.0,0.3,MEDIUM
evt_001818,STARLINK-3681,STARLINK-36402,1782348599.999982,44.82489227702085,10.603518533870592,167.16666667163372,0.0,0.3,MEDIUM
evt_001819,STARLINK-3685,STARLINK-33712,1782348599.999982,26.054806751116825,10.875183016436475,167.16666667163372,0.0,0.3,MEDIUM
evt_001820,STARLINK-3561,STARLINK-4190,1782348599.999982,41.058797906599686,0.5632020144714732,167.16666667163372,0.0,0.05,LOW
evt_001821,STARLINK-3550,STARLINK-32230,1782348599.999982,45.74581323892509,9.669501499215226,167.16666667163372,0.0,0.3,MEDIUM
evt_001822,STARLINK-3856,STARLINK-35406,1782348599.999982,30.150558396384557,11.832191843966806,167.16666667163372,0.0,0.3,MEDIUM
evt_001823,STARLINK-3859,STARLINK-35383,1782348599.999982,31.612322239171508,11.860719304179051,167.16666667163372,0.0,0.3,MEDIUM
evt_001824,STARLINK-3929,STARLINK-35350,1782348599.999982,48.79001295935869,10.039087639743096,167.16666667163372,0.0,0.3,MEDIUM
evt_001825,STARLINK-3975,STARLINK-36056,1782348599.999982,45.18215919112088,10.43964717574231,167.16666667163372,0.0,0.3,MEDIUM
evt_001826,STARLINK-3794,STARLINK-4742,1782348599.999982,10.667723844895365,0.4958495277766271,167.16666667163372,0.0,0.3,MEDIUM
evt_008412,STARLINK-3794,STARLINK-4742,1782359999.9999866,26.01966207905017,0.4950198216670524,164.00000000370872,15.351938234154808,0.05,LOW
evt_010167,STARLINK-3794,STARLINK-4742,1782363000.000009,44.76281759528722,0.4926875243549778,163.16666666415003,18.74315551623705,0.05,LOW
evt_016766,STARLINK-3794,STARLINK-4742,1782374400.0000134,34.32924889866665,0.4951360566736426,159.99999999629128,-10.433568696620569,0.05,LOW
evt_023177,STARLINK-3794,STARLINK-4742,1782385800.000018,43.23286040787573,0.4969899154478521,156.83333332836628,8.903611509209078,0.05,LOW
evt_001827,STARLINK-4031,STARLINK-5487,1782348599.999982,45.33078784955154,10.882483088407389,167.16666667163372,0.0,0.3,MEDIUM
evt_001828,STARLINK-4031,STARLINK-35064,1782348599.999982,19.956337773708213,13.825541572730314,167.16666667163372,0.0,0.3,MEDIUM
evt_001829,STARLINK-4078,STARLINK-11597 [DTC],1782348599.999982,32.26647492279005,3.192926366526413,167.16666667163372,0.0,0.3,MEDIUM
evt_001830,STARLINK-4266,STARLINK-34046,1782348599.999982,44.48968755739942,5.8167523223210935,167.16666667163372,0.0,0.3,MEDIUM
evt_001831,STARLINK-4213,STARLINK-30568,1782348599.999982,27.62601923466233,9.35210439083542,167.16666667163372,0.0,0.3,MEDIUM
evt_001832,STARLINK-4286,STARLINK-36406,1782348599.999982,35.59046523580067,2.189198031023336,167.16666667163372,0.0,0.3,MEDIUM
evt_001834,STARLINK-4263,STARLINK-34528,1782348599.999982,48.03453556576656,0.3431949796531913,167.16666667163372,0.0,0.05,LOW
evt_001835,STARLINK-4322,STARLINK-4676,1782348599.999982,45.1691467305037,13.39187459852084,167.16666667163372,0.0,0.3,MEDIUM
evt_001836,STARLINK-4102,STARLINK-4575,1782348599.999982,23.35360680837781,10.530350241347133,167.16666667163372,0.0,0.3,MEDIUM
evt_001837,STARLINK-4551,STARLINK-35518,1782348599.999982,33.19363042059481,12.191833877703,167.16666667163372,0.0,0.3,MEDIUM
evt_001838,STARLINK-4660,STARLINK-36087,1782348599.999982,30.17150782192717,2.304607873680285,167.16666667163372,0.0,0.3,MEDIUM
evt_001839,STARLINK-4589,STARLINK-5087,1782348599.999982,47.63873434287398,8.290367069381713,167.16666667163372,0.0,0.3,MEDIUM
evt_001840,STARLINK-5163,STARLINK-34584,1782348599.999982,43.20881064652962,13.341060146355266,167.16666667163372,0.0,0.3,MEDIUM
evt_001841,STARLINK-5294,STARLINK-33946,1782348599.999982,34.433775365068854,5.825430331228183,167.16666667163372,0.0,0.3,MEDIUM
evt_001842,STARLINK-5117,STARLINK-5240,1782348599.999982,41.56413865269322,0.0442525737509819,167.16666667163372,0.0,0.05,LOW
evt_002207,STARLINK-5117,STARLINK-5240,1782349199.9999866,26.02762466720064,0.0246832538044045,167.00000000370872,-15.536513985492576,0.05,LOW
evt_002536,STARLINK-5117,STARLINK-5240,1782349799.999991,17.048449052952712,0.0090517008362665,166.83333333584997,-8.979175614247929,0.3,MEDIUM
evt_002887,STARLINK-5117,STARLINK-5240,1782350399.9999957,21.55318328461356,0.0175663891480017,166.666666667925,4.504734231660844,0.05,LOW
evt_003280,STARLINK-5117,STARLINK-5240,1782351000.0,34.73401053869246,0.0358806422018072,166.5,13.180827254078904,0.05,LOW
evt_001843,STARLINK-5444,STARLINK-32669,1782348599.999982,47.68081195635796,9.747598947646148,167.16666667163372,0.0,0.3,MEDIUM
evt_001844,STARLINK-5436,STARLINK-32802,1782348599.999982,25.66413315635563,1.3599012799887722,167.16666667163372,0.0,0.3,MEDIUM
evt_001845,STARLINK-5385,STARLINK-34930,1782348599.999982,31.829750949770467,4.338437696651504,167.16666667163372,0.0,0.3,MEDIUM
evt_001846,STARLINK-5106,STARLINK-36625,1782348599.999982,18.83300988067162,8.21419072917699,167.16666667163372,0.0,0.3,MEDIUM
evt_001847,STARLINK-5394,STARLINK-30790,1782348599.999982,24.80939162319773,0.099693566527722,167.16666667163372,0.0,0.05,LOW
evt_001848,STARLINK-5372,STARLINK-35960,1782348599.999982,42.41924572909908,9.919051206639576,167.16666667163372,0.0,0.3,MEDIUM
evt_001849,STARLINK-5493,STARLINK-36754,1782348599.999982,42.59277609354084,14.324146657464238,167.16666667163372,0.0,0.3,MEDIUM
evt_001850,STARLINK-5652,STARLINK-34189,1782348599.999982,47.85749860081494,11.299764221918142,167.16666667163372,0.0,0.3,MEDIUM
evt_001851,STARLINK-5658,STARLINK-31652,1782348599.999982,43.96252310999564,2.022844891631257,167.16666667163372,0.0,0.3,MEDIUM
evt_001852,STARLINK-5639,STARLINK-34196,1782348599.999982,46.59453767869156,1.5492474374110423,167.16666667163372,0.0,0.3,MEDIUM
evt_001853,STARLINK-5590,STARLINK-36845,1782348599.999982,48.89553600116572,11.28048095570874,167.16666667163372,0.0,0.3,MEDIUM
evt_001854,STARLINK-5581,STARLINK-30521,1782348599.999982,49.74355849721308,1.263863207606537,167.16666667163372,0.0,0.3,MEDIUM
evt_001855,STARLINK-5575,STARLINK-30965,1782348599.999982,45.38347695460286,7.601425790055463,167.16666667163372,0.0,0.3,MEDIUM
evt_236993,STARLINK-5575,STARLINK-30965,1782715799.999982,42.38373822483789,7.601623863203224,65.16666667163372,-2.999738729764971,0.3,MEDIUM
evt_287925,STARLINK-5575,STARLINK-30965,1782783600.0000043,29.62478064203156,7.601739596642231,46.33333333207501,-12.758957582806332,0.3,MEDIUM
evt_001856,STARLINK-5656,STARLINK-35003,1782348599.999982,38.324453551136,1.7427553581287485,167.16666667163372,0.0,0.3,MEDIUM
evt_001857,STARLINK-5674,STARLINK-32830,1782348599.999982,40.27068180318178,3.783915883554021,167.16666667163372,0.0,0.3,MEDIUM
evt_001858,STARLINK-5685,STARLINK-32017,1782348599.999982,43.6834078178165,10.611324027059917,167.16666667163372,0.0,0.3,MEDIUM
evt_001859,STARLINK-5367,STARLINK-31073,1782348599.999982,29.30155560688361,10.72421062562447,167.16666667163372,0.0,0.3,MEDIUM
evt_001860,STARLINK-5727,STARLINK-31048,1782348599.999982,17.159359200012823,11.258560738862526,167.16666667163372,0.0,0.3,MEDIUM
evt_001861,STARLINK-5487,STARLINK-35064,1782348599.999982,49.33004442282751,5.149459485462339,167.16666667163372,0.0,0.3,MEDIUM
evt_001862,STARLINK-5905,STARLINK-31378,1782348599.999982,30.18077982474689,1.3889608299957252,167.16666667163372,0.0,0.3,MEDIUM
evt_001863,STARLINK-6089,STARLINK-35150,1782348599.999982,40.12162305030135,9.124174691043292,167.16666667163372,0.0,0.3,MEDIUM
evt_001864,STARLINK-6084,STARLINK-36902,1782348599.999982,39.82031656964763,1.4446254171483048,167.16666667163372,0.0,0.3,MEDIUM
evt_001865,STARLINK-5374,STARLINK-35547,1782348599.999982,48.65213603348949,1.3517759581547475,167.16666667163372,0.0,0.3,MEDIUM
evt_001866,STARLINK-30106,STARLINK-35679,1782348599.999982,47.06647671113424,9.55072726872987,167.16666667163372,0.0,0.3,MEDIUM
evt_001867,STARLINK-30049,STARLINK-35256,1782348599.999982,24.344174170715508,1.3670355577788669,167.16666667163372,0.0,0.3,MEDIUM
evt_001868,STARLINK-30109,STARLINK-32312,1782348599.999982,47.96805735711004,1.3508993478843074,167.16666667163372,0.0,0.3,MEDIUM
evt_001869,STARLINK-30104,STARLINK-37653,1782348599.999982,44.484399945002565,8.722492571164146,167.16666667163372,0.0,0.3,MEDIUM
evt_001870,STARLINK-6236,STARLINK-37514,1782348599.999982,31.430327877991825,10.52662469022875,167.16666667163372,0.0,0.3,MEDIUM
evt_001871,STARLINK-6344,STARLINK-31032,1782348599.999982,33.56418667103458,4.441911317042354,167.16666667163372,0.0,0.3,MEDIUM
evt_001872,STARLINK-6344,STARLINK-34847,1782348599.999982,20.49195884579326,4.767309303068805,167.16666667163372,0.0,0.3,MEDIUM
evt_001873,STARLINK-6337,STARLINK-35249,1782348599.999982,35.06745064122982,8.54704236849949,167.16666667163372,0.0,0.3,MEDIUM
evt_001874,STARLINK-6074,STARLINK-36465,1782348599.999982,48.63557186079827,1.340912950487453,167.16666667163372,0.0,0.3,MEDIUM
evt_122830,STARLINK-6074,STARLINK-36465,1782552000.000009,44.20065211864614,1.3402858567013485,110.66666666415004,-4.4349197421521325,0.3,MEDIUM
evt_154320,STARLINK-6074,STARLINK-36465,1782600000.0000043,26.63095576252834,1.3418471504331433,97.333333332075,-17.5696963561178,0.3,MEDIUM
evt_167908,STARLINK-6074,STARLINK-36465,1782619799.999991,34.71192084703727,1.3392753583426151,91.83333333584996,8.080965084508929,0.3,MEDIUM
evt_187672,STARLINK-6074,STARLINK-36465,1782648000.0,30.263619052808465,1.3391606397300353,84.0,-4.448301794228804,0.3,MEDIUM
evt_201681,STARLINK-6074,STARLINK-36465,1782667799.9999866,9.873088551903225,1.3414581577333058,78.50000000370873,-20.390530500905243,0.3,MEDIUM
evt_216092,STARLINK-6074,STARLINK-36465,1782687600.0000134,49.45265876298694,1.3388063554487877,72.99999999629127,39.57957021108372,0.3,MEDIUM
evt_237027,STARLINK-6074,STARLINK-36465,1782715799.999982,44.04678052055076,1.3400274477394092,65.16666667163372,-5.405878242436188,0.3,MEDIUM
evt_001875,STARLINK-30124,STARLINK-35388,1782348599.999982,15.676725913420444,1.324223593536198,167.16666667163372,0.0,0.3,MEDIUM
evt_001876,STARLINK-30079,STARLINK-34001,1782348599.999982,24.49931797301055,5.530902204358082,167.16666667163372,0.0,0.3,MEDIUM
evt_001877,STARLINK-30079,STARLINK-34293,1782348599.999982,24.78972666086304,5.528720290152165,167.16666667163372,0.0,0.3,MEDIUM
evt_001878,STARLINK-30136,STARLINK-35797,1782348599.999982,12.836947101976383,10.169081620691545,167.16666667163372,0.0,0.3,MEDIUM
evt_001879,STARLINK-5778,STARLINK-30527,1782348599.999982,30.12244290302431,4.42953214656532,167.16666667163372,0.0,0.3,MEDIUM
evt_001880,STARLINK-6350,STARLINK-31315,1782348599.999982,49.56196797957632,1.8670286933057068,167.16666667163372,0.0,0.3,MEDIUM
evt_001881,STARLINK-5840,STARLINK-37281,1782348599.999982,33.5924206080371,9.8747858081244,167.16666667163372,0.0,0.3,MEDIUM
evt_001882,STARLINK-5049,STARLINK-34822,1782348599.999982,46.355728832892815,9.60674046481772,167.16666667163372,0.0,0.3,MEDIUM
evt_001883,STARLINK-5039,STARLINK-37042,1782348599.999982,22.61779998034876,4.571821611497128,167.16666667163372,0.0,0.3,MEDIUM
evt_001884,STARLINK-6380,STARLINK-34276,1782348599.999982,38.52421755451023,3.0650961442774207,167.16666667163372,0.0,0.3,MEDIUM
evt_001885,STARLINK-6363,STARLINK-33737,1782348599.999982,36.229512981583326,1.3812304877663293,167.16666667163372,0.0,0.3,MEDIUM
evt_001886,STARLINK-30195,STARLINK-30924,1782348599.999982,38.56573460258874,0.0807849801203812,167.16666667163372,0.0,0.05,LOW
evt_001887,STARLINK-30222,STARLINK-31269,1782348599.999982,20.785431275075656,11.060407259112006,167.16666667163372,0.0,0.3,MEDIUM
evt_001888,STARLINK-30191,STARLINK-34398,1782348599.999982,39.788846690444174,1.6574966875064532,167.16666667163372,0.0,0.3,MEDIUM
evt_001889,STARLINK-30217,STARLINK-32392,1782348599.999982,22.74339142374448,11.35976156826943,167.16666667163372,0.0,0.3,MEDIUM
evt_001890,STARLINK-30329,STARLINK-36984,1782348599.999982,26.981607669553977,7.374837811100223,167.16666667163372,0.0,0.3,MEDIUM
evt_001891,STARLINK-30273,STARLINK-30469,1782348599.999982,27.02818207988413,1.3501566489896215,167.16666667163372,0.0,0.3,MEDIUM
evt_001893,STARLINK-30425,STARLINK-35482,1782348599.999982,13.606312862952471,11.353799677091985,167.16666667163372,0.0,0.3,MEDIUM
evt_001894,STARLINK-30481,STARLINK-31844,1782348599.999982,42.04438713837652,8.696043397493607,167.16666667163372,0.0,0.3,MEDIUM
evt_001895,STARLINK-30428,STARLINK-35345,1782348599.999982,35.923197316165805,9.831263552317454,167.16666667163372,0.0,0.3,MEDIUM
evt_001896,STARLINK-30452,STARLINK-32863,1782348599.999982,46.53685933690825,1.9195105677286777,167.16666667163372,0.0,0.3,MEDIUM
evt_001897,STARLINK-30700,STARLINK-36629,1782348599.999982,21.046973201866557,5.761808580877983,167.16666667163372,0.0,0.3,MEDIUM
evt_001898,STARLINK-30569,STARLINK-34898,1782348599.999982,31.13616255498704,7.859914587000778,167.16666667163372,0.0,0.3,MEDIUM
evt_001899,STARLINK-30602,STARLINK-31942,1782348599.999982,45.43880178370984,3.91961787757372,167.16666667163372,0.0,0.3,MEDIUM
evt_001900,STARLINK-30596,STARLINK-36516,1782348599.999982,20.170507447919157,6.430238372180751,167.16666667163372,0.0,0.3,MEDIUM
evt_001901,STARLINK-30772,STARLINK-35592,1782348599.999982,48.97595512533584,1.9410320946239092,167.16666667163372,0.0,0.3,MEDIUM
evt_001902,STARLINK-30773,STARLINK-32676,1782348599.999982,37.69322936270355,1.833168793844204,167.16666667163372,0.0,0.3,MEDIUM
evt_001903,STARLINK-30793,STARLINK-35940,1782348599.999982,49.73538846360428,8.995709634243989,167.16666667163372,0.0,0.3,MEDIUM
evt_001904,STARLINK-30760,STARLINK-35609,1782348599.999982,26.621848960237912,6.387105462423413,167.16666667163372,0.0,0.3,MEDIUM
evt_001905,STARLINK-30796,STARLINK-32041,1782348599.999982,45.91648816105548,6.877429012984054,167.16666667163372,0.0,0.3,MEDIUM
evt_001906,STARLINK-30830,STARLINK-34839,1782348599.999982,14.83267370452613,4.984579939515332,167.16666667163372,0.0,0.3,MEDIUM
evt_001907,STARLINK-30883,STARLINK-36973,1782348599.999982,47.63426948630688,1.350636941900411,167.16666667163372,0.0,0.3,MEDIUM
evt_001908,STARLINK-30915,STARLINK-31225,1782348599.999982,29.371486340173327,1.4321362296591549,167.16666667163372,0.0,0.3,MEDIUM
evt_001909,STARLINK-30921,STARLINK-33911,1782348599.999982,49.12009267511636,5.927097047852865,167.16666667163372,0.0,0.3,MEDIUM
evt_001910,STARLINK-30926,STARLINK-34609,1782348599.999982,27.485944437888808,5.861758189563838,167.16666667163372,0.0,0.3,MEDIUM
evt_001911,STARLINK-30980,STARLINK-35295,1782348599.999982,47.69891648622152,6.916390680674652,167.16666667163372,0.0,0.3,MEDIUM
evt_001912,STARLINK-30991,STARLINK-34191,1782348599.999982,27.35147115968272,10.46382760103749,167.16666667163372,0.0,0.3,MEDIUM
evt_001913,STARLINK-31015,STARLINK-34653,1782348599.999982,11.392873345541124,1.6732047603111804,167.16666667163372,0.0,0.3,MEDIUM
evt_001914,STARLINK-31032,STARLINK-34847,1782348599.999982,39.48095881883189,8.785582379038862,167.16666667163372,0.0,0.3,MEDIUM
evt_001915,STARLINK-31147,STARLINK-35836,1782348599.999982,43.294887260076656,7.847206033154264,167.16666667163372,0.0,0.3,MEDIUM
evt_001916,STARLINK-31095,STARLINK-35211,1782348599.999982,34.741995732151665,1.4393568224616926,167.16666667163372,0.0,0.3,MEDIUM
evt_001917,STARLINK-30856,STARLINK-34638,1782348599.999982,43.57043280960435,1.1869196161872495,167.16666667163372,0.0,0.3,MEDIUM
evt_001918,STARLINK-31151,STARLINK-35398,1782348599.999982,38.10909210907452,1.609973359560606,167.16666667163372,0.0,0.3,MEDIUM
evt_001919,STARLINK-31136,STARLINK-36273,1782348599.999982,12.67023265911202,7.133084757709831,167.16666667163372,0.0,0.3,MEDIUM
evt_001920,STARLINK-31169,STARLINK-34603,1782348599.999982,34.380048635519614,8.30258422213524,167.16666667163372,0.0,0.3,MEDIUM
evt_001922,STARLINK-31246,STARLINK-32959,1782348599.999982,32.77734823356532,1.912975239483798,167.16666667163372,0.0,0.3,MEDIUM
evt_001923,STARLINK-31244,STARLINK-35468,1782348599.999982,18.54557282659019,8.819365178201625,167.16666667163372,0.0,0.3,MEDIUM
evt_001924,STARLINK-31200,STARLINK-32144,1782348599.999982,21.194915319135976,8.037446421749749,167.16666667163372,0.0,0.3,MEDIUM
evt_001926,STARLINK-31296,STARLINK-32415,1782348599.999982,45.56260725310901,11.27092037935339,167.16666667163372,0.0,0.3,MEDIUM
evt_001927,STARLINK-31345,STARLINK-35202,1782348599.999982,26.478276186311376,0.6308541256120538,167.16666667163372,0.0,0.05,LOW
evt_001928,STARLINK-31116,STARLINK-32161,1782348599.999982,25.94991565761107,0.4045766061552696,167.16666667163372,0.0,0.05,LOW
evt_001930,STARLINK-31454,STARLINK-35705,1782348599.999982,18.29133430776032,10.926628417808391,167.16666667163372,0.0,0.3,MEDIUM
evt_001931,STARLINK-31322,STARLINK-37288,1782348599.999982,40.352615928577286,1.3586934027564703,167.16666667163372,0.0,0.3,MEDIUM
evt_001932,STARLINK-31303,STARLINK-35436,1782348599.999982,41.27414759193263,10.69919151746408,167.16666667163372,0.0,0.3,MEDIUM
evt_001933,STARLINK-31433,STARLINK-34300,1782348599.999982,11.466811815824396,1.3949161204218363,167.16666667163372,0.0,0.3,MEDIUM
evt_001934,STARLINK-31463,STARLINK-33868,1782348599.999982,48.16838628970613,8.767802713571083,167.16666667163372,0.0,0.3,MEDIUM
evt_001935,STARLINK-31594,STARLINK-36820,1782348599.999982,37.85538376655781,13.199108057457192,167.16666667163372,0.0,0.3,MEDIUM
evt_001936,STARLINK-31573,STARLINK-33942,1782348599.999982,48.916895510053386,1.2430803089935418,167.16666667163372,0.0,0.3,MEDIUM
evt_029522,STARLINK-31573,STARLINK-33942,1782396600.000018,41.628113988701344,1.243664560013138,153.83333332836628,-7.288781521352043,0.3,MEDIUM
evt_040990,STARLINK-31573,STARLINK-33942,1782416400.0000043,32.900708667446274,1.2422534803087522,148.333333332075,-8.72740532125507,0.3,MEDIUM
evt_069381,STARLINK-31573,STARLINK-33942,1782464400.0,30.928089119477157,1.2436728105786858,135.0,-1.9726195479691209,0.3,MEDIUM
evt_081089,STARLINK-31573,STARLINK-33942,1782484199.9999866,38.37825791843831,1.242025068844873,129.50000000370872,7.450168798961155,0.3,MEDIUM
evt_098254,STARLINK-31573,STARLINK-33942,1782512399.9999957,47.48404160478916,1.2419639685331028,121.666666667925,9.105783686350854,0.3,MEDIUM
evt_110365,STARLINK-31573,STARLINK-33942,1782532199.999982,40.85336228531692,1.2441676648103075,116.16666667163372,-6.630679319472243,0.3,MEDIUM
evt_001937,STARLINK-31710,STARLINK-32345,1782348599.999982,16.696892370763198,3.0789758197869794,167.16666667163372,0.0,0.3,MEDIUM
evt_001938,STARLINK-31742,STARLINK-36822,1782348599.999982,48.37492571156416,7.617942532921725,167.16666667163372,0.0,0.3,MEDIUM
evt_154434,STARLINK-31742,STARLINK-36822,1782600000.0000043,28.84679283451971,7.610742625490948,97.333333332075,-19.52813287704445,0.3,MEDIUM
evt_001939,STARLINK-31574,STARLINK-37046,1782348599.999982,35.847629333108465,8.101014243062421,167.16666667163372,0.0,0.3,MEDIUM
evt_001940,STARLINK-31730,STARLINK-36350,1782348599.999982,49.39082967191151,13.64162452810236,167.16666667163372,0.0,0.3,MEDIUM
evt_001941,STARLINK-31683,STARLINK-34877,1782348599.999982,36.76023533058519,4.440424354927075,167.16666667163372,0.0,0.3,MEDIUM
evt_001942,STARLINK-31697,STARLINK-34547,1782348599.999982,38.56650010847047,2.395688772270777,167.16666667163372,0.0,0.3,MEDIUM
evt_001943,STARLINK-31702,STARLINK-35489,1782348599.999982,36.85388228110414,3.341737231053581,167.16666667163372,0.0,0.3,MEDIUM
evt_001944,STARLINK-31764,STARLINK-37185,1782348599.999982,37.5923888535976,4.847681578106912,167.16666667163372,0.0,0.3,MEDIUM
evt_001945,STARLINK-11108 [DTC],STARLINK-37862,1782348599.999982,47.053302380992,7.897076857769714,167.16666667163372,0.0,0.3,MEDIUM
evt_001947,STARLINK-31766,STARLINK-35948,1782348599.999982,17.608500628136554,0.2661504243191682,167.16666667163372,0.0,0.3,MEDIUM
evt_001948,STARLINK-31947,STARLINK-36392,1782348599.999982,25.918749512847302,12.330098616629536,167.16666667163372,0.0,0.3,MEDIUM
evt_001949,STARLINK-31945,STARLINK-34552,1782348599.999982,34.98077107689066,1.9600721843122395,167.16666667163372,0.0,0.3,MEDIUM
evt_001950,STARLINK-31948,STARLINK-32678,1782348599.999982,37.825369355348,4.183191209346068,167.16666667163372,0.0,0.3,MEDIUM
evt_001951,STARLINK-31825,STARLINK-37139,1782348599.999982,26.858999411635537,5.740073215255763,167.16666667163372,0.0,0.3,MEDIUM
evt_001952,STARLINK-31694,STARLINK-33654,1782348599.999982,39.99579578734169,11.287782835523064,167.16666667163372,0.0,0.3,MEDIUM
evt_001953,STARLINK-32041,STARLINK-33748,1782348599.999982,49.59100653930319,9.43496101079955,167.16666667163372,0.0,0.3,MEDIUM
evt_001956,STARLINK-32143,STARLINK-36925,1782348599.999982,47.05314374438054,0.2831038751062258,167.16666667163372,0.0,0.05,LOW
evt_003721,STARLINK-32143,STARLINK-36925,1782351600.0000043,33.00097534834359,0.289830791338475,166.333333332075,-14.052168396036954,0.05,LOW
evt_001957,STARLINK-32134,STARLINK-37290,1782348599.999982,16.45489438039993,5.265104241218583,167.16666667163372,0.0,0.3,MEDIUM
evt_001958,STARLINK-11205 [DTC],STARLINK-11629 [DTC],1782348599.999982,36.94254852052758,3.045469208776029,167.16666667163372,0.0,0.3,MEDIUM
evt_001959,STARLINK-32132,STARLINK-36269,1782348599.999982,32.90500093882898,2.5387244945261043,167.16666667163372,0.0,0.3,MEDIUM
evt_001960,STARLINK-32188,STARLINK-33801,1782348599.999982,15.573698665255984,9.821702350884513,167.16666667163372,0.0,0.3,MEDIUM
evt_001961,STARLINK-32220,STARLINK-36303,1782348599.999982,42.425698970166,4.850228575036809,167.16666667163372,0.0,0.3,MEDIUM
evt_001962,STARLINK-32252,STARLINK-32590,1782348599.999982,17.18043048285743,4.471755718142514,167.16666667163372,0.0,0.3,MEDIUM
evt_001963,STARLINK-32165,STARLINK-32471,1782348599.999982,43.8324848506449,9.737281761136355,167.16666667163372,0.0,0.3,MEDIUM
evt_001964,STARLINK-11241 [DTC],STARLINK-11713 [DTC],1782348599.999982,47.80855269114454,1.364801248251992,167.16666667163372,0.0,0.3,MEDIUM
evt_001965,STARLINK-32321,STARLINK-37331,1782348599.999982,33.92104067117527,10.940541576646575,167.16666667163372,0.0,0.3,MEDIUM
evt_001966,STARLINK-32382,STARLINK-36412,1782348599.999982,49.508113044299066,1.886188745734235,167.16666667163372,0.0,0.3,MEDIUM
evt_001967,STARLINK-32201,STARLINK-37099,1782348599.999982,14.915796852020154,7.950152056037425,167.16666667163372,0.0,0.3,MEDIUM
evt_001968,STARLINK-32172,STARLINK-36242,1782348599.999982,42.364887828623154,10.67521060925035,167.16666667163372,0.0,0.3,MEDIUM
evt_001969,STARLINK-32298,STARLINK-34442,1782348599.999982,45.43417281533116,1.7779677544870764,167.16666667163372,0.0,0.3,MEDIUM
evt_001970,STARLINK-32429,STARLINK-34058,1782348599.999982,41.82335931291857,2.8882687829590896,167.16666667163372,0.0,0.3,MEDIUM
evt_001972,STARLINK-11398 [DTC],STARLINK-11381 [DTC],1782348599.999982,44.95870529991577,6.751704854142968,167.16666667163372,0.0,0.3,MEDIUM
evt_001973,STARLINK-32501,STARLINK-36556,1782348599.999982,47.88904423071233,8.296027837551359,167.16666667163372,0.0,0.3,MEDIUM
evt_001974,STARLINK-32303,STARLINK-36641,1782348599.999982,21.957217125026023,14.07943583551675,167.16666667163372,0.0,0.3,MEDIUM
evt_001975,STARLINK-32605,STARLINK-37018,1782348599.999982,47.25766742635376,11.901156643730532,167.16666667163372,0.0,0.3,MEDIUM
evt_001976,STARLINK-33554,STARLINK-37059,1782348599.999982,25.39160117981998,7.34437652331013,167.16666667163372,0.0,0.3,MEDIUM
evt_001977,STARLINK-32628,STARLINK-36089,1782348599.999982,20.962590664345942,3.3177075340539526,167.16666667163372,0.0,0.3,MEDIUM
evt_001978,STARLINK-32490,STARLINK-34320,1782348599.999982,49.3277067347944,1.7139825357439131,167.16666667163372,0.0,0.3,MEDIUM
evt_001979,STARLINK-32631,STARLINK-36477,1782348599.999982,26.67237149042875,7.825834414665046,167.16666667163372,0.0,0.3,MEDIUM
evt_001980,STARLINK-32631,STARLINK-36821,1782348599.999982,48.17749672398894,7.500052869369429,167.16666667163372,0.0,0.3,MEDIUM
evt_001982,STARLINK-32481,STARLINK-37133,1782348599.999982,23.185224938034263,11.40599295424182,167.16666667163372,0.0,0.3,MEDIUM
evt_001983,STARLINK-32645,STARLINK-34155,1782348599.999982,47.04699836761475,6.563445640887737,167.16666667163372,0.0,0.3,MEDIUM
evt_001984,STARLINK-32418,STARLINK-32830,1782348599.999982,47.2268629382144,5.043934520331812,167.16666667163372,0.0,0.3,MEDIUM
evt_001985,STARLINK-32743,STARLINK-35730,1782348599.999982,46.76135149698386,7.29008363214146,167.16666667163372,0.0,0.3,MEDIUM
evt_001986,STARLINK-32694,STARLINK-35941,1782348599.999982,40.37111390314901,5.04397881322753,167.16666667163372,0.0,0.3,MEDIUM
evt_041038,STARLINK-32694,STARLINK-35941,1782416400.0000043,48.73632016892887,5.044038285442412,148.333333332075,8.365206265779861,0.3,MEDIUM
evt_187841,STARLINK-32694,STARLINK-35941,1782648000.0,40.05231370947379,5.044163754366712,84.0,-8.684006459455077,0.3,MEDIUM
evt_273136,STARLINK-32694,STARLINK-35941,1782763800.000018,48.805975139347126,5.048245741815672,51.83333332836628,8.753661429873333,0.3,MEDIUM
evt_310094,STARLINK-32694,STARLINK-35941,1782811800.0000134,38.04215908676701,5.043850369530028,38.49999999629127,-10.763816052580118,0.3,MEDIUM
evt_400414,STARLINK-32694,STARLINK-35941,1782927599.999991,48.96784567147835,5.048003276693074,6.333333335849974,10.925686584711343,0.3,MEDIUM
evt_001987,STARLINK-32788,STARLINK-35741,1782348599.999982,35.89023399605812,1.561859311705693,167.16666667163372,0.0,0.3,MEDIUM
evt_001988,STARLINK-32679,STARLINK-36691,1782348599.999982,25.328544669286064,14.336969263118707,167.16666667163372,0.0,0.3,MEDIUM
evt_001989,STARLINK-32749,STARLINK-34885,1782348599.999982,44.42435132384199,2.785030326550137,167.16666667163372,0.0,0.3,MEDIUM
evt_001990,STARLINK-32740,STARLINK-33658,1782348599.999982,29.17682138455397,1.381270289649501,167.16666667163372,0.0,0.3,MEDIUM
evt_001992,STARLINK-32860,STARLINK-36478,1782348599.999982,40.97039182522471,1.661103051172122,167.16666667163372,0.0,0.3,MEDIUM
evt_001993,STARLINK-32916,STARLINK-34331,1782348599.999982,19.255323957185503,2.2036456503610657,167.16666667163372,0.0,0.3,MEDIUM
evt_001994,STARLINK-32891,STARLINK-34418,1782348599.999982,40.8793152395532,6.3886242765197725,167.16666667163372,0.0,0.3,MEDIUM
evt_001995,STARLINK-32832,STARLINK-37515,1782348599.999982,43.99092975244104,0.4569991144173056,167.16666667163372,0.0,0.05,LOW
evt_001996,STARLINK-32827,STARLINK-36693,1782348599.999982,30.07061609979636,11.756874625567791,167.16666667163372,0.0,0.3,MEDIUM
evt_001997,STARLINK-32915,STARLINK-36247,1782348599.999982,31.433811583161024,1.9343681652873623,167.16666667163372,0.0,0.3,MEDIUM
evt_001998,STARLINK-33648,STARLINK-37128,1782348599.999982,39.8580337682943,7.694601826715759,167.16666667163372,0.0,0.3,MEDIUM
evt_001999,STARLINK-33640,STARLINK-35575,1782348599.999982,19.178145186165672,0.9450524924948976,167.16666667163372,0.0,0.3,MEDIUM
evt_002000,STARLINK-33746,STARLINK-33933,1782348599.999982,37.82740424940472,11.199110310416131,167.16666667163372,0.0,0.3,MEDIUM
evt_002001,STARLINK-33761,STARLINK-36244,1782348599.999982,42.421794704986254,14.602548867418744,167.16666667163372,0.0,0.3,MEDIUM
evt_366575,STARLINK-33761,STARLINK-36244,1782883799.9999866,36.88960563151119,13.425843853244928,18.50000000370873,-5.532189073475067,0.3,MEDIUM
evt_002002,STARLINK-33756,STARLINK-33879,1782348599.999982,49.07074053980374,9.88607633518602,167.16666667163372,0.0,0.3,MEDIUM
evt_002003,STARLINK-33587,STARLINK-36581,1782348599.999982,35.12345778710258,8.704604325675625,167.16666667163372,0.0,0.3,MEDIUM
evt_002004,STARLINK-33713,STARLINK-34884,1782348599.999982,43.20472472045343,4.183685317764938,167.16666667163372,0.0,0.3,MEDIUM
evt_002007,STARLINK-32956,STARLINK-34900,1782348599.999982,48.296068220796485,4.882114582355725,167.16666667163372,0.0,0.3,MEDIUM
evt_002008,STARLINK-33723,STARLINK-34752,1782348599.999982,30.16318796275564,11.034729167601098,167.16666667163372,0.0,0.3,MEDIUM
evt_002009,STARLINK-33847,STARLINK-36116,1782348599.999982,46.62439950832942,6.936597394980578,167.16666667163372,0.0,0.3,MEDIUM
evt_002010,STARLINK-33728,STARLINK-36773,1782348599.999982,23.425104059963196,10.240512482090397,167.16666667163372,0.0,0.3,MEDIUM
evt_002011,STARLINK-33846,STARLINK-37078,1782348599.999982,36.1999147704116,4.067559872919457,167.16666667163372,0.0,0.3,MEDIUM
evt_002012,STARLINK-34041,STARLINK-36664,1782348599.999982,44.18354864731216,6.401560433639318,167.16666667163372,0.0,0.3,MEDIUM
evt_002013,STARLINK-34116,STARLINK-35642,1782348599.999982,41.472320885608255,10.88865439565153,167.16666667163372,0.0,0.3,MEDIUM
evt_002014,STARLINK-33957,STARLINK-37273,1782348599.999982,30.32765543221332,3.7176043726745545,167.16666667163372,0.0,0.3,MEDIUM
evt_002015,STARLINK-33770,STARLINK-35540,1782348599.999982,47.34750356288931,1.5274836943232255,167.16666667163372,0.0,0.3,MEDIUM
evt_002016,STARLINK-34174,STARLINK-34607,1782348599.999982,35.75622509484502,11.953619160615728,167.16666667163372,0.0,0.3,MEDIUM
evt_002017,STARLINK-34179,STARLINK-36570,1782348599.999982,28.710845201844634,1.4327604299079937,167.16666667163372,0.0,0.3,MEDIUM
evt_002018,STARLINK-34241,STARLINK-34509,1782348599.999982,21.56166485287076,7.693810261018484,167.16666667163372,0.0,0.3,MEDIUM
evt_002019,STARLINK-34308,STARLINK-34518,1782348599.999982,32.94448081946934,0.3308577812014368,167.16666667163372,0.0,0.05,LOW
evt_002020,STARLINK-34281,STARLINK-34427,1782348599.999982,47.61142156785702,0.3299658141358533,167.16666667163372,0.0,0.05,LOW
evt_002024,STARLINK-34366,STARLINK-34528,1782348599.999982,46.64936890527105,0.3528046968096385,167.16666667163372,0.0,0.05,LOW
evt_002027,STARLINK-34413,STARLINK-35519,1782348599.999982,29.80923691238956,12.171439665549633,167.16666667163372,0.0,0.3,MEDIUM
evt_002028,STARLINK-34554,STARLINK-34595,1782348599.999982,38.21051016493209,5.741890513088145,167.16666667163372,0.0,0.3,MEDIUM
evt_002029,STARLINK-34592,STARLINK-35219,1782348599.999982,41.05596202337478,1.3572696562933957,167.16666667163372,0.0,0.3,MEDIUM
evt_002030,STARLINK-34649,STARLINK-34985,1782348599.999982,36.284842489873725,15.067350128691592,167.16666667163372,0.0,0.3,MEDIUM
evt_002033,STARLINK-34715,STARLINK-35233,1782348599.999982,48.79818239881438,0.0821864631469789,167.16666667163372,0.0,0.05,LOW
evt_002372,STARLINK-34715,STARLINK-35233,1782349199.9999866,36.41258000639953,0.081415121322285,167.00000000370872,-12.385602392414851,0.05,LOW
evt_003781,STARLINK-34715,STARLINK-35233,1782351600.0000043,16.462401966507464,0.0739125273079112,166.333333332075,-19.950178039892062,0.3,MEDIUM
evt_004123,STARLINK-34715,STARLINK-35233,1782352200.000009,31.851552675960026,0.068630565772422,166.16666666415003,15.38915070945256,0.05,LOW
evt_005539,STARLINK-34715,STARLINK-35233,1782354599.9999866,42.4135016474204,0.0887207853896648,165.50000000370872,10.561948971460378,0.05,LOW
evt_002034,STARLINK-34656,STARLINK-37182,1782348599.999982,28.44814075356692,5.043959356840317,167.16666667163372,0.0,0.3,MEDIUM
evt_002035,STARLINK-34602,STARLINK-36801,1782348599.999982,41.72698467729317,7.484744502863815,167.16666667163372,0.0,0.3,MEDIUM
evt_002037,STARLINK-34946,STARLINK-37073,1782348599.999982,36.61012521080452,14.694314717081676,167.16666667163372,0.0,0.3,MEDIUM
evt_002040,STARLINK-35239,STARLINK-37667,1782348599.999982,35.07837434142133,13.844349032218656,167.16666667163372,0.0,0.3,MEDIUM
evt_002041,STARLINK-35381,STARLINK-37654,1782348599.999982,13.485457576286269,9.203101160754516,167.16666667163372,0.0,0.3,MEDIUM
evt_002042,STARLINK-35278,STARLINK-36257,1782348599.999982,47.698966418753166,13.304265594211804,167.16666667163372,0.0,0.3,MEDIUM
evt_002043,STARLINK-35348,STARLINK-37279,1782348599.999982,24.42799186655217,6.117639814469695,167.16666667163372,0.0,0.3,MEDIUM
evt_002044,STARLINK-35562,STARLINK-37515,1782348599.999982,48.33382437313231,0.8028824270651196,167.16666667163372,0.0,0.05,LOW
evt_002046,STARLINK-35626,STARLINK-35457,1782348599.999982,38.069060944072845,6.098314526573456,167.16666667163372,0.0,0.3,MEDIUM
evt_002048,STARLINK-35056,STARLINK-36261,1782348599.999982,43.04836086288259,10.29826630524168,167.16666667163372,0.0,0.3,MEDIUM
evt_002049,STARLINK-35830,STARLINK-35755,1782348599.999982,29.16994902823113,1.7865021358868003,167.16666667163372,0.0,0.3,MEDIUM
evt_002050,STARLINK-35799,STARLINK-36926,1782348599.999982,26.601721807064703,9.424298573340526,167.16666667163372,0.0,0.3,MEDIUM
evt_002051,STARLINK-35535,STARLINK-36326,1782348599.999982,31.290337057563526,2.5515237889266293,167.16666667163372,0.0,0.3,MEDIUM
evt_002053,STARLINK-34766,STARLINK-36667,1782348599.999982,19.865914603960636,2.402506378572529,167.16666667163372,0.0,0.3,MEDIUM
evt_002054,STARLINK-36050,STARLINK-37130,1782348599.999982,37.68559241948097,14.084013821558534,167.16666667163372,0.0,0.3,MEDIUM
evt_002055,STARLINK-36074,STARLINK-35762,1782348599.999982,49.55635041779647,11.359479271001724,167.16666667163372,0.0,0.3,MEDIUM
evt_002056,STARLINK-36136,STARLINK-36792,1782348599.999982,45.2032858412601,13.473526119525902,167.16666667163372,0.0,0.3,MEDIUM
evt_002058,STARLINK-36500,STARLINK-36251,1782348599.999982,38.75953674708637,4.159067679419073,167.16666667163372,0.0,0.3,MEDIUM
evt_002059,STARLINK-35934,STARLINK-37271,1782348599.999982,31.070491646908337,14.69110174879632,167.16666667163372,0.0,0.3,MEDIUM
evt_002060,STARLINK-36773,STARLINK-37076,1782348599.999982,44.33910371039178,13.278099757048675,167.16666667163372,0.0,0.3,MEDIUM
evt_002061,STARLINK-36648,STARLINK-36972,1782348599.999982,42.37064771379806,2.2154848385665145,167.16666667163372,0.0,0.3,MEDIUM
evt_002062,STARLINK-36589,STARLINK-36981,1782348599.999982,37.82248002994045,14.345578889785251,167.16666667163372,0.0,0.3,MEDIUM
evt_002063,STARLINK-36742,STARLINK-36320,1782348599.999982,37.05476024154113,4.002782847121074,167.16666667163372,0.0,0.3,MEDIUM
evt_002064,STARLINK-36915,STARLINK-36815,1782348599.999982,14.79801986161528,7.007911849070664,167.16666667163372,0.0,0.3,MEDIUM
evt_002066,STARLINK-37192,STARLINK-37723,1782348599.999982,43.60774736370615,14.684794942399645,167.16666667163372,0.0,0.3,MEDIUM
evt_002071,STARLINK-1039,STARLINK-30773,1782349199.9999866,46.473826331174685,0.2577716682357669,167.00000000370872,0.0,0.05,LOW
evt_003820,STARLINK-1039,STARLINK-30773,1782352200.000009,24.265821568256943,0.2589669925209313,166.16666666415003,-22.208004762917746,0.05,LOW
evt_002072,STARLINK-1167,STARLINK-3277,1782349199.9999866,46.906380179806966,1.027986459598553,167.00000000370872,0.0,0.3,MEDIUM
evt_002073,STARLINK-1202,STARLINK-33872,1782349199.9999866,44.504734482376726,5.290421129696792,167.00000000370872,0.0,0.3,MEDIUM
evt_002076,STARLINK-1277,STARLINK-11640 [DTC],1782349199.9999866,44.3729962447213,1.896546835123828,167.00000000370872,0.0,0.3,MEDIUM
evt_002077,STARLINK-1281,STARLINK-35516,1782349199.9999866,30.76175562144289,0.2053748241831443,167.00000000370872,0.0,0.05,LOW
evt_002078,STARLINK-1265,STARLINK-31586,1782349199.9999866,47.7683260785505,3.1062321744074533,167.00000000370872,0.0,0.3,MEDIUM
evt_002079,STARLINK-1368,STARLINK-31942,1782349199.9999866,43.76824417423387,7.434374045959691,167.00000000370872,0.0,0.3,MEDIUM
evt_002080,STARLINK-1371,STARLINK-11089 [DTC],1782349199.9999866,28.30831170833707,0.4800247120032384,167.00000000370872,0.0,0.05,LOW
evt_005246,STARLINK-1371,STARLINK-11089 [DTC],1782354599.9999866,27.967427931465476,0.4807714237102003,165.50000000370872,-0.3408837768715962,0.05,LOW
evt_002081,STARLINK-1480,STARLINK-11592 [DTC],1782349199.9999866,14.08249742476283,11.414264827992552,167.00000000370872,0.0,0.3,MEDIUM
evt_002082,STARLINK-1523,STARLINK-30271,1782349199.9999866,41.470809393906734,7.839443443772867,167.00000000370872,0.0,0.3,MEDIUM
evt_018381,STARLINK-1523,STARLINK-30271,1782377399.9999957,45.66387211867445,7.839436442347529,159.166666667925,4.193062724767714,0.3,MEDIUM
evt_002083,STARLINK-1569,STARLINK-34382,1782349199.9999866,44.98738460350149,0.0613253607113609,167.00000000370872,0.0,0.05,LOW
evt_002425,STARLINK-1569,STARLINK-34382,1782349799.999991,35.88724925132877,0.0564162282116982,166.83333333584997,-9.10013535217272,0.05,LOW
evt_002780,STARLINK-1569,STARLINK-34382,1782350399.9999957,41.20636789562494,0.0389284094633671,166.666666667925,5.319118644296175,0.05,LOW
evt_003160,STARLINK-1569,STARLINK-34382,1782351000.0,43.58135324141172,0.0202261518408223,166.5,2.374985345786776,0.05,LOW
evt_003515,STARLINK-1569,STARLINK-34382,1782351600.0000043,32.46619089383044,0.0302236862534588,166.333333332075,-11.115162347581284,0.05,LOW
evt_003826,STARLINK-1569,STARLINK-34382,1782352200.000009,11.521126374315331,0.0428672207976839,166.16666666415003,-20.945064519515103,0.3,MEDIUM
evt_004179,STARLINK-1569,STARLINK-34382,1782352800.0000134,20.552236478793013,0.0399016554603942,165.99999999629128,9.03111010447768,0.05,LOW
evt_004551,STARLINK-1569,STARLINK-34382,1782353400.000018,39.364965867839565,0.0254186188746641,165.83333332836628,18.812729389046552,0.05,LOW
evt_004879,STARLINK-1569,STARLINK-34382,1782353999.999982,45.38209130387529,0.0283564373351748,165.66666667163372,6.017125436035727,0.05,LOW
evt_005252,STARLINK-1569,STARLINK-34382,1782354599.9999866,40.6772290315314,0.0491284171192133,165.50000000370872,-4.704862272343895,0.05,LOW
evt_005590,STARLINK-1569,STARLINK-34382,1782355199.999991,40.50417293960831,0.0619489184738388,165.33333333584997,-0.1730560919230868,0.05,LOW
evt_002089,STARLINK-2076,STARLINK-36696,1782349199.9999866,32.84475083563291,9.918557754119533,167.00000000370872,0.0,0.3,MEDIUM
evt_002092,STARLINK-2101,STARLINK-34331,1782349199.9999866,36.20534674169249,0.2502197673825397,167.00000000370872,0.0,0.05,LOW
evt_003841,STARLINK-2101,STARLINK-34331,1782352200.000009,31.38914409179804,0.2467653057138295,166.16666666415003,-4.816202649894446,0.05,LOW
evt_002094,STARLINK-2123,STARLINK-33604,1782349199.9999866,40.280411004037774,1.398000163244361,167.00000000370872,0.0,0.3,MEDIUM
evt_002095,STARLINK-1983,STARLINK-33916,1782349199.9999866,44.39196313127529,8.965564583999017,167.00000000370872,0.0,0.3,MEDIUM
evt_002096,STARLINK-1992,STARLINK-5879,1782349199.9999866,39.068556511522765,11.333551797065487,167.00000000370872,0.0,0.3,MEDIUM
evt_002097,STARLINK-2040,STARLINK-34157,1782349199.9999866,18.42833378246086,4.513617605652843,167.00000000370872,0.0,0.3,MEDIUM
evt_002098,STARLINK-2040,STARLINK-35951,1782349199.9999866,42.71419333438617,8.730803995420288,167.00000000370872,0.0,0.3,MEDIUM
evt_002099,STARLINK-2144,STARLINK-30283,1782349199.9999866,46.81921489016021,0.4151357532352179,167.00000000370872,0.0,0.05,LOW
evt_002100,STARLINK-2209,STARLINK-11479 [DTC],1782349199.9999866,33.593669903995526,7.511991207247626,167.00000000370872,0.0,0.3,MEDIUM
evt_002101,STARLINK-2213,STARLINK-32232,1782349199.9999866,19.88592572242487,1.4947680984588652,167.00000000370872,0.0,0.3,MEDIUM
evt_002102,STARLINK-2380,STARLINK-32367,1782349199.9999866,44.72958298272587,5.373438292471438,167.00000000370872,0.0,0.3,MEDIUM
evt_002103,STARLINK-2381,STARLINK-30333,1782349199.9999866,39.73364080131598,10.379314531819588,167.00000000370872,0.0,0.3,MEDIUM
evt_002104,STARLINK-2383,STARLINK-36247,1782349199.9999866,20.42084915501988,3.6185880303895575,167.00000000370872,0.0,0.3,MEDIUM
evt_002105,STARLINK-2432,STARLINK-33881,1782349199.9999866,44.70565415708115,6.360614705591662,167.00000000370872,0.0,0.3,MEDIUM
evt_002107,STARLINK-2355,STARLINK-35131,1782349199.9999866,45.861871833056654,2.3657083090560453,167.00000000370872,0.0,0.3,MEDIUM
evt_002108,STARLINK-2153,STARLINK-31366,1782349199.9999866,38.23354538802511,1.3496063686463324,167.00000000370872,0.0,0.3,MEDIUM
evt_002109,STARLINK-2226,STARLINK-31408,1782349199.9999866,40.68867014229304,6.145529871622027,167.00000000370872,0.0,0.3,MEDIUM
evt_002110,STARLINK-2421,STARLINK-32867,1782349199.9999866,46.511576279313296,2.629414418008238,167.00000000370872,0.0,0.3,MEDIUM
evt_002111,STARLINK-2428,STARLINK-36069,1782349199.9999866,21.373761016826425,11.181781112552876,167.00000000370872,0.0,0.3,MEDIUM
evt_002112,STARLINK-2440,STARLINK-32440,1782349199.9999866,49.82535775460137,0.0441670837861346,167.00000000370872,0.0,0.05,LOW
evt_002455,STARLINK-2440,STARLINK-32440,1782349799.999991,32.03682696778,0.0503538758536909,166.83333333584997,-17.78853078682137,0.05,LOW
evt_002811,STARLINK-2440,STARLINK-32440,1782350399.9999957,22.70851599421861,0.047703359793345,166.666666667925,-9.328310973561386,0.05,LOW
evt_003187,STARLINK-2440,STARLINK-32440,1782351000.0,34.33039513822147,0.0295459404010989,166.5,11.621879144002854,0.05,LOW
evt_003535,STARLINK-2440,STARLINK-32440,1782351600.0000043,40.45539479336687,0.0055865263191851,166.333333332075,6.124999655145402,0.05,LOW
evt_003857,STARLINK-2440,STARLINK-32440,1782352200.000009,31.94636602497013,0.029132025917223,166.16666666415003,-8.509028768396742,0.05,LOW
evt_004204,STARLINK-2440,STARLINK-32440,1782352800.0000134,17.766431677536232,0.0459267887739587,165.99999999629128,-14.179934347433896,0.3,MEDIUM
evt_004571,STARLINK-2440,STARLINK-32440,1782353400.000018,29.097012814386947,0.0465251573490297,165.83333332836628,11.330581136850714,0.05,LOW
evt_004920,STARLINK-2440,STARLINK-32440,1782353999.999982,47.29907804950691,0.0384186408571821,165.66666667163372,18.202065235119964,0.05,LOW
evt_002113,STARLINK-2448,STARLINK-30421,1782349199.9999866,39.61643865550109,0.1074150150374663,167.00000000370872,0.0,0.05,LOW
evt_002114,STARLINK-2449,STARLINK-32681,1782349199.9999866,13.922125773265098,1.4118555862640023,167.00000000370872,0.0,0.3,MEDIUM
evt_002116,STARLINK-2468,STARLINK-31922,1782349199.9999866,33.65253782959689,1.3632373306324206,167.00000000370872,0.0,0.3,MEDIUM
evt_002120,STARLINK-2569,STARLINK-35884,1782349199.9999866,28.017610059464523,7.514531871311449,167.00000000370872,0.0,0.3,MEDIUM
evt_002121,STARLINK-2543,STARLINK-37026,1782349199.9999866,19.316924045065107,11.899973244774358,167.00000000370872,0.0,0.3,MEDIUM
evt_002122,STARLINK-2558,STARLINK-34269,1782349199.9999866,44.93083814832522,1.3791587834633854,167.00000000370872,0.0,0.3,MEDIUM
evt_002123,STARLINK-2547,STARLINK-31019,1782349199.9999866,48.08153145265574,1.414330310787476,167.00000000370872,0.0,0.3,MEDIUM
evt_002124,STARLINK-2524,STARLINK-31431,1782349199.9999866,33.55632157149562,2.0963104466022786,167.00000000370872,0.0,0.3,MEDIUM
evt_002125,STARLINK-2523,STARLINK-6126,1782349199.9999866,19.145884462531725,5.690761300184166,167.00000000370872,0.0,0.3,MEDIUM
evt_002126,STARLINK-2517,STARLINK-34591,1782349199.9999866,49.47908870392305,8.834105801165292,167.00000000370872,0.0,0.3,MEDIUM
evt_002127,STARLINK-2513,STARLINK-30395,1782349199.9999866,42.67346901732555,4.016477872812088,167.00000000370872,0.0,0.3,MEDIUM
evt_002128,STARLINK-2613,STARLINK-36292,1782349199.9999866,39.90867440459912,11.059876829020393,167.00000000370872,0.0,0.3,MEDIUM
evt_002131,STARLINK-2612,STARLINK-5555,1782349199.9999866,31.530798395208347,10.476145734923042,167.00000000370872,0.0,0.3,MEDIUM
evt_002132,STARLINK-2586,STARLINK-32183,1782349199.9999866,24.40566848775663,10.304447171554774,167.00000000370872,0.0,0.3,MEDIUM
evt_002134,STARLINK-2590,STARLINK-30294,1782349199.9999866,44.748894897069206,1.360437182422311,167.00000000370872,0.0,0.3,MEDIUM
evt_002135,STARLINK-2588,STARLINK-37181,1782349199.9999866,45.855197344217714,0.4000454458515515,167.00000000370872,0.0,0.05,LOW
evt_002137,STARLINK-2593,STARLINK-37254,1782349199.9999866,38.6450879832417,3.0851995413685533,167.00000000370872,0.0,0.3,MEDIUM
evt_002139,STARLINK-2702,STARLINK-5347,1782349199.9999866,41.63156918256133,2.543887498269295,167.00000000370872,0.0,0.3,MEDIUM
evt_002140,STARLINK-2686,STARLINK-34910,1782349199.9999866,23.647524473862987,0.0923985053340406,167.00000000370872,0.0,0.05,LOW
evt_002468,STARLINK-2686,STARLINK-34910,1782349799.999991,45.93358132087453,0.0770953556520888,166.83333333584997,22.286056847011537,0.05,LOW
evt_003565,STARLINK-2686,STARLINK-34910,1782351600.0000043,45.22272269322103,0.077025922852472,166.333333332075,-0.7108586276534936,0.05,LOW
evt_003877,STARLINK-2686,STARLINK-34910,1782352200.000009,22.495777460066336,0.0918696015019206,166.16666666415003,-22.72694523315469,0.05,LOW
evt_002141,STARLINK-2661,STARLINK-37314,1782349199.9999866,28.84817240669476,5.910138176087081,167.00000000370872,0.0,0.3,MEDIUM
evt_002142,STARLINK-2728,STARLINK-32604,1782349199.9999866,30.87805316055749,0.2768478471083738,167.00000000370872,0.0,0.05,LOW
evt_002144,STARLINK-2755,STARLINK-37278,1782349199.9999866,47.02944617141234,5.917319289080992,167.00000000370872,0.0,0.3,MEDIUM
evt_002146,STARLINK-2166,STARLINK-32686,1782349199.9999866,35.82364080906962,3.508619039261594,167.00000000370872,0.0,0.3,MEDIUM
evt_002147,STARLINK-2214,STARLINK-34981,1782349199.9999866,21.101110789598707,0.7975393430969138,167.00000000370872,0.0,0.05,LOW
evt_002149,STARLINK-2237,STARLINK-30149,1782349199.9999866,22.23232919847402,9.866574386208944,167.00000000370872,0.0,0.3,MEDIUM
evt_002150,STARLINK-2251,STARLINK-33844,1782349199.9999866,19.21443305798125,11.34950479143893,167.00000000370872,0.0,0.3,MEDIUM
evt_002151,STARLINK-2757,STARLINK-35747,1782349199.9999866,47.54909884269298,7.944223683850679,167.00000000370872,0.0,0.3,MEDIUM
evt_002153,STARLINK-2704,STARLINK-35596,1782349199.9999866,17.432302074174498,0.946055420769073,167.00000000370872,0.0,0.3,MEDIUM
evt_002154,STARLINK-2732,STARLINK-30402,1782349199.9999866,32.20506109096242,1.88571852237339,167.00000000370872,0.0,0.3,MEDIUM
evt_002157,STARLINK-2763,STARLINK-35404,1782349199.9999866,39.16309498086368,1.3567252997409098,167.00000000370872,0.0,0.3,MEDIUM
evt_002158,STARLINK-2705,STARLINK-32777,1782349199.9999866,43.46082994443611,1.617336660490356,167.00000000370872,0.0,0.3,MEDIUM
evt_002159,STARLINK-2615,STARLINK-36440,1782349199.9999866,40.137115489425874,1.46432105342092,167.00000000370872,0.0,0.3,MEDIUM
evt_002160,STARLINK-2751,STARLINK-36079,1782349199.9999866,42.1664574981919,4.248254198107476,167.00000000370872,0.0,0.3,MEDIUM
evt_002161,STARLINK-2629,STARLINK-36577,1782349199.9999866,44.37248540712056,8.873117935669985,167.00000000370872,0.0,0.3,MEDIUM
evt_018431,STARLINK-2629,STARLINK-36577,1782377399.9999957,49.71790323963174,8.72925422389216,159.166666667925,5.345417832511181,0.3,MEDIUM
evt_002162,STARLINK-2753,STARLINK-30280,1782349199.9999866,48.90438896433862,8.935146954327136,167.00000000370872,0.0,0.3,MEDIUM
evt_002163,STARLINK-3005,STARLINK-4360,1782349199.9999866,37.55337086735842,0.8069653396987,167.00000000370872,0.0,0.05,LOW
evt_002164,STARLINK-3116,STARLINK-34501,1782349199.9999866,46.62117545662243,13.997519737550231,167.00000000370872,0.0,0.3,MEDIUM
evt_002165,STARLINK-3285,STARLINK-4426,1782349199.9999866,12.557229064503684,14.611325733450569,167.00000000370872,0.0,0.3,MEDIUM
evt_017091,STARLINK-3285,STARLINK-4426,1782375000.000018,27.97695105891794,14.636653290525194,159.83333332836628,15.419721994414257,0.3,MEDIUM
evt_031795,STARLINK-3285,STARLINK-4426,1782400800.000009,41.74982548410837,14.643038909093711,152.66666666415003,13.772874425190423,0.3,MEDIUM
evt_002166,STARLINK-3277,STARLINK-4652,1782349199.9999866,49.948002019373206,0.6499417701489398,167.00000000370872,0.0,0.05,LOW
evt_002167,STARLINK-3277,STARLINK-35169,1782349199.9999866,40.22472085705116,0.7612799722426769,167.00000000370872,0.0,0.05,LOW
evt_002168,STARLINK-3268,STARLINK-36677,1782349199.9999866,47.904955048552495,1.106513709659137,167.00000000370872,0.0,0.3,MEDIUM
evt_002169,STARLINK-3330,STARLINK-4166,1782349199.9999866,38.6259924594727,0.0407161052304027,167.00000000370872,0.0,0.05,LOW
evt_002489,STARLINK-3330,STARLINK-4166,1782349799.999991,22.410360355666864,0.0303791214274083,166.83333333584997,-16.215632103805834,0.05,LOW
evt_002848,STARLINK-3330,STARLINK-4166,1782350399.9999957,30.021478866717786,0.028128092592693,166.666666667925,7.611118511050918,0.05,LOW
evt_003230,STARLINK-3330,STARLINK-4166,1782351000.0,47.02207966504045,0.0403489541808505,166.5,17.00060079832267,0.05,LOW
evt_002170,STARLINK-3300,STARLINK-4173,1782349199.9999866,29.24683042229586,0.4931965341489512,167.00000000370872,0.0,0.05,LOW
evt_002171,STARLINK-3230,STARLINK-34880,1782349199.9999866,43.93348883939366,1.2168337498154964,167.00000000370872,0.0,0.3,MEDIUM
evt_002172,STARLINK-3350,STARLINK-5184,1782349199.9999866,49.07953431825873,4.618606874093585,167.00000000370872,0.0,0.3,MEDIUM
evt_002173,STARLINK-3172,STARLINK-4501,1782349199.9999866,27.12417339371864,10.78500097902985,167.00000000370872,0.0,0.3,MEDIUM
evt_002175,STARLINK-3450,STARLINK-5212,1782349199.9999866,44.4346870696,2.0077704875573072,167.00000000370872,0.0,0.3,MEDIUM
evt_002176,STARLINK-3619,STARLINK-35592,1782349199.9999866,44.03690340914357,3.5953502231169034,167.00000000370872,0.0,0.3,MEDIUM
evt_002177,STARLINK-3582,STARLINK-30988,1782349199.9999866,46.98894901580647,2.20048645272952,167.00000000370872,0.0,0.3,MEDIUM
evt_002178,STARLINK-3583,STARLINK-35344,1782349199.9999866,46.01113419021755,6.595118563040112,167.00000000370872,0.0,0.3,MEDIUM
evt_002179,STARLINK-3556,STARLINK-5150,1782349199.9999866,18.121843797491596,10.699450210045972,167.00000000370872,0.0,0.3,MEDIUM
evt_081316,STARLINK-3556,STARLINK-5150,1782484799.999991,17.976328093577585,10.650186961056349,129.33333333584997,-0.1455157039140076,0.3,MEDIUM
evt_002181,STARLINK-3669,STARLINK-37543,1782349199.9999866,30.85760808237897,13.404465274538207,167.00000000370872,0.0,0.3,MEDIUM
evt_002182,STARLINK-3672,STARLINK-4193,1782349199.9999866,41.33670580599961,0.6470993021785206,167.00000000370872,0.0,0.05,LOW
evt_002183,STARLINK-3701,STARLINK-31063,1782349199.9999866,31.862218786930438,5.396939044955742,167.00000000370872,0.0,0.3,MEDIUM
evt_002184,STARLINK-3788,STARLINK-34666,1782349199.9999866,46.09982561677135,11.765187162793165,167.00000000370872,0.0,0.3,MEDIUM
evt_002185,STARLINK-3852,STARLINK-34742,1782349199.9999866,49.952322375200566,7.234090324156203,167.00000000370872,0.0,0.3,MEDIUM
evt_002186,STARLINK-3798,STARLINK-35838,1782349199.9999866,48.72379721607231,2.2537806343600284,167.00000000370872,0.0,0.3,MEDIUM
evt_002187,STARLINK-3862,STARLINK-3857,1782349199.9999866,40.29143308700646,1.088544563200388,167.00000000370872,0.0,0.3,MEDIUM
evt_020118,STARLINK-3862,STARLINK-3857,1782380400.000018,20.293633934096867,1.0899256710886922,158.33333332836628,-19.997799152909597,0.3,MEDIUM
evt_026561,STARLINK-3862,STARLINK-3857,1782391799.999982,41.626207174301605,1.0890337568893034,155.16666667163372,21.332573240204734,0.3,MEDIUM
evt_002188,STARLINK-3913,STARLINK-36213,1782349199.9999866,38.98428161922008,3.4692890033880834,167.00000000370872,0.0,0.3,MEDIUM
evt_002189,STARLINK-3857,STARLINK-32008,1782349199.9999866,37.981116485665005,1.1111736145160735,167.00000000370872,0.0,0.3,MEDIUM
evt_002190,STARLINK-3948,STARLINK-36955,1782349199.9999866,31.86649158627816,10.08715401971935,167.00000000370872,0.0,0.3,MEDIUM
evt_002191,STARLINK-3901,STARLINK-31583,1782349199.9999866,33.30311915317436,1.4797342924773047,167.00000000370872,0.0,0.3,MEDIUM
evt_002192,STARLINK-3867,STARLINK-31980,1782349199.9999866,48.42451200429833,7.02727968371065,167.00000000370872,0.0,0.3,MEDIUM
evt_002193,STARLINK-4200,STARLINK-30585,1782349199.9999866,47.50589061981231,9.374030373862022,167.00000000370872,0.0,0.3,MEDIUM
evt_002195,STARLINK-4128,STARLINK-34602,1782349199.9999866,41.25346141649997,0.4541007094873573,167.00000000370872,0.0,0.05,LOW
evt_002196,STARLINK-4453,STARLINK-4615,1782349199.9999866,43.90854075846389,14.677337808527016,167.00000000370872,0.0,0.3,MEDIUM
evt_002197,STARLINK-4297,STARLINK-36873,1782349199.9999866,43.37415690464108,1.369730185647383,167.00000000370872,0.0,0.3,MEDIUM
evt_002198,STARLINK-4675,STARLINK-34989,1782349199.9999866,39.54648700213332,11.561370084167113,167.00000000370872,0.0,0.3,MEDIUM
evt_002199,STARLINK-4609,STARLINK-34738,1782349199.9999866,46.52547354856391,9.87461594668848,167.00000000370872,0.0,0.3,MEDIUM
evt_002200,STARLINK-4554,STARLINK-34586,1782349199.9999866,24.67540118632133,9.872768515258947,167.00000000370872,0.0,0.3,MEDIUM
evt_002201,STARLINK-4620,STARLINK-5205,1782349199.9999866,49.89187027117504,14.672222405209636,167.00000000370872,0.0,0.3,MEDIUM
evt_002202,STARLINK-4652,STARLINK-35169,1782349199.9999866,47.34493719841632,1.407672896764392,167.00000000370872,0.0,0.3,MEDIUM
evt_002203,STARLINK-4607,STARLINK-32369,1782349199.9999866,47.2585616139888,0.3457008312550206,167.00000000370872,0.0,0.05,LOW
evt_002204,STARLINK-4710,STARLINK-35529,1782349199.9999866,44.85121514807166,0.3399939946371891,167.00000000370872,0.0,0.05,LOW
evt_002205,STARLINK-4781,STARLINK-5018,1782349199.9999866,23.88378407289005,3.17115464577309,167.00000000370872,0.0,0.3,MEDIUM
evt_002206,STARLINK-5161,STARLINK-30525,1782349199.9999866,46.51922632369027,5.906150832905689,167.00000000370872,0.0,0.3,MEDIUM
evt_002208,STARLINK-5439,STARLINK-5410,1782349199.9999866,43.64770853928197,0.033744652635024,167.00000000370872,0.0,0.05,LOW
evt_002537,STARLINK-5439,STARLINK-5410,1782349799.999991,37.2469625208141,0.0227267885386384,166.83333333584997,-6.400746018467871,0.05,LOW
evt_002209,STARLINK-5439,STARLINK-31997,1782349199.9999866,34.978242759002434,0.7190156847788394,167.00000000370872,0.0,0.05,LOW
evt_002210,STARLINK-5667,STARLINK-32383,1782349199.9999866,33.98493121707723,5.472886252672604,167.00000000370872,0.0,0.3,MEDIUM
evt_002211,STARLINK-5657,STARLINK-35721,1782349199.9999866,36.64125925154764,7.642016966944688,167.00000000370872,0.0,0.3,MEDIUM
evt_002212,STARLINK-5027,STARLINK-34908,1782349199.9999866,35.472285599896374,1.5160189962076074,167.00000000370872,0.0,0.3,MEDIUM
evt_002213,STARLINK-5571,STARLINK-6244,1782349199.9999866,48.12380088001727,6.84969836094677,167.00000000370872,0.0,0.3,MEDIUM
evt_002214,STARLINK-5100,STARLINK-32085,1782349199.9999866,26.370079716897944,7.872445343013552,167.00000000370872,0.0,0.3,MEDIUM
evt_110637,STARLINK-5100,STARLINK-32085,1782532799.9999866,40.79147994275388,7.879594316543697,116.00000000370872,14.421400225855937,0.3,MEDIUM
evt_154722,STARLINK-5100,STARLINK-32085,1782600600.000009,29.8427480273904,7.87959048225262,97.16666666415004,-10.94873191536348,0.3,MEDIUM
evt_288405,STARLINK-5100,STARLINK-32085,1782784200.000009,43.96370830878096,7.872168925144926,46.16666666415003,14.12096028139056,0.3,MEDIUM
evt_002215,STARLINK-5748,STARLINK-35146,1782349199.9999866,46.788633965812416,1.349068277506366,167.00000000370872,0.0,0.3,MEDIUM
evt_002216,STARLINK-5721,STARLINK-35684,1782349199.9999866,45.43710348632341,5.004707902700836,167.00000000370872,0.0,0.3,MEDIUM
evt_002217,STARLINK-5929,STARLINK-6033,1782349199.9999866,37.154219391477234,15.067475774242652,167.00000000370872,0.0,0.3,MEDIUM
evt_002218,STARLINK-5943,STARLINK-32271,1782349199.9999866,25.77628181293178,1.7895550180242057,167.00000000370872,0.0,0.3,MEDIUM
evt_002219,STARLINK-6120,STARLINK-30529,1782349199.9999866,24.015515660095268,10.27054680556916,167.00000000370872,0.0,0.3,MEDIUM
evt_002220,STARLINK-30112,STARLINK-31939,1782349199.9999866,28.06846084910677,2.8254439192521272,167.00000000370872,0.0,0.3,MEDIUM
evt_002221,STARLINK-6153,STARLINK-32864,1782349199.9999866,37.22488731943631,3.9609601541773127,167.00000000370872,0.0,0.3,MEDIUM
evt_002222,STARLINK-6273,STARLINK-31959,1782349199.9999866,44.57384308867484,9.817977052462524,167.00000000370872,0.0,0.3,MEDIUM
evt_288420,STARLINK-6273,STARLINK-31959,1782784200.000009,45.697125367955536,9.817816368727929,46.16666666415003,1.1232822792806942,0.3,MEDIUM
evt_002223,STARLINK-6238,STARLINK-32046,1782349199.9999866,45.442695171094805,9.34084221013803,167.00000000370872,0.0,0.3,MEDIUM
evt_002224,STARLINK-6344,STARLINK-36878,1782349199.9999866,47.03331962625232,13.789586544096402,167.00000000370872,0.0,0.3,MEDIUM
evt_002225,STARLINK-5302,STARLINK-6099,1782349199.9999866,47.53674729302298,5.0491210205018895,167.00000000370872,0.0,0.3,MEDIUM
evt_002226,STARLINK-30130,STARLINK-35276,1782349199.9999866,25.26976599519257,5.732561900488679,167.00000000370872,0.0,0.3,MEDIUM
evt_002227,STARLINK-30152,STARLINK-32317,1782349199.9999866,41.69612540702011,7.024993878583987,167.00000000370872,0.0,0.3,MEDIUM
evt_002228,STARLINK-30135,STARLINK-34835,1782349199.9999866,42.16292530284568,11.034142015350128,167.00000000370872,0.0,0.3,MEDIUM
evt_002229,STARLINK-6213,STARLINK-36808,1782349199.9999866,16.633226131180248,11.234569440629608,167.00000000370872,0.0,0.3,MEDIUM
evt_002230,STARLINK-6195,STARLINK-32161,1782349199.9999866,40.88862313020715,2.232161712822818,167.00000000370872,0.0,0.3,MEDIUM
evt_002231,STARLINK-5845,STARLINK-31088,1782349199.9999866,46.30249113635699,5.052453107421358,167.00000000370872,0.0,0.3,MEDIUM
evt_069663,STARLINK-5845,STARLINK-31088,1782465000.0000043,42.6285444630041,5.057690004804478,134.833333332075,-3.673946673352887,0.3,MEDIUM
evt_110657,STARLINK-5845,STARLINK-31088,1782532799.9999866,18.30696539044132,5.057697428719873,116.00000000370872,-24.321579072562788,0.3,MEDIUM
evt_002232,STARLINK-6353,STARLINK-36325,1782349199.9999866,36.73236043667502,11.15517028508084,167.00000000370872,0.0,0.3,MEDIUM
evt_002233,STARLINK-6223,STARLINK-30910,1782349199.9999866,48.10806137584871,1.393734303981764,167.00000000370872,0.0,0.3,MEDIUM
evt_002234,STARLINK-6152,STARLINK-32648,1782349199.9999866,41.32440289674137,1.527819018012684,167.00000000370872,0.0,0.3,MEDIUM
evt_002235,STARLINK-5355,STARLINK-31061,1782349199.9999866,40.13366606137264,7.614510478800426,167.00000000370872,0.0,0.3,MEDIUM
evt_002236,STARLINK-5361,STARLINK-30334,1782349199.9999866,46.14776022966837,9.925324562874604,167.00000000370872,0.0,0.3,MEDIUM
evt_288444,STARLINK-5361,STARLINK-30334,1782784200.000009,36.42443140795709,9.925272912591206,46.16666666415003,-9.723328821711284,0.3,MEDIUM
evt_002237,STARLINK-5519,STARLINK-34500,1782349199.9999866,30.763345206792764,4.8394442497775625,167.00000000370872,0.0,0.3,MEDIUM
evt_002238,STARLINK-6350,STARLINK-36562,1782349199.9999866,41.56022960195007,11.345562075899888,167.00000000370872,0.0,0.3,MEDIUM
evt_002239,STARLINK-6351,STARLINK-32125,1782349199.9999866,29.981990511854796,10.68217404764298,167.00000000370872,0.0,0.3,MEDIUM
evt_002240,STARLINK-5514,STARLINK-35235,1782349199.9999866,47.99039161839112,6.7233737545408765,167.00000000370872,0.0,0.3,MEDIUM
evt_002241,STARLINK-6379,STARLINK-34591,1782349199.9999866,49.62941539002415,3.7144051463406935,167.00000000370872,0.0,0.3,MEDIUM
evt_002242,STARLINK-6376,STARLINK-30395,1782349199.9999866,46.684479362419616,1.3301443592544058,167.00000000370872,0.0,0.3,MEDIUM
evt_041284,STARLINK-6376,STARLINK-30395,1782417000.000009,35.35180519556563,1.3297710039053228,148.16666666415003,-11.332674166853984,0.3,MEDIUM
evt_052844,STARLINK-6376,STARLINK-30395,1782436799.9999957,48.5126936103677,1.327356870484867,142.666666667925,13.160888414802066,0.3,MEDIUM
evt_069669,STARLINK-6376,STARLINK-30395,1782465000.0000043,35.66881594966971,1.327580249552036,134.833333332075,-12.843877660697991,0.3,MEDIUM
evt_081390,STARLINK-6376,STARLINK-30395,1782484799.999991,25.68831690451376,1.3293658720478057,129.33333333584997,-9.980499045155948,0.3,MEDIUM
evt_110668,STARLINK-6376,STARLINK-30395,1782532799.9999866,19.043864343108368,1.3274910659692447,116.00000000370872,-6.644452561405391,0.3,MEDIUM
evt_123216,STARLINK-6376,STARLINK-30395,1782552600.0000134,23.482339085786517,1.3289911377242598,110.49999999629128,4.438474742678146,0.3,MEDIUM
evt_141510,STARLINK-6376,STARLINK-30395,1782580799.999982,40.38012743082811,1.3284209582540616,102.66666667163372,16.897788345041597,0.3,MEDIUM
evt_154762,STARLINK-6376,STARLINK-30395,1782600600.000009,5.740710272122492,1.3274810326990811,97.16666666415004,-34.63941715870562,0.3,MEDIUM
evt_168358,STARLINK-6376,STARLINK-30395,1782620399.9999957,32.956264754046536,1.3287185440548348,91.666666667925,27.215554481924045,0.3,MEDIUM
evt_188097,STARLINK-6376,STARLINK-30395,1782648600.0000043,33.669015373109204,1.3288443317099816,83.83333333207501,0.7127506190626676,0.3,MEDIUM
evt_202113,STARLINK-6376,STARLINK-30395,1782668399.999991,21.434257276513183,1.3276283184240196,78.33333333584997,-12.234758096596018,0.3,MEDIUM
evt_216499,STARLINK-6376,STARLINK-30395,1782688200.000018,49.45660423162182,1.3286293830503777,72.83333332836628,28.02234695510863,0.3,MEDIUM
evt_237478,STARLINK-6376,STARLINK-30395,1782716399.9999866,39.17897860064283,1.3294912166498338,65.00000000370873,-10.277625630978989,0.3,MEDIUM
evt_252156,STARLINK-6376,STARLINK-30395,1782736200.0000134,42.88463612189654,1.328020582862086,59.49999999629127,3.7056575212537126,0.3,MEDIUM
evt_002243,STARLINK-6364,STARLINK-31861,1782349199.9999866,29.28736911111423,7.6244484177067875,167.00000000370872,0.0,0.3,MEDIUM
evt_154765,STARLINK-6364,STARLINK-31861,1782600600.000009,23.387429283989476,7.616824759564149,97.16666666415004,-5.899939827124758,0.3,MEDIUM
evt_288458,STARLINK-6364,STARLINK-31861,1782784200.000009,44.05566532960791,7.624367102321774,46.16666666415003,20.66823604561844,0.3,MEDIUM
evt_341643,STARLINK-6364,STARLINK-31861,1782851999.999991,29.63805522537535,7.624546923616856,27.33333333584997,-14.417610104232562,0.3,MEDIUM
evt_002244,STARLINK-30072,STARLINK-31602,1782349199.9999866,19.025335790622755,9.61551357036132,167.00000000370872,0.0,0.3,MEDIUM
evt_002245,STARLINK-30219,STARLINK-32697,1782349199.9999866,47.86326850432717,6.449392404649024,167.00000000370872,0.0,0.3,MEDIUM
evt_002246,STARLINK-30219,STARLINK-33881,1782349199.9999866,39.386794495509925,3.39114457517161,167.00000000370872,0.0,0.3,MEDIUM
evt_002247,STARLINK-30268,STARLINK-33838,1782349199.9999866,28.579738859733844,9.58247623595238,167.00000000370872,0.0,0.3,MEDIUM
evt_002248,STARLINK-30275,STARLINK-32670,1782349199.9999866,31.15584307107395,4.42498537186834,167.00000000370872,0.0,0.3,MEDIUM
evt_002249,STARLINK-30297,STARLINK-35223,1782349199.9999866,37.15591768818272,6.307172985931654,167.00000000370872,0.0,0.3,MEDIUM
evt_002250,STARLINK-30295,STARLINK-32561,1782349199.9999866,32.94801103721001,4.063707481306535,167.00000000370872,0.0,0.3,MEDIUM
evt_002251,STARLINK-30332,STARLINK-35926,1782349199.9999866,42.84733548721204,9.96365424861099,167.00000000370872,0.0,0.3,MEDIUM
evt_002252,STARLINK-30310,STARLINK-34936,1782349199.9999866,31.58434541363477,6.041570954770294,167.00000000370872,0.0,0.3,MEDIUM
evt_002253,STARLINK-30365,STARLINK-35635,1782349199.9999866,45.949194123578906,1.36392913059271,167.00000000370872,0.0,0.3,MEDIUM
evt_002254,STARLINK-30422,STARLINK-36561,1782349199.9999866,33.69768184420724,10.315101320826688,167.00000000370872,0.0,0.3,MEDIUM
evt_002256,STARLINK-30427,STARLINK-34975,1782349199.9999866,44.73442732715233,2.893097666550152,167.00000000370872,0.0,0.3,MEDIUM
evt_002257,STARLINK-30446,STARLINK-35158,1782349199.9999866,36.93248734414691,5.250251619022079,167.00000000370872,0.0,0.3,MEDIUM
evt_002258,STARLINK-30469,STARLINK-35602,1782349199.9999866,46.85563166455269,1.5985979620427213,167.00000000370872,0.0,0.3,MEDIUM
evt_002259,STARLINK-30477,STARLINK-31606,1782349199.9999866,31.81324862560788,5.04675685004907,167.00000000370872,0.0,0.3,MEDIUM
evt_110687,STARLINK-30477,STARLINK-31606,1782532799.9999866,36.040227503124605,5.040859363856398,116.00000000370872,4.2269788775167285,0.3,MEDIUM
evt_154783,STARLINK-30477,STARLINK-31606,1782600600.000009,16.727574499349995,5.040751605154806,97.16666666415004,-19.31265300377461,0.3,MEDIUM
evt_002260,STARLINK-30483,STARLINK-31896,1782349199.9999866,42.43793929534591,7.656636600602574,167.00000000370872,0.0,0.3,MEDIUM
evt_002261,STARLINK-30471,STARLINK-34622,1782349199.9999866,38.89136384442536,9.553358633781247,167.00000000370872,0.0,0.3,MEDIUM
evt_002262,STARLINK-30713,STARLINK-33565,1782349199.9999866,47.89343182849696,6.922996866931741,167.00000000370872,0.0,0.3,MEDIUM
evt_002263,STARLINK-30700,STARLINK-34799,1782349199.9999866,46.56282323385335,10.438010714600193,167.00000000370872,0.0,0.3,MEDIUM
evt_002264,STARLINK-30522,STARLINK-37293,1782349199.9999866,23.94595075146639,5.524070372507019,167.00000000370872,0.0,0.3,MEDIUM
evt_002265,STARLINK-30549,STARLINK-37017,1782349199.9999866,27.44368716777271,14.617444404004711,167.00000000370872,0.0,0.3,MEDIUM
evt_002266,STARLINK-30560,STARLINK-35524,1782349199.9999866,47.87001850932119,8.6078934865468,167.00000000370872,0.0,0.3,MEDIUM
evt_002267,STARLINK-30550,STARLINK-32951,1782349199.9999866,24.377712043178423,11.2266452075635,167.00000000370872,0.0,0.3,MEDIUM
evt_002268,STARLINK-30588,STARLINK-35324,1782349199.9999866,42.02963497732021,11.307496620351886,167.00000000370872,0.0,0.3,MEDIUM
evt_002269,STARLINK-30584,STARLINK-30920,1782349199.9999866,44.67973462873018,2.249247965624199,167.00000000370872,0.0,0.3,MEDIUM
evt_002270,STARLINK-30570,STARLINK-35802,1782349199.9999866,26.695666195194825,10.712777225888775,167.00000000370872,0.0,0.3,MEDIUM
evt_002271,STARLINK-30607,STARLINK-36289,1782349199.9999866,43.48430173643055,1.4149678373720067,167.00000000370872,0.0,0.3,MEDIUM
evt_002272,STARLINK-30781,STARLINK-35527,1782349199.9999866,48.307763648987006,7.236251916819874,167.00000000370872,0.0,0.3,MEDIUM
evt_002273,STARLINK-30833,STARLINK-35652,1782349199.9999866,49.9617934002732,0.2450891651632125,167.00000000370872,0.0,0.05,LOW
evt_005434,STARLINK-30833,STARLINK-35652,1782354599.9999866,38.81361240349214,0.2436308856510496,165.50000000370872,-11.148180996781065,0.05,LOW
evt_002275,STARLINK-30763,STARLINK-34281,1782349199.9999866,37.17085779315858,8.90567730024878,167.00000000370872,0.0,0.3,MEDIUM
evt_002276,STARLINK-30811,STARLINK-34078,1782349199.9999866,37.16268645370626,3.326383009606304,167.00000000370872,0.0,0.3,MEDIUM
evt_002277,STARLINK-30810,STARLINK-34242,1782349199.9999866,43.8503518697141,10.86572529824088,167.00000000370872,0.0,0.3,MEDIUM
evt_002278,STARLINK-30806,STARLINK-31423,1782349199.9999866,30.565309791128985,0.1804088430313529,167.00000000370872,0.0,0.05,LOW
evt_002279,STARLINK-30870,STARLINK-34204,1782349199.9999866,38.681887087158586,1.913774432738407,167.00000000370872,0.0,0.3,MEDIUM
evt_002280,STARLINK-30927,STARLINK-30983,1782349199.9999866,40.37496910031682,1.3997466348759036,167.00000000370872,0.0,0.3,MEDIUM
evt_002281,STARLINK-30987,STARLINK-35128,1782349199.9999866,40.41714589470503,1.7222992699026016,167.00000000370872,0.0,0.3,MEDIUM
evt_002282,STARLINK-31036,STARLINK-31582,1782349199.9999866,45.37110692926745,11.34820579464504,167.00000000370872,0.0,0.3,MEDIUM
evt_002283,STARLINK-31037,STARLINK-34414,1782349199.9999866,10.088201660848442,8.346426536741589,167.00000000370872,0.0,0.3,MEDIUM
evt_002284,STARLINK-31068,STARLINK-32020,1782349199.9999866,42.91783292267508,1.3724219158105386,167.00000000370872,0.0,0.3,MEDIUM
evt_002285,STARLINK-31078,STARLINK-35153,1782349199.9999866,30.76729044311267,1.979311427036032,167.00000000370872,0.0,0.3,MEDIUM
evt_002286,STARLINK-31159,STARLINK-36520,1782349199.9999866,49.79463590505664,1.252639933876502,167.00000000370872,0.0,0.3,MEDIUM
evt_029831,STARLINK-31159,STARLINK-36520,1782397199.999982,42.72846555342954,1.25096008766102,153.66666667163372,-7.066170351627108,0.3,MEDIUM
evt_002287,STARLINK-31039,STARLINK-35964,1782349199.9999866,43.23012002779497,2.533208971796586,167.00000000370872,0.0,0.3,MEDIUM
evt_002288,STARLINK-31163,STARLINK-32880,1782349199.9999866,44.91149052906758,11.34433892068967,167.00000000370872,0.0,0.3,MEDIUM
evt_002289,STARLINK-31368,STARLINK-36918,1782349199.9999866,40.96092089249551,10.877336195000655,167.00000000370872,0.0,0.3,MEDIUM
evt_002290,STARLINK-31369,STARLINK-31912,1782349199.9999866,45.74088658056152,1.3689761184950249,167.00000000370872,0.0,0.3,MEDIUM
evt_002291,STARLINK-31295,STARLINK-32196,1782349199.9999866,39.90540953209422,1.814121979199436,167.00000000370872,0.0,0.3,MEDIUM
evt_002292,STARLINK-31312,STARLINK-32039,1782349199.9999866,30.170328811778955,1.3550912696916175,167.00000000370872,0.0,0.3,MEDIUM
evt_002293,STARLINK-31498,STARLINK-36363,1782349199.9999866,45.55464097813097,11.72616343972592,167.00000000370872,0.0,0.3,MEDIUM
evt_002294,STARLINK-31477,STARLINK-33581,1782349199.9999866,10.689762702818555,11.055053403613146,167.00000000370872,0.0,0.3,MEDIUM
evt_002295,STARLINK-31628,STARLINK-34460,1782349199.9999866,49.49559681311639,2.7035907418870075,167.00000000370872,0.0,0.3,MEDIUM
evt_002296,STARLINK-31698,STARLINK-36839,1782349199.9999866,34.20121657119445,6.200836514774381,167.00000000370872,0.0,0.3,MEDIUM
evt_002298,STARLINK-31387,STARLINK-34220,1782349199.9999866,18.78050046379601,3.742995422998222,167.00000000370872,0.0,0.3,MEDIUM
evt_002299,STARLINK-31780,STARLINK-34504,1782349199.9999866,22.90222638402645,5.618824023614447,167.00000000370872,0.0,0.3,MEDIUM
evt_002300,STARLINK-31580,STARLINK-36125,1782349199.9999866,27.961745529908537,1.506531905624582,167.00000000370872,0.0,0.3,MEDIUM
evt_002301,STARLINK-31619,STARLINK-34518,1782349199.9999866,22.67286777950647,8.334896619661482,167.00000000370872,0.0,0.3,MEDIUM
evt_002302,STARLINK-31722,STARLINK-34254,1782349199.9999866,47.51913632976744,7.63990563317249,167.00000000370872,0.0,0.3,MEDIUM
evt_041367,STARLINK-31722,STARLINK-34254,1782417000.000009,45.9955271087975,7.6397989623252816,148.16666666415003,-1.5236092209699308,0.3,MEDIUM
evt_154852,STARLINK-31722,STARLINK-34254,1782600600.000009,41.32534596382445,7.632571748764252,97.16666666415004,-4.67018114497305,0.3,MEDIUM
evt_002303,STARLINK-31885,STARLINK-32436,1782349199.9999866,37.97317484302301,3.263388730413449,167.00000000370872,0.0,0.3,MEDIUM
evt_002305,STARLINK-31833,STARLINK-32864,1782349199.9999866,39.00343673483657,5.206334955650107,167.00000000370872,0.0,0.3,MEDIUM
evt_002306,STARLINK-31818,STARLINK-37658,1782349199.9999866,34.215109153538194,10.332589318069244,167.00000000370872,0.0,0.3,MEDIUM
evt_002307,STARLINK-31855,STARLINK-32048,1782349199.9999866,33.58545718129398,11.04361565828537,167.00000000370872,0.0,0.3,MEDIUM
evt_002308,STARLINK-31584,STARLINK-34281,1782349199.9999866,47.14975265568346,5.526722668925452,167.00000000370872,0.0,0.3,MEDIUM
evt_002309,STARLINK-31876,STARLINK-36762,1782349199.9999866,25.418535636928024,2.4242654786055264,167.00000000370872,0.0,0.3,MEDIUM
evt_002310,STARLINK-31979,STARLINK-31813,1782349199.9999866,23.533591202931643,4.059066103236354,167.00000000370872,0.0,0.3,MEDIUM
evt_002311,STARLINK-31987,STARLINK-35568,1782349199.9999866,33.11805314148674,9.518871895850298,167.00000000370872,0.0,0.3,MEDIUM
evt_002313,STARLINK-32135,STARLINK-35614,1782349199.9999866,41.806721737308536,0.95428799777338,167.00000000370872,0.0,0.05,LOW
evt_002315,STARLINK-32141,STARLINK-36478,1782349199.9999866,20.78263231630376,6.347210858930492,167.00000000370872,0.0,0.3,MEDIUM
evt_002316,STARLINK-32281,STARLINK-32295,1782349199.9999866,38.387065625203626,8.833725065623318,167.00000000370872,0.0,0.3,MEDIUM
evt_002317,STARLINK-32178,STARLINK-35626,1782349199.9999866,36.08418578847812,1.1316488200182595,167.00000000370872,0.0,0.3,MEDIUM
evt_002318,STARLINK-32193,STARLINK-31923,1782349199.9999866,40.90303436935374,8.6570581743416,167.00000000370872,0.0,0.3,MEDIUM
evt_002319,STARLINK-32193,STARLINK-33661,1782349199.9999866,49.8171008523242,4.128550920217148,167.00000000370872,0.0,0.3,MEDIUM
evt_002320,STARLINK-32228,STARLINK-32030,1782349199.9999866,14.332219944541013,7.220809145314653,167.00000000370872,0.0,0.3,MEDIUM
evt_002321,STARLINK-32101,STARLINK-33893,1782349199.9999866,49.15651645146843,2.029376054046037,167.00000000370872,0.0,0.3,MEDIUM
evt_002322,STARLINK-31844,STARLINK-35200,1782349199.9999866,45.79457137112019,1.259273635642426,167.00000000370872,0.0,0.3,MEDIUM
evt_002323,STARLINK-32204,STARLINK-36719,1782349199.9999866,48.528650023221445,7.51656265933286,167.00000000370872,0.0,0.3,MEDIUM
evt_002324,STARLINK-31923,STARLINK-33661,1782349199.9999866,49.11662223439786,4.928566837031959,167.00000000370872,0.0,0.3,MEDIUM
evt_002325,STARLINK-32184,STARLINK-36827,1782349199.9999866,49.98407162937068,1.6132217289224635,167.00000000370872,0.0,0.3,MEDIUM
evt_002326,STARLINK-32340,STARLINK-33648,1782349199.9999866,49.30479469561935,1.322158434969939,167.00000000370872,0.0,0.3,MEDIUM
evt_002328,STARLINK-11307 [DTC],STARLINK-37834,1782349199.9999866,29.416386248606656,6.726360744578393,167.00000000370872,0.0,0.3,MEDIUM
evt_002329,STARLINK-11360 [DTC],STARLINK-11725 [DTC],1782349199.9999866,29.91140425309053,7.449460498713268,167.00000000370872,0.0,0.3,MEDIUM
evt_002331,STARLINK-32450,STARLINK-34521,1782349199.9999866,44.95451113986019,8.072928228478391,167.00000000370872,0.0,0.3,MEDIUM
evt_002332,STARLINK-32225,STARLINK-34997,1782349199.9999866,21.315740681517827,7.618727465191334,167.00000000370872,0.0,0.3,MEDIUM
evt_002333,STARLINK-32492,STARLINK-33576,1782349199.9999866,26.14890074462285,11.264431629218274,167.00000000370872,0.0,0.3,MEDIUM
evt_002334,STARLINK-11345 [DTC],STARLINK-37645,1782349199.9999866,45.904999150797096,7.879430227833661,167.00000000370872,0.0,0.3,MEDIUM
evt_002336,STARLINK-32641,STARLINK-36917,1782349199.9999866,49.0623400890768,12.025289228940794,167.00000000370872,0.0,0.3,MEDIUM
evt_002338,STARLINK-32621,STARLINK-32646,1782349199.9999866,43.755635688064736,0.0478943705776528,167.00000000370872,0.0,0.05,LOW
evt_002686,STARLINK-32621,STARLINK-32646,1782349799.999991,32.92323689564276,0.0362099935199648,166.83333333584997,-10.832398792421976,0.05,LOW
evt_003062,STARLINK-32621,STARLINK-32646,1782350399.9999957,22.934908924703244,0.024864269434145,166.666666667925,-9.988327970939515,0.05,LOW
evt_003435,STARLINK-32621,STARLINK-32646,1782351000.0,14.46669366062029,0.0141923478052794,166.5,-8.468215264082954,0.3,MEDIUM
evt_003744,STARLINK-32621,STARLINK-32646,1782351600.0000043,9.171467033717924,0.0052444740480359,166.333333332075,-5.295226626902366,0.3,MEDIUM
evt_004084,STARLINK-32621,STARLINK-32646,1782352200.000009,10.888998885729755,0.0086312598970371,166.16666666415003,1.7175318520118328,0.3,MEDIUM
evt_004451,STARLINK-32621,STARLINK-32646,1782352800.0000134,17.795943905808752,0.0185535790175267,165.99999999629128,6.906945020078995,0.3,MEDIUM
evt_004786,STARLINK-32621,STARLINK-32646,1782353400.000018,26.758376797627925,0.0293234265011494,165.83333332836628,8.962432891819173,0.05,LOW
evt_005135,STARLINK-32621,STARLINK-32646,1782353999.999982,36.97596314651433,0.0407103536012853,165.66666667163372,10.217586348886408,0.05,LOW
evt_005502,STARLINK-32621,STARLINK-32646,1782354599.9999866,47.95682136343611,0.0525437471204038,165.50000000370872,10.98085821692178,0.05,LOW
evt_002339,STARLINK-32697,STARLINK-33881,1782349199.9999866,19.93589244087719,3.211954758062697,167.00000000370872,0.0,0.3,MEDIUM
evt_002340,STARLINK-32708,STARLINK-37036,1782349199.9999866,22.352300375574927,1.4788752813056962,167.00000000370872,0.0,0.3,MEDIUM
evt_002341,STARLINK-32786,STARLINK-37045,1782349199.9999866,33.774090390610034,6.247855225397834,167.00000000370872,0.0,0.3,MEDIUM
evt_002343,STARLINK-32795,STARLINK-33898,1782349199.9999866,44.0500916712367,1.484678164408687,167.00000000370872,0.0,0.3,MEDIUM
evt_002344,STARLINK-32828,STARLINK-35547,1782349199.9999866,27.82531059568975,10.999222504672522,167.00000000370872,0.0,0.3,MEDIUM
evt_002345,STARLINK-33627,STARLINK-34542,1782349199.9999866,19.09219465913316,3.0414467599017905,167.00000000370872,0.0,0.3,MEDIUM
evt_002346,STARLINK-32947,STARLINK-35459,1782349199.9999866,32.58457619492823,3.060816132561398,167.00000000370872,0.0,0.3,MEDIUM
evt_002347,STARLINK-33734,STARLINK-37216,1782349199.9999866,44.79047038443584,6.9976943388951245,167.00000000370872,0.0,0.3,MEDIUM
evt_002348,STARLINK-33652,STARLINK-37049,1782349199.9999866,48.41378696518821,7.393511353541347,167.00000000370872,0.0,0.3,MEDIUM
evt_002349,STARLINK-33753,STARLINK-35491,1782349199.9999866,41.61520510182637,3.46975237248798,167.00000000370872,0.0,0.3,MEDIUM
evt_002350,STARLINK-33795,STARLINK-35470,1782349199.9999866,42.19990040373724,3.139187567410239,167.00000000370872,0.0,0.3,MEDIUM
evt_002353,STARLINK-33807,STARLINK-35955,1782349199.9999866,14.719616764457406,0.2839232637480929,167.00000000370872,0.0,0.3,MEDIUM
evt_002354,STARLINK-32959,STARLINK-36065,1782349199.9999866,27.541377839394546,11.25849842855877,167.00000000370872,0.0,0.3,MEDIUM
evt_002355,STARLINK-33732,STARLINK-35069,1782349199.9999866,30.41750167055223,2.6484627381059678,167.00000000370872,0.0,0.3,MEDIUM
evt_002356,STARLINK-33788,STARLINK-35310,1782349199.9999866,40.24765465217112,3.26721350279606,167.00000000370872,0.0,0.3,MEDIUM
evt_002357,STARLINK-33841,STARLINK-36623,1782349199.9999866,36.9949649216383,7.635176695741105,167.00000000370872,0.0,0.3,MEDIUM
evt_237679,STARLINK-33841,STARLINK-36623,1782716399.9999866,41.10175441773666,7.635548879759489,65.00000000370873,4.106789496098365,0.3,MEDIUM
evt_326211,STARLINK-33841,STARLINK-36623,1782832200.0000043,37.530010226573566,7.628130409987472,32.833333332075014,-3.5717441911630985,0.3,MEDIUM
evt_416859,STARLINK-33841,STARLINK-36623,1782947999.999982,27.848249122613304,7.6358060781998365,0.6666666716337204,-9.681761103960262,0.3,MEDIUM
evt_002358,STARLINK-34094,STARLINK-36871,1782349199.9999866,40.219403785463385,14.15112847415786,167.00000000370872,0.0,0.3,MEDIUM
evt_002359,STARLINK-34053,STARLINK-36823,1782349199.9999866,30.187666250968835,11.097934218601134,167.00000000370872,0.0,0.3,MEDIUM
evt_002360,STARLINK-34147,STARLINK-37292,1782349199.9999866,30.613633559872024,10.46175067720864,167.00000000370872,0.0,0.3,MEDIUM
evt_002361,STARLINK-33758,STARLINK-36564,1782349199.9999866,38.95563332089544,8.693485625912182,167.00000000370872,0.0,0.3,MEDIUM
evt_002362,STARLINK-34082,STARLINK-36046,1782349199.9999866,36.5034176444113,2.3885036091430374,167.00000000370872,0.0,0.3,MEDIUM
evt_002364,STARLINK-34219,STARLINK-35537,1782349199.9999866,14.892148498237312,12.128087887312036,167.00000000370872,0.0,0.3,MEDIUM
evt_002365,STARLINK-34342,STARLINK-34522,1782349199.9999866,36.14730621087923,0.3518634241932574,167.00000000370872,0.0,0.05,LOW
evt_002367,STARLINK-34404,STARLINK-34400,1782349199.9999866,25.430565714194422,0.3779077151177212,167.00000000370872,0.0,0.05,LOW
evt_002373,STARLINK-34847,STARLINK-36944,1782349199.9999866,31.64861767563165,12.562426805512688,167.00000000370872,0.0,0.3,MEDIUM
evt_002376,STARLINK-34800,STARLINK-36972,1782349199.9999866,47.332098627726616,0.972902441221873,167.00000000370872,0.0,0.05,LOW
evt_002377,STARLINK-35082,STARLINK-35997,1782349199.9999866,46.98941621666557,4.219049177271304,167.00000000370872,0.0,0.3,MEDIUM
evt_002380,STARLINK-35203,STARLINK-35529,1782349199.9999866,47.57783322637707,1.3464562321693332,167.00000000370872,0.0,0.3,MEDIUM
evt_002381,STARLINK-35150,STARLINK-36037,1782349199.9999866,22.891850420491924,1.3558415544444662,167.00000000370872,0.0,0.3,MEDIUM
evt_002382,STARLINK-35141,STARLINK-35772,1782349199.9999866,32.2793157801893,3.335684406764765,167.00000000370872,0.0,0.3,MEDIUM
evt_002383,STARLINK-35204,STARLINK-36782,1782349199.9999866,15.720246055523484,14.522685146400526,167.00000000370872,0.0,0.3,MEDIUM
evt_002384,STARLINK-35265,STARLINK-36592,1782349199.9999866,37.38259791262624,3.342254022759632,167.00000000370872,0.0,0.3,MEDIUM
evt_002385,STARLINK-35281,STARLINK-36887,1782349199.9999866,14.269584672745482,1.445121782245718,167.00000000370872,0.0,0.3,MEDIUM
evt_002386,STARLINK-34438,STARLINK-37491,1782349199.9999866,13.746186979341608,4.206353867965716,167.00000000370872,0.0,0.3,MEDIUM
evt_002387,STARLINK-35542,STARLINK-36498,1782349199.9999866,44.24612241618566,3.016901499992044,167.00000000370872,0.0,0.3,MEDIUM
evt_002388,STARLINK-35722,STARLINK-36920,1782349199.9999866,27.248978320354148,10.87158288550991,167.00000000370872,0.0,0.3,MEDIUM
evt_002391,STARLINK-35783,STARLINK-35426,1782349199.9999866,30.52829049068013,2.7697055803640733,167.00000000370872,0.0,0.3,MEDIUM
evt_002392,STARLINK-35849,STARLINK-35579,1782349199.9999866,23.83329539419613,1.5036775509500646,167.00000000370872,0.0,0.3,MEDIUM
evt_002393,STARLINK-35824,STARLINK-36059,1782349199.9999866,40.30216307993971,11.884127350633806,167.00000000370872,0.0,0.3,MEDIUM
evt_002394,STARLINK-34766,STARLINK-37370,1782349199.9999866,36.90014751826404,10.707876068038845,167.00000000370872,0.0,0.3,MEDIUM
evt_002395,STARLINK-35582,STARLINK-37241,1782349199.9999866,24.8152068474183,4.181411293165324,167.00000000370872,0.0,0.3,MEDIUM
evt_002396,STARLINK-35847,STARLINK-36622,1782349199.9999866,42.16042597367381,14.38694320008513,167.00000000370872,0.0,0.3,MEDIUM
evt_002397,STARLINK-36147,STARLINK-35725,1782349199.9999866,39.64143537083904,11.802632201478149,167.00000000370872,0.0,0.3,MEDIUM
evt_002398,STARLINK-35720,STARLINK-37056,1782349199.9999866,44.48217354486759,1.3571849141687282,167.00000000370872,0.0,0.3,MEDIUM
evt_002399,STARLINK-35906,STARLINK-37745,1782349199.9999866,49.6055566088018,11.236190570109544,167.00000000370872,0.0,0.3,MEDIUM
evt_002401,STARLINK-36430,STARLINK-37507,1782349199.9999866,49.11865748118352,9.814879544281546,167.00000000370872,0.0,0.3,MEDIUM
evt_002402,STARLINK-36411,STARLINK-37273,1782349199.9999866,37.97265268324588,5.95713797440895,167.00000000370872,0.0,0.3,MEDIUM
evt_002403,STARLINK-36342,STARLINK-37211,1782349199.9999866,42.12423225336276,14.99994056653657,167.00000000370872,0.0,0.3,MEDIUM
evt_298844,STARLINK-36342,STARLINK-37211,1782797399.9999866,29.52277520465243,15.025998336713291,42.500000003708735,-12.601457048710332,0.3,MEDIUM
evt_393776,STARLINK-36342,STARLINK-37211,1782918600.0000043,43.04122829058917,15.001045520310472,8.833333332075012,13.518453085936745,0.3,MEDIUM
evt_002404,STARLINK-36688,STARLINK-37635,1782349199.9999866,39.34191276388713,15.140268114080955,167.00000000370872,0.0,0.3,MEDIUM
evt_002405,STARLINK-36894,STARLINK-37452,1782349199.9999866,40.00220365112163,0.6245301448776183,167.00000000370872,0.0,0.05,LOW
evt_018676,STARLINK-36894,STARLINK-37452,1782377399.9999957,39.742983018626674,0.6245955426820057,159.166666667925,-0.2592206324949586,0.05,LOW
evt_034774,STARLINK-36894,STARLINK-37452,1782405600.0000043,39.69151396674796,0.6245426232049593,151.333333332075,-0.051469051878719,0.05,LOW
evt_039690,STARLINK-36894,STARLINK-37452,1782413999.9999866,49.7397789909418,0.6251566489278326,149.00000000370872,10.048265024193846,0.05,LOW
evt_051285,STARLINK-36894,STARLINK-37452,1782433800.0000134,39.952164172558,0.6243658400369277,143.49999999629128,-9.7876148183838,0.05,LOW
evt_056333,STARLINK-36894,STARLINK-37452,1782442199.9999957,45.14358235505571,0.6254029080856854,141.166666667925,5.1914181824977135,0.05,LOW
evt_068065,STARLINK-36894,STARLINK-37452,1782461999.999982,40.654461287611625,0.6240618987863497,135.66666667163372,-4.4891210674440885,0.05,LOW
evt_073050,STARLINK-36894,STARLINK-37452,1782470400.0000043,40.33871511681833,0.6255349063647154,133.333333332075,-0.3157461707932967,0.05,LOW
evt_084848,STARLINK-36894,STARLINK-37452,1782490199.999991,41.94025273348063,0.6236297744243544,127.83333333584996,1.6015376166622983,0.05,LOW
evt_090060,STARLINK-36894,STARLINK-37452,1782498600.0000134,35.45093638342928,0.6255523444386459,125.49999999629128,-6.489316350051347,0.05,LOW
evt_101903,STARLINK-36894,STARLINK-37452,1782518400.0,43.94593241053786,0.6230707373127814,120.0,8.494996027108577,0.05,LOW
evt_107124,STARLINK-36894,STARLINK-37452,1782526799.999982,30.729789665999743,0.6254572125744524,117.66666667163372,-13.21614274453811,0.05,LOW
evt_112412,STARLINK-36894,STARLINK-37452,1782535200.0000043,49.51081584196887,0.6223026489242677,115.333333332075,18.781026175969124,0.05,LOW
evt_119680,STARLINK-36894,STARLINK-37452,1782546600.000009,46.78420948687469,0.6223883883168921,112.16666666415004,-2.726606355094184,0.05,LOW
evt_124964,STARLINK-36894,STARLINK-37452,1782554999.999991,26.65252482345072,0.6252538156967992,109.83333333584996,-20.131684663423968,0.05,LOW
evt_130365,STARLINK-36894,STARLINK-37452,1782563400.0000134,41.49046289782969,0.6225877856674559,107.49999999629128,14.837938074378968,0.05,LOW
evt_143317,STARLINK-36894,STARLINK-37452,1782583200.0,24.04479698725216,0.6249488064900414,102.0,-17.445665910577528,0.05,LOW
evt_148942,STARLINK-36894,STARLINK-37452,1782591599.999982,32.93207385102007,0.6227897754741297,99.66666667163372,8.887276863767912,0.05,LOW
evt_162342,STARLINK-36894,STARLINK-37452,1782611400.000009,23.95307969919144,0.6245512262319337,94.16666666415004,-8.97899415182863,0.05,LOW
evt_168170,STARLINK-36894,STARLINK-37452,1782619799.999991,23.822419237085096,0.6229182529748619,91.83333333584996,-0.1306604621063449,0.05,LOW
evt_182050,STARLINK-36894,STARLINK-37452,1782639600.000018,26.943597634476404,0.6240725527598997,86.33333332836628,3.121178397391308,0.05,LOW
evt_187919,STARLINK-36894,STARLINK-37452,1782648000.0,14.150015059504891,0.6229852034487928,84.0,-12.793582574971513,0.3,MEDIUM
evt_193778,STARLINK-36894,STARLINK-37452,1782656399.999982,46.28164334490435,0.6225214936348781,81.66666667163372,32.13162828539946,0.05,LOW
evt_201947,STARLINK-36894,STARLINK-37452,1782667799.9999866,32.654739476168,0.6235267546453739,78.50000000370873,-13.626903868736356,0.05,LOW
evt_208142,STARLINK-36894,STARLINK-37452,1782676200.000009,3.908086598988256,0.6230050005565521,76.16666666415003,-28.74665287717974,0.3,MEDIUM
evt_214190,STARLINK-36894,STARLINK-37452,1782684599.999991,37.81515875121607,0.6231191928195521,73.83333333584997,33.90707215222781,0.05,LOW
evt_222486,STARLINK-36894,STARLINK-37452,1782695999.9999957,40.36294026716069,0.6229303502877224,70.66666666792499,2.547781515944621,0.05,LOW
evt_228817,STARLINK-36894,STARLINK-37452,1782704400.000018,6.932074741615577,0.6229944473715162,68.33333332836628,-33.43086552554511,0.3,MEDIUM
evt_235009,STARLINK-36894,STARLINK-37452,1782712800.0,30.5429925457239,0.6237066228582598,66.0,23.610917804108325,0.05,LOW
evt_243414,STARLINK-36894,STARLINK-37452,1782724200.0000043,49.51236352290665,0.6223024702302198,62.83333333207501,18.969370977182745,0.05,LOW
evt_249728,STARLINK-36894,STARLINK-37452,1782732599.9999866,18.35038051667561,0.6229728189842367,60.500000003708735,-31.16198300623104,0.3,MEDIUM
evt_256011,STARLINK-36894,STARLINK-37452,1782741000.000009,26.2738810304103,0.624303544494582,58.16666666415003,7.923500513734691,0.05,LOW
evt_271021,STARLINK-36894,STARLINK-37452,1782760799.9999957,30.36864660839704,0.6229619045650847,52.666666667924986,4.094765577986738,0.05,LOW
evt_277237,STARLINK-36894,STARLINK-37452,1782769200.000018,27.291255785746507,0.6249321068726643,50.33333332836628,-3.077390822650532,0.05,LOW
evt_292379,STARLINK-36894,STARLINK-37452,1782789000.0000043,42.99167937276727,0.6229860463530593,44.83333333207501,15.700423587020758,0.05,LOW
evt_298845,STARLINK-36894,STARLINK-37452,1782797399.9999866,33.78878378360679,0.6256168631794471,42.500000003708735,-9.202895589160477,0.05,LOW
evt_321006,STARLINK-36894,STARLINK-37452,1782825599.9999957,43.92090843930782,0.6263847787117385,34.666666667924986,10.132124655701034,0.05,LOW
evt_002406,STARLINK-36867,STARLINK-37423,1782349199.9999866,45.29843081742845,0.6263585953299398,167.00000000370872,0.0,0.05,LOW
evt_208143,STARLINK-36867,STARLINK-37423,1782676200.000009,41.88466993097981,0.6261254913807285,76.16666666415003,-3.4137608864486424,0.05,LOW
evt_228818,STARLINK-36867,STARLINK-37423,1782704400.000018,32.36966837754567,0.6254056676745195,68.33333332836628,-9.51500155343414,0.05,LOW
evt_235010,STARLINK-36867,STARLINK-37423,1782712800.0,39.05395706049696,0.6226406401435816,66.0,6.684288682951291,0.05,LOW
evt_249729,STARLINK-36867,STARLINK-37423,1782732599.9999866,24.501353176400205,0.6246797769091895,60.500000003708735,-14.552603884096758,0.05,LOW
evt_256013,STARLINK-36867,STARLINK-37423,1782741000.000009,25.55621699409703,0.6225810300827381,58.16666666415003,1.0548638176968268,0.05,LOW
evt_271022,STARLINK-36867,STARLINK-37423,1782760799.9999957,22.892775048406914,0.6240407578560595,52.666666667924986,-2.663441945690117,0.05,LOW
evt_277239,STARLINK-36867,STARLINK-37423,1782769200.000018,13.315306838171471,0.6226563753238378,50.33333332836628,-9.577468210235445,0.3,MEDIUM
evt_283663,STARLINK-36867,STARLINK-37423,1782777600.0,48.2890486540622,0.6221237589617585,48.0,34.973741815890726,0.05,LOW
evt_292380,STARLINK-36867,STARLINK-37423,1782789000.0000043,30.74675635730155,0.6235957741531485,44.83333333207501,-17.54229229676065,0.05,LOW
evt_298846,STARLINK-36867,STARLINK-37423,1782797399.9999866,15.058287488832974,0.6229754403115947,42.500000003708735,-15.688468868468576,0.3,MEDIUM
evt_305447,STARLINK-36867,STARLINK-37423,1782805800.000009,42.57930838097269,0.6231395856007335,40.16666666415003,27.52102089213971,0.05,LOW
evt_314369,STARLINK-36867,STARLINK-37423,1782817200.0000134,44.77221987559132,0.6234661140559129,36.99999999629127,2.1929114946186345,0.05,LOW
evt_321007,STARLINK-36867,STARLINK-37423,1782825599.9999957,30.732936009247123,0.6236602423262169,34.666666667924986,-14.039283866344196,0.05,LOW
evt_327731,STARLINK-36867,STARLINK-37423,1782834000.000018,44.63653943827114,0.6245756172324916,32.33333332836628,13.90360342902402,0.05,LOW
evt_343364,STARLINK-36867,STARLINK-37423,1782853800.0000043,49.876353102167286,0.6248454928549709,26.83333333207501,5.239813663896143,0.05,LOW
evt_002407,STARLINK-36996,STARLINK-37548,1782349199.9999866,46.33823250337823,13.239928022868174,167.00000000370872,0.0,0.3,MEDIUM
evt_002408,STARLINK-37059,STARLINK-36938,1782349199.9999866,41.96738366420787,11.910101064573553,167.00000000370872,0.0,0.3,MEDIUM
evt_002409,STARLINK-37060,STARLINK-37732,1782349199.9999866,33.20195293719697,0.6245088788362781,167.00000000370872,0.0,0.05,LOW
evt_009006,STARLINK-37060,STARLINK-37732,1782360599.999991,49.68141768534228,0.623617040092928,163.83333333584997,16.479464748145304,0.05,LOW
evt_013873,STARLINK-37060,STARLINK-37732,1782369000.0000134,25.706114009155225,0.6273332691221005,161.49999999629128,-23.97530367618705,0.05,LOW
evt_018678,STARLINK-37060,STARLINK-37732,1782377399.9999957,37.71247629374201,0.6255450290926592,159.166666667925,12.006362284586782,0.05,LOW
evt_029987,STARLINK-37060,STARLINK-37732,1782397199.999982,40.46500937051877,0.6279553058032463,153.66666667163372,2.752533076776764,0.05,LOW
evt_034776,STARLINK-37060,STARLINK-37732,1782405600.0000043,43.8381378917879,0.6265889821614805,151.333333332075,3.3731285212691304,0.05,LOW
evt_046419,STARLINK-37060,STARLINK-37732,1782425399.999991,49.720275824851214,0.6282735390655072,145.83333333584997,5.882137933063312,0.05,LOW
evt_051286,STARLINK-37060,STARLINK-37732,1782433800.0000134,46.67588984673723,0.62722743351703,143.49999999629128,-3.0443859781139864,0.05,LOW
evt_068066,STARLINK-37060,STARLINK-37732,1782461999.999982,44.66582962156089,0.627269676533169,135.66666667163372,-2.010060225176339,0.05,LOW
evt_084849,STARLINK-37060,STARLINK-37732,1782490199.999991,37.38557859983324,0.6267451164225548,127.83333333584996,-7.280251021727651,0.05,LOW
evt_090061,STARLINK-37060,STARLINK-37732,1782498600.0000134,49.02956548510984,0.6267915344893741,125.49999999629128,11.643986885276597,0.05,LOW
evt_101905,STARLINK-37060,STARLINK-37732,1782518400.0,25.250896247000497,0.6259032654377135,120.0,-23.778669238109337,0.05,LOW
evt_107125,STARLINK-37060,STARLINK-37732,1782526799.999982,34.82466983606684,0.626396297206635,117.66666667163372,9.573773589066342,0.05,LOW
evt_114339,STARLINK-37060,STARLINK-37732,1782538199.9999866,49.77208597837324,0.6246657685003356,114.50000000370872,14.947416142306402,0.05,LOW
evt_119681,STARLINK-37060,STARLINK-37732,1782546600.000009,13.78558266928822,0.6252158530604579,112.16666666415004,-35.98650330908502,0.3,MEDIUM
evt_124966,STARLINK-37060,STARLINK-37732,1782554999.999991,23.041960397067268,0.6263435870342594,109.83333333584996,9.256377727779046,0.05,LOW
evt_137751,STARLINK-37060,STARLINK-37732,1782574800.000018,27.464035725185656,0.6253779666081746,104.33333332836628,4.422075328118389,0.05,LOW
evt_143318,STARLINK-37060,STARLINK-37732,1782583200.0,33.61359938191067,0.6273995243508167,102.0,6.149563656725011,0.05,LOW
evt_002411,STARLINK-37139,STARLINK-36859,1782349199.9999866,44.76234929243476,7.958205050940517,167.00000000370872,0.0,0.3,MEDIUM
evt_002412,STARLINK-37190,STARLINK-37320,1782349199.9999866,8.564228175640515,9.164292142278711,167.00000000370872,0.0,0.3,MEDIUM
evt_002413,STARLINK-37421,STARLINK-37676,1782349199.9999866,40.65495390345593,15.139866459188276,167.00000000370872,0.0,0.3,MEDIUM
evt_228827,STARLINK-37421,STARLINK-37676,1782704400.000018,46.47368878873928,15.138852215798092,68.33333332836628,5.818734885283341,0.3,MEDIUM
evt_409272,STARLINK-37421,STARLINK-37676,1782938399.999991,43.19152591361428,15.140927737048322,3.3333333358499737,-3.282162875124996,0.3,MEDIUM
evt_002416,STARLINK-37582,STARLINK-37688,1782349199.9999866,30.02488460046177,0.0808484485353899,167.00000000370872,0.0,0.05,LOW
evt_002767,STARLINK-37582,STARLINK-37688,1782349799.999991,49.15491954493592,0.0830285360193972,166.83333333584997,19.130034944474147,0.05,LOW
evt_002418,STARLINK-1153,STARLINK-32742,1782349799.999991,40.21203034298219,7.728807669109626,166.83333333584997,0.0,0.3,MEDIUM
evt_002420,STARLINK-1215,STARLINK-2608,1782349799.999991,20.33153099535435,1.0060521276070369,166.83333333584997,0.0,0.3,MEDIUM
evt_002422,STARLINK-1262,STARLINK-5667,1782349799.999991,43.3585321705275,2.1769217331959365,166.83333333584997,0.0,0.3,MEDIUM
evt_002423,STARLINK-1404,STARLINK-35690,1782349799.999991,37.67812869610658,12.215511199619089,166.83333333584997,0.0,0.3,MEDIUM
evt_002424,STARLINK-1513,STARLINK-30797,1782349799.999991,43.438700395105954,3.094415634923867,166.83333333584997,0.0,0.3,MEDIUM
evt_002428,STARLINK-1559,STARLINK-37152,1782349799.999991,25.83684726140212,10.83817699060146,166.83333333584997,0.0,0.3,MEDIUM
evt_002429,STARLINK-1579,STARLINK-37052,1782349799.999991,25.74460180801839,12.114718340007146,166.83333333584997,0.0,0.3,MEDIUM
evt_002430,STARLINK-1942,STARLINK-11632 [DTC],1782349799.999991,32.29569521765861,11.444266447320194,166.83333333584997,0.0,0.3,MEDIUM
evt_002432,STARLINK-2034,STARLINK-35339,1782349799.999991,25.19139232117636,5.292667079134961,166.83333333584997,0.0,0.3,MEDIUM
evt_002434,STARLINK-2082,STARLINK-31055,1782349799.999991,29.286226455438484,0.0914946911491302,166.83333333584997,0.0,0.05,LOW
evt_003838,STARLINK-2082,STARLINK-31055,1782352200.000009,31.7022982896166,0.0792547310755633,166.16666666415003,2.416071834178112,0.05,LOW
evt_004186,STARLINK-2082,STARLINK-31055,1782352800.0000134,24.733711512736267,0.0842296428550953,165.99999999629128,-6.968586776880329,0.05,LOW
evt_005596,STARLINK-2082,STARLINK-31055,1782355199.999991,48.03663101213446,0.0981540983557609,165.33333333584997,23.30291949939819,0.05,LOW
evt_002437,STARLINK-2092,STARLINK-34101,1782349799.999991,40.11942661656826,1.3783768405375028,166.83333333584997,0.0,0.3,MEDIUM
evt_002438,STARLINK-2102,STARLINK-30764,1782349799.999991,47.88469020689547,12.13047629202704,166.83333333584997,0.0,0.3,MEDIUM
evt_002439,STARLINK-2103,STARLINK-31114,1782349799.999991,48.638385147361326,0.1136588020740253,166.83333333584997,0.0,0.05,LOW
evt_002792,STARLINK-2103,STARLINK-31114,1782350399.9999957,36.81646095353494,0.1112121046057063,166.666666667925,-11.821924193826383,0.05,LOW
evt_004189,STARLINK-2103,STARLINK-31114,1782352800.0000134,47.470759060702925,0.1242582111420391,165.99999999629128,10.654298107167982,0.05,LOW
evt_002441,STARLINK-1954,STARLINK-34532,1782349799.999991,43.63881282382113,2.042006930665057,166.83333333584997,0.0,0.3,MEDIUM
evt_002442,STARLINK-1964,STARLINK-4498,1782349799.999991,21.76090502031897,12.187073354574611,166.83333333584997,0.0,0.3,MEDIUM
evt_002443,STARLINK-2196,STARLINK-35222,1782349799.999991,49.041411879782,11.056518028264064,166.83333333584997,0.0,0.3,MEDIUM
evt_002444,STARLINK-2386,STARLINK-36549,1782349799.999991,40.87128071565812,3.703929901495933,166.83333333584997,0.0,0.3,MEDIUM
evt_002445,STARLINK-2388,STARLINK-36198,1782349799.999991,39.25988525388604,1.8199736993884768,166.83333333584997,0.0,0.3,MEDIUM
evt_002446,STARLINK-2399,STARLINK-36989,1782349799.999991,40.42873772240655,6.1045191200798286,166.83333333584997,0.0,0.3,MEDIUM
evt_002447,STARLINK-2407,STARLINK-35597,1782349799.999991,17.788886900056724,1.739232972719434,166.83333333584997,0.0,0.3,MEDIUM
evt_002448,STARLINK-2423,STARLINK-35310,1782349799.999991,33.34240626618018,1.1325797423430164,166.83333333584997,0.0,0.3,MEDIUM
evt_002449,STARLINK-2433,STARLINK-37453,1782349799.999991,35.19540036715257,11.241690327664116,166.83333333584997,0.0,0.3,MEDIUM
evt_018718,STARLINK-2433,STARLINK-37453,1782378000.0,39.377125383854136,11.372528760040431,159.0,4.181725016701563,0.3,MEDIUM
evt_002450,STARLINK-2435,STARLINK-35409,1782349799.999991,12.395042343124429,0.9848671307044584,166.83333333584997,0.0,0.3,MEDIUM
evt_107156,STARLINK-2435,STARLINK-35409,1782527399.9999866,30.259802930977276,0.9876673273126546,117.50000000370872,17.864760587852846,0.05,LOW
evt_002451,STARLINK-2355,STARLINK-30774,1782349799.999991,37.10621270565845,5.124309011149019,166.83333333584997,0.0,0.3,MEDIUM
evt_002452,STARLINK-2355,STARLINK-33892,1782349799.999991,36.28245142099277,3.867076636582327,166.83333333584997,0.0,0.3,MEDIUM
evt_002453,STARLINK-2370,STARLINK-37048,1782349799.999991,37.03364572608992,9.568112364851194,166.83333333584997,0.0,0.3,MEDIUM
evt_002454,STARLINK-2439,STARLINK-36122,1782349799.999991,47.498239891750416,11.924020044178697,166.83333333584997,0.0,0.3,MEDIUM
evt_002456,STARLINK-2452,STARLINK-32334,1782349799.999991,48.286569829489885,1.4581308751237128,166.83333333584997,0.0,0.3,MEDIUM
evt_002458,STARLINK-2473,STARLINK-34865,1782349799.999991,41.22054623881457,0.0728102410166383,166.83333333584997,0.0,0.05,LOW
evt_002815,STARLINK-2473,STARLINK-34865,1782350399.9999957,35.761652473980554,0.0676636818817891,166.666666667925,-5.458893764834016,0.05,LOW
evt_003860,STARLINK-2473,STARLINK-34865,1782352200.000009,41.08634916432894,0.0456965151110928,166.16666666415003,5.324696690348382,0.05,LOW
evt_004206,STARLINK-2473,STARLINK-34865,1782352800.0000134,11.164424016166253,0.063448338676625,165.99999999629128,-29.92192514816269,0.3,MEDIUM
evt_004572,STARLINK-2473,STARLINK-34865,1782353400.000018,33.62144941417033,0.0557453737965404,165.83333332836628,22.45702539800408,0.05,LOW
evt_005619,STARLINK-2473,STARLINK-34865,1782355199.999991,47.769755872094336,0.066731054378769,165.33333333584997,14.148306457924008,0.05,LOW
evt_005961,STARLINK-2473,STARLINK-34865,1782355799.9999957,44.14825480677482,0.0799048249699368,165.166666667925,-3.6215010653195137,0.05,LOW
evt_002460,STARLINK-2478,STARLINK-35614,1782349799.999991,29.54315763496579,9.757235780067631,166.83333333584997,0.0,0.3,MEDIUM
evt_002463,STARLINK-2624,STARLINK-35547,1782349799.999991,20.6977302772082,4.3809952662451215,166.83333333584997,0.0,0.3,MEDIUM
evt_002465,STARLINK-2576,STARLINK-31121,1782349799.999991,36.03088780243198,1.4442430920194504,166.83333333584997,0.0,0.3,MEDIUM
evt_002469,STARLINK-2728,STARLINK-5676,1782349799.999991,36.45885330777834,3.274442386416069,166.83333333584997,0.0,0.3,MEDIUM
evt_002472,STARLINK-2494,STARLINK-3330,1782349799.999991,38.21766347332896,0.2088017917709215,166.83333333584997,0.0,0.05,LOW
evt_002473,STARLINK-2714,STARLINK-30113,1782349799.999991,45.81215793056949,1.853231058831653,166.83333333584997,0.0,0.3,MEDIUM
evt_002475,STARLINK-2695,STARLINK-37131,1782349799.999991,30.69109004186196,7.430688270946971,166.83333333584997,0.0,0.3,MEDIUM
evt_002476,STARLINK-2731,STARLINK-37170,1782349799.999991,27.709174191102328,7.432665493043703,166.83333333584997,0.0,0.3,MEDIUM
evt_002478,STARLINK-2707,STARLINK-3735,1782349799.999991,44.383720426776215,0.8305753619661194,166.83333333584997,0.0,0.05,LOW
evt_002480,STARLINK-3219,STARLINK-30594,1782349799.999991,40.272553199477365,0.0213761445431008,166.83333333584997,0.0,0.05,LOW
evt_002843,STARLINK-3219,STARLINK-30594,1782350399.9999957,46.07108307652848,0.0443360210866701,166.666666667925,5.798529877051109,0.05,LOW
evt_002481,STARLINK-3238,STARLINK-30214,1782349799.999991,35.229164137094465,2.7420427204549584,166.83333333584997,0.0,0.3,MEDIUM
evt_002482,STARLINK-3241,STARLINK-4505,1782349799.999991,36.73710927709895,8.20110748730498,166.83333333584997,0.0,0.3,MEDIUM
evt_002483,STARLINK-3210,STARLINK-35073,1782349799.999991,23.994037042872534,6.12564158859737,166.83333333584997,0.0,0.3,MEDIUM
evt_002484,STARLINK-3298,STARLINK-3276,1782349799.999991,24.307077656644488,1.594751546224525,166.83333333584997,0.0,0.3,MEDIUM
evt_002485,STARLINK-3271,STARLINK-3626,1782349799.999991,22.47094446391893,8.583861489358968,166.83333333584997,0.0,0.3,MEDIUM
evt_002486,STARLINK-3282,STARLINK-36456,1782349799.999991,24.76200396496562,10.843834664029655,166.83333333584997,0.0,0.3,MEDIUM
evt_002487,STARLINK-3257,STARLINK-35359,1782349799.999991,47.71385779570928,11.91127306972932,166.83333333584997,0.0,0.3,MEDIUM
evt_002488,STARLINK-3310,STARLINK-6059,1782349799.999991,49.53763942438699,2.931245157019161,166.83333333584997,0.0,0.3,MEDIUM
evt_002490,STARLINK-3243,STARLINK-35156,1782349799.999991,36.741821156131415,10.0996161556683,166.83333333584997,0.0,0.3,MEDIUM
evt_002491,STARLINK-3533,STARLINK-32729,1782349799.999991,43.35315670140311,11.237634530907863,166.83333333584997,0.0,0.3,MEDIUM
evt_002492,STARLINK-3526,STARLINK-33600,1782349799.999991,46.1214507470204,2.444616256434228,166.83333333584997,0.0,0.3,MEDIUM
evt_002493,STARLINK-3632,STARLINK-33578,1782349799.999991,33.178090326176566,4.57649054527163,166.83333333584997,0.0,0.3,MEDIUM
evt_002494,STARLINK-3634,STARLINK-35665,1782349799.999991,47.591447760195024,11.74210288665382,166.83333333584997,0.0,0.3,MEDIUM
evt_002495,STARLINK-3544,STARLINK-37191,1782349799.999991,46.38637048466137,1.7786289463755092,166.83333333584997,0.0,0.3,MEDIUM
evt_002496,STARLINK-3556,STARLINK-36417,1782349799.999991,26.36135915907812,14.727049101974602,166.83333333584997,0.0,0.3,MEDIUM
evt_002498,STARLINK-3587,STARLINK-32418,1782349799.999991,42.02178679337508,11.29163585477911,166.83333333584997,0.0,0.3,MEDIUM
evt_002499,STARLINK-3674,STARLINK-34176,1782349799.999991,48.854842450681794,0.4270977904237621,166.83333333584997,0.0,0.05,LOW
evt_007358,STARLINK-3674,STARLINK-34176,1782358200.0000134,20.706593901913447,0.4252362031684219,164.49999999629128,-28.148248548768347,0.05,LOW
evt_002500,STARLINK-3674,STARLINK-37272,1782349799.999991,29.882499404653945,1.056843825721915,166.83333333584997,0.0,0.3,MEDIUM
evt_002501,STARLINK-3687,STARLINK-31282,1782349799.999991,46.34633827370561,3.0078637123465035,166.83333333584997,0.0,0.3,MEDIUM
evt_002502,STARLINK-3735,STARLINK-35256,1782349799.999991,42.56477400832165,0.8726092333437979,166.83333333584997,0.0,0.05,LOW
evt_002503,STARLINK-3795,STARLINK-33737,1782349799.999991,41.620930335964495,1.2804189531038397,166.83333333584997,0.0,0.3,MEDIUM
evt_002504,STARLINK-3823,STARLINK-37000,1782349799.999991,48.66603927870733,12.210701074737996,166.83333333584997,0.0,0.3,MEDIUM
evt_002505,STARLINK-3843,STARLINK-4176,1782349799.999991,19.474067316305035,3.1301386514065013,166.83333333584997,0.0,0.3,MEDIUM
evt_002506,STARLINK-3850,STARLINK-4073,1782349799.999991,47.25019046217326,4.665851211614212,166.83333333584997,0.0,0.3,MEDIUM
evt_045478,STARLINK-3850,STARLINK-4073,1782424199.999982,45.496899717664775,4.66579624835216,146.16666667163372,-1.753290744508483,0.3,MEDIUM
evt_089778,STARLINK-3850,STARLINK-4073,1782498600.0000134,44.947801118465776,4.665748917040166,125.49999999629128,-0.5490985991989987,0.3,MEDIUM
evt_136258,STARLINK-3850,STARLINK-4073,1782573000.0000043,45.46794803591386,4.665707379381788,104.833333332075,0.5201469174480806,0.3,MEDIUM
evt_187154,STARLINK-3850,STARLINK-4073,1782647399.9999957,46.90509704870716,4.6656704775446185,84.16666666792499,1.4371490127932989,0.3,MEDIUM
evt_241321,STARLINK-3850,STARLINK-4073,1782721799.9999866,49.121149837452606,4.665637734212778,63.500000003708735,2.21605278874545,0.3,MEDIUM
evt_002507,STARLINK-3862,STARLINK-32008,1782349799.999991,49.899629891453806,0.0502401704710104,166.83333333584997,0.0,0.05,LOW
evt_002863,STARLINK-3862,STARLINK-32008,1782350399.9999957,35.71366810803649,0.0218546365967865,166.666666667925,-14.18596178341732,0.05,LOW
evt_003253,STARLINK-3862,STARLINK-32008,1782351000.0,35.80453765758496,0.0233749766674972,166.5,0.0908695495484721,0.05,LOW
evt_412707,STARLINK-3862,STARLINK-32008,1782943199.9999866,41.51676708183149,0.0297505577836107,2.0000000037087333,5.71222942424653,0.05,LOW
evt_413199,STARLINK-3862,STARLINK-32008,1782943799.999991,37.0002949316842,0.0250790584891182,1.833333335849974,-4.516472150147287,0.05,LOW
evt_002508,STARLINK-3925,STARLINK-5244,1782349799.999991,42.989220391375945,4.661770125861306,166.83333333584997,0.0,0.3,MEDIUM
evt_045482,STARLINK-3925,STARLINK-5244,1782424199.999982,42.91103327036108,4.661762044130683,146.16666667163372,-0.0781871210148636,0.3,MEDIUM
evt_089784,STARLINK-3925,STARLINK-5244,1782498600.0000134,43.35724245366869,4.661752669533335,125.49999999629128,0.4462091833076087,0.3,MEDIUM
evt_136259,STARLINK-3925,STARLINK-5244,1782573000.0000043,44.26231898713568,4.661742096599756,104.833333332075,0.905076533466989,0.3,MEDIUM
evt_187159,STARLINK-3925,STARLINK-5244,1782647399.9999957,45.55528892209945,4.661730454884468,84.16666666792499,1.2929699349637715,0.3,MEDIUM
evt_241323,STARLINK-3925,STARLINK-5244,1782721799.9999866,47.16658974763218,4.661717908940484,63.500000003708735,1.61130082553273,0.3,MEDIUM
evt_297495,STARLINK-3925,STARLINK-5244,1782796200.000018,49.03290742645789,4.661704658287486,42.83333332836628,1.866317678825709,0.3,MEDIUM
evt_002509,STARLINK-3948,STARLINK-32273,1782349799.999991,31.019729292472388,0.2748705578715288,166.83333333584997,0.0,0.05,LOW
evt_002510,STARLINK-3929,STARLINK-37524,1782349799.999991,44.45476214609335,14.645669771131198,166.83333333584997,0.0,0.3,MEDIUM
evt_002511,STARLINK-3901,STARLINK-34513,1782349799.999991,33.217609146250105,12.015395453083082,166.83333333584997,0.0,0.3,MEDIUM
evt_341560,STARLINK-3901,STARLINK-34513,1782851999.999991,23.2974853624784,12.033837989678876,27.33333333584997,-9.920123783771704,0.3,MEDIUM
evt_002512,STARLINK-3906,STARLINK-4482,1782349799.999991,44.74962390260637,4.628986660739615,166.83333333584997,0.0,0.3,MEDIUM
evt_045484,STARLINK-3906,STARLINK-4482,1782424199.999982,49.87324483564529,4.628988832365113,146.16666667163372,5.123620933038914,0.3,MEDIUM
evt_002513,STARLINK-4026,STARLINK-4595,1782349799.999991,41.953665987970005,4.68174653478848,166.83333333584997,0.0,0.3,MEDIUM
evt_045487,STARLINK-4026,STARLINK-4595,1782424199.999982,40.91584408228752,4.681700538243338,146.16666667163372,-1.037821905682485,0.3,MEDIUM
evt_089786,STARLINK-4026,STARLINK-4595,1782498600.0000134,40.28701272467035,4.681647800758881,125.49999999629128,-0.6288313576171731,0.3,MEDIUM
evt_136260,STARLINK-4026,STARLINK-4595,1782573000.0000043,40.14198419262501,4.681588587163549,104.833333332075,-0.1450285320453375,0.3,MEDIUM
evt_187163,STARLINK-4026,STARLINK-4595,1782647399.9999957,40.544466534784135,4.68152319951081,84.16666666792499,0.402482342159125,0.3,MEDIUM
evt_241324,STARLINK-4026,STARLINK-4595,1782721799.9999866,41.539046941645225,4.681451977105724,63.500000003708735,0.9945804068610896,0.3,MEDIUM
evt_297500,STARLINK-4026,STARLINK-4595,1782796200.000018,43.14629453659421,4.681375296525823,42.83333332836628,1.607247594948987,0.3,MEDIUM
evt_355992,STARLINK-4026,STARLINK-4595,1782870600.000009,45.36271693035547,4.681293571636218,22.166666664150025,2.216422393761256,0.3,MEDIUM
evt_414137,STARLINK-4026,STARLINK-4595,1782945000.0,48.16521009266078,4.68120725359883,1.5,2.80249316230531,0.3,MEDIUM
evt_002514,STARLINK-3968,STARLINK-33993,1782349799.999991,49.6177485690212,12.290008184072716,166.83333333584997,0.0,0.3,MEDIUM
evt_002515,STARLINK-4043,STARLINK-11562 [DTC],1782349799.999991,40.67184821136134,11.312125566457322,166.83333333584997,0.0,0.3,MEDIUM
evt_002516,STARLINK-4092,STARLINK-30344,1782349799.999991,27.51522165676856,3.4760992762224334,166.83333333584997,0.0,0.3,MEDIUM
evt_002517,STARLINK-4270,STARLINK-4577,1782349799.999991,46.91959513995212,3.1401227868947545,166.83333333584997,0.0,0.3,MEDIUM
evt_002518,STARLINK-4211,STARLINK-5161,1782349799.999991,42.96104320877371,1.0334555714908895,166.83333333584997,0.0,0.3,MEDIUM
evt_002520,STARLINK-4160,STARLINK-32376,1782349799.999991,43.28371957836701,0.0448967367141602,166.83333333584997,0.0,0.05,LOW
evt_002873,STARLINK-4160,STARLINK-32376,1782350399.9999957,38.97758119948951,0.0547614760695411,166.666666667925,-4.306138378877506,0.05,LOW
evt_002521,STARLINK-4370,STARLINK-4598,1782349799.999991,18.11587984835813,13.66148437515386,166.83333333584997,0.0,0.3,MEDIUM
evt_002522,STARLINK-4162,STARLINK-34591,1782349799.999991,37.88117165199518,2.0549478457034,166.83333333584997,0.0,0.3,MEDIUM
evt_002523,STARLINK-4492,STARLINK-4687,1782349799.999991,22.021505815951603,11.97701627994664,166.83333333584997,0.0,0.3,MEDIUM
evt_002524,STARLINK-4548,STARLINK-36967,1782349799.999991,42.38061107447484,11.336505984406546,166.83333333584997,0.0,0.3,MEDIUM
evt_002525,STARLINK-4383,STARLINK-36307,1782349799.999991,26.21213224012969,0.5036346080628615,166.83333333584997,0.0,0.05,LOW
evt_002526,STARLINK-4431,STARLINK-4455,1782349799.999991,44.9059723916485,0.1416626271001359,166.83333333584997,0.0,0.05,LOW
evt_002527,STARLINK-4672,STARLINK-35042,1782349799.999991,45.89488671568412,0.3594706499325591,166.83333333584997,0.0,0.05,LOW
evt_002528,STARLINK-4677,STARLINK-35251,1782349799.999991,38.42871137507709,13.07350472990384,166.83333333584997,0.0,0.3,MEDIUM
evt_002529,STARLINK-4660,STARLINK-34042,1782349799.999991,45.4166532588276,6.741433954203071,166.83333333584997,0.0,0.3,MEDIUM
evt_002530,STARLINK-4705,STARLINK-4662,1782349799.999991,47.90057612706688,1.0615340314816506,166.83333333584997,0.0,0.3,MEDIUM
evt_002531,STARLINK-4748,STARLINK-33989,1782349799.999991,43.86140835619737,12.264721454618728,166.83333333584997,0.0,0.3,MEDIUM
evt_002532,STARLINK-4778,STARLINK-37406,1782349799.999991,45.30863576384927,0.0479296439226856,166.83333333584997,0.0,0.05,LOW
evt_002883,STARLINK-4778,STARLINK-37406,1782350399.9999957,29.59091829218581,0.0442387726321688,166.666666667925,-15.71771747166346,0.05,LOW
evt_003276,STARLINK-4778,STARLINK-37406,1782351000.0,23.446975790903178,0.0340901986064739,166.5,-6.143942501282631,0.05,LOW
evt_003617,STARLINK-4778,STARLINK-37406,1782351600.0000043,29.093947812023643,0.0149995218027042,166.333333332075,5.646972021120465,0.05,LOW
evt_003939,STARLINK-4778,STARLINK-37406,1782352200.000009,30.905007394654376,0.0137927798387914,166.16666666415003,1.8110595826307327,0.05,LOW
evt_004283,STARLINK-4778,STARLINK-37406,1782352800.0000134,27.571033553588965,0.0345002734656633,165.99999999629128,-3.3339738410654114,0.05,LOW
evt_004645,STARLINK-4778,STARLINK-37406,1782353400.000018,31.945181226383617,0.0472308841389648,165.83333332836628,4.374147672794653,0.05,LOW
evt_004992,STARLINK-4778,STARLINK-37406,1782353999.999982,46.54526001019335,0.0524961056458673,165.66666667163372,14.600078783809728,0.05,LOW
evt_002533,STARLINK-4793,STARLINK-33936,1782349799.999991,37.16760041671749,3.3236376103481526,166.83333333584997,0.0,0.3,MEDIUM
evt_002534,STARLINK-5212,STARLINK-36619,1782349799.999991,17.432150764480518,3.84117488089644,166.83333333584997,0.0,0.3,MEDIUM
evt_002535,STARLINK-5161,STARLINK-35632,1782349799.999991,32.687165970196304,2.027844062163202,166.83333333584997,0.0,0.3,MEDIUM
evt_002538,STARLINK-5382,STARLINK-31782,1782349799.999991,39.08286333592595,7.61751605076012,166.83333333584997,0.0,0.3,MEDIUM
evt_288840,STARLINK-5382,STARLINK-31782,1782784800.0000134,40.603901865755326,7.617644127029716,45.99999999629127,1.5210385298293758,0.3,MEDIUM
evt_002539,STARLINK-5387,STARLINK-31066,1782349799.999991,38.17083227816689,7.8716439987163875,166.83333333584997,0.0,0.3,MEDIUM
evt_288843,STARLINK-5387,STARLINK-31066,1782784800.0000134,46.0423822414256,7.871519107070376,45.99999999629127,7.871549963258708,0.3,MEDIUM
evt_342050,STARLINK-5387,STARLINK-31066,1782852599.9999957,47.02863412835167,7.871457789432449,27.166666667924986,0.9862518869260696,0.3,MEDIUM
evt_002540,STARLINK-5400,STARLINK-36740,1782349799.999991,30.285820972106755,6.98532764365978,166.83333333584997,0.0,0.3,MEDIUM
evt_002541,STARLINK-5359,STARLINK-34752,1782349799.999991,22.759856739549647,4.712378426592843,166.83333333584997,0.0,0.3,MEDIUM
evt_002542,STARLINK-5655,STARLINK-34603,1782349799.999991,36.65053435736596,3.2184764712903795,166.83333333584997,0.0,0.3,MEDIUM
evt_002543,STARLINK-5666,STARLINK-35658,1782349799.999991,30.044826055118765,11.132201046359276,166.83333333584997,0.0,0.3,MEDIUM
evt_002544,STARLINK-5641,STARLINK-5771,1782349799.999991,40.96709116816188,7.894043848228701,166.83333333584997,0.0,0.3,MEDIUM
evt_041638,STARLINK-5641,STARLINK-5771,1782417600.0000134,45.7349280366933,7.893982266300968,147.99999999629128,4.767836868531425,0.3,MEDIUM
evt_002545,STARLINK-5569,STARLINK-36326,1782349799.999991,43.08912565403656,7.622596155541143,166.83333333584997,0.0,0.3,MEDIUM
evt_002546,STARLINK-5571,STARLINK-36526,1782349799.999991,43.28639448119914,0.6977209091860429,166.83333333584997,0.0,0.05,LOW
evt_002547,STARLINK-5699,STARLINK-31932,1782349799.999991,43.13680251187532,0.0431200715946765,166.83333333584997,0.0,0.05,LOW
evt_002894,STARLINK-5699,STARLINK-31932,1782350399.9999957,34.86119188681545,0.0251729405337466,166.666666667925,-8.275610625059869,0.05,LOW
evt_003287,STARLINK-5699,STARLINK-31932,1782351000.0,24.212870481186958,0.0201410182503148,166.5,-10.648321405628494,0.05,LOW
evt_003629,STARLINK-5699,STARLINK-31932,1782351600.0000043,15.825315717835595,0.0274608304450474,166.333333332075,-8.387554763351359,0.3,MEDIUM
evt_003950,STARLINK-5699,STARLINK-31932,1782352200.000009,23.9031829774124,0.0313164720746379,166.16666666415003,8.0778672595768,0.05,LOW
evt_004292,STARLINK-5699,STARLINK-31932,1782352800.0000134,36.73799587993442,0.0335009147672918,165.99999999629128,12.83481290252202,0.05,LOW
evt_004661,STARLINK-5699,STARLINK-31932,1782353400.000018,45.08259716163633,0.0429234124716235,165.83333332836628,8.344601281701912,0.05,LOW
evt_002548,STARLINK-5695,STARLINK-32290,1782349799.999991,31.66079929750316,7.184763632963022,166.83333333584997,0.0,0.3,MEDIUM
evt_002549,STARLINK-5704,STARLINK-35086,1782349799.999991,34.40522483531305,9.518964074802158,166.83333333584997,0.0,0.3,MEDIUM
evt_002550,STARLINK-5141,STARLINK-32720,1782349799.999991,42.23022278272852,8.9040064966691,166.83333333584997,0.0,0.3,MEDIUM
evt_002551,STARLINK-5760,STARLINK-31706,1782349799.999991,45.726678483721,2.8596004940307136,166.83333333584997,0.0,0.3,MEDIUM
evt_002552,STARLINK-5720,STARLINK-35531,1782349799.999991,20.08624882087617,10.763137713056814,166.83333333584997,0.0,0.3,MEDIUM
evt_002553,STARLINK-5913,STARLINK-34980,1782349799.999991,42.9590822000901,14.741430876453888,166.83333333584997,0.0,0.3,MEDIUM
evt_002554,STARLINK-5917,STARLINK-34842,1782349799.999991,48.31536495971703,14.759572226811724,166.83333333584997,0.0,0.3,MEDIUM
evt_002555,STARLINK-5893,STARLINK-32918,1782349799.999991,45.29847228854143,10.051654094536351,166.83333333584997,0.0,0.3,MEDIUM
evt_002556,STARLINK-5794,STARLINK-37760,1782349799.999991,22.442139940591197,7.08799578735746,166.83333333584997,0.0,0.3,MEDIUM
evt_002557,STARLINK-5941,STARLINK-32369,1782349799.999991,13.90103370961468,3.1000472970807285,166.83333333584997,0.0,0.3,MEDIUM
evt_002558,STARLINK-5942,STARLINK-34840,1782349799.999991,36.31781626647228,7.552920020747553,166.83333333584997,0.0,0.3,MEDIUM
evt_002559,STARLINK-5793,STARLINK-36749,1782349799.999991,23.25707724768,9.993322062164076,166.83333333584997,0.0,0.3,MEDIUM
evt_002560,STARLINK-6075,STARLINK-35902,1782349799.999991,41.77708411960901,7.826270375507277,166.83333333584997,0.0,0.3,MEDIUM
evt_002561,STARLINK-6075,STARLINK-37305,1782349799.999991,43.31720719729008,2.424627990878436,166.83333333584997,0.0,0.3,MEDIUM
evt_002562,STARLINK-6122,STARLINK-35232,1782349799.999991,34.1652585237852,10.322608664366474,166.83333333584997,0.0,0.3,MEDIUM
evt_002563,STARLINK-5089,STARLINK-30776,1782349799.999991,48.11448426372687,1.4180687891775408,166.83333333584997,0.0,0.3,MEDIUM
evt_002564,STARLINK-30095,STARLINK-36179,1782349799.999991,39.42214445617698,1.280362402616905,166.83333333584997,0.0,0.3,MEDIUM
evt_030133,STARLINK-30095,STARLINK-36179,1782397799.9999866,45.72025546606283,1.2787028485295142,153.50000000370872,6.298111009885851,0.3,MEDIUM
evt_041647,STARLINK-30095,STARLINK-36179,1782417600.0000134,46.51376402598261,1.2805197704708533,147.99999999629128,0.7935085599197791,0.3,MEDIUM
evt_002565,STARLINK-6287,STARLINK-37302,1782349799.999991,40.55266087433513,12.200521002395703,166.83333333584997,0.0,0.3,MEDIUM
evt_002566,STARLINK-6285,STARLINK-36789,1782349799.999991,49.73097247201174,14.253035136666124,166.83333333584997,0.0,0.3,MEDIUM
evt_002567,STARLINK-6279,STARLINK-37143,1782349799.999991,24.83801093895645,8.172410957585003,166.83333333584997,0.0,0.3,MEDIUM
evt_002568,STARLINK-6280,STARLINK-32221,1782349799.999991,34.39899491840483,2.001266442946416,166.83333333584997,0.0,0.3,MEDIUM
evt_002569,STARLINK-6187,STARLINK-32169,1782349799.999991,25.49353974114481,11.299355808166892,166.83333333584997,0.0,0.3,MEDIUM
evt_002570,STARLINK-30132,STARLINK-34542,1782349799.999991,15.32715137990654,11.08715837426522,166.83333333584997,0.0,0.3,MEDIUM
evt_002571,STARLINK-5805,STARLINK-36559,1782349799.999991,43.29699323160734,12.994721274985302,166.83333333584997,0.0,0.3,MEDIUM
evt_002572,STARLINK-5960,STARLINK-32046,1782349799.999991,26.05603121091843,1.353208364824504,166.83333333584997,0.0,0.3,MEDIUM
evt_002573,STARLINK-5828,STARLINK-34823,1782349799.999991,35.965411865270084,11.353585925786588,166.83333333584997,0.0,0.3,MEDIUM
evt_002574,STARLINK-5525,STARLINK-35085,1782349799.999991,27.008322480341818,5.101858354124818,166.83333333584997,0.0,0.3,MEDIUM
evt_002575,STARLINK-6363,STARLINK-35314,1782349799.999991,29.94414236141434,4.702463795975723,166.83333333584997,0.0,0.3,MEDIUM
evt_002576,STARLINK-30222,STARLINK-34349,1782349799.999991,48.13289061296752,8.855901847278297,166.83333333584997,0.0,0.3,MEDIUM
evt_002577,STARLINK-30158,STARLINK-35473,1782349799.999991,25.0055254510662,1.8611033962796368,166.83333333584997,0.0,0.3,MEDIUM
evt_002578,STARLINK-30216,STARLINK-35293,1782349799.999991,47.25192937610753,4.797329856732863,166.83333333584997,0.0,0.3,MEDIUM
evt_002579,STARLINK-30219,STARLINK-32548,1782349799.999991,47.0063936333825,9.08819758212541,166.83333333584997,0.0,0.3,MEDIUM
evt_002580,STARLINK-30326,STARLINK-35303,1782349799.999991,49.230939004700645,5.101020980862297,166.83333333584997,0.0,0.3,MEDIUM
evt_002581,STARLINK-30271,STARLINK-36882,1782349799.999991,23.389038925834004,12.993230489962428,166.83333333584997,0.0,0.3,MEDIUM
evt_002582,STARLINK-30297,STARLINK-34661,1782349799.999991,44.36458003595818,11.401064148714292,166.83333333584997,0.0,0.3,MEDIUM
evt_002583,STARLINK-30333,STARLINK-33944,1782349799.999991,34.22844737992475,3.1743719952333294,166.83333333584997,0.0,0.3,MEDIUM
evt_002584,STARLINK-30287,STARLINK-36638,1782349799.999991,16.52908569257265,7.032199918282946,166.83333333584997,0.0,0.3,MEDIUM
evt_002585,STARLINK-30397,STARLINK-35111,1782349799.999991,24.16086332560051,11.316590916970275,166.83333333584997,0.0,0.3,MEDIUM
evt_002586,STARLINK-30418,STARLINK-36130,1782349799.999991,29.560978514130063,10.273468250804406,166.83333333584997,0.0,0.3,MEDIUM
evt_002588,STARLINK-30425,STARLINK-34566,1782349799.999991,18.848090005137777,4.47648517490191,166.83333333584997,0.0,0.3,MEDIUM
evt_002589,STARLINK-30282,STARLINK-30804,1782349799.999991,25.621292021682557,4.269166653789676,166.83333333584997,0.0,0.3,MEDIUM
evt_002590,STARLINK-30282,STARLINK-33922,1782349799.999991,39.77288112230668,4.265779423345199,166.83333333584997,0.0,0.3,MEDIUM
evt_002591,STARLINK-30465,STARLINK-36972,1782349799.999991,41.53247676809242,3.1756805848557,166.83333333584997,0.0,0.3,MEDIUM
evt_002592,STARLINK-30501,STARLINK-30831,1782349799.999991,25.697348210745144,1.3658459345386678,166.83333333584997,0.0,0.3,MEDIUM
evt_002593,STARLINK-30520,STARLINK-35557,1782349799.999991,32.497212143152765,3.896654347720275,166.83333333584997,0.0,0.3,MEDIUM
evt_002594,STARLINK-30561,STARLINK-34112,1782349799.999991,12.76674365305088,1.683136047109957,166.83333333584997,0.0,0.3,MEDIUM
evt_002595,STARLINK-30584,STARLINK-35303,1782349799.999991,41.00202257695243,3.824017422077235,166.83333333584997,0.0,0.3,MEDIUM
evt_002596,STARLINK-30802,STARLINK-31248,1782349799.999991,42.15905779434031,0.4432241704590463,166.83333333584997,0.0,0.05,LOW
evt_002598,STARLINK-30789,STARLINK-34813,1782349799.999991,42.92381377635756,2.6744416681101617,166.83333333584997,0.0,0.3,MEDIUM
evt_002599,STARLINK-30785,STARLINK-34594,1782349799.999991,41.64562873144886,1.610325075459076,166.83333333584997,0.0,0.3,MEDIUM
evt_002600,STARLINK-30855,STARLINK-35398,1782349799.999991,43.04697722651053,2.0850972359873268,166.83333333584997,0.0,0.3,MEDIUM
evt_002601,STARLINK-30808,STARLINK-31126,1782349799.999991,39.11182495732143,10.239992610393664,166.83333333584997,0.0,0.3,MEDIUM
evt_002602,STARLINK-30888,STARLINK-34352,1782349799.999991,40.72386320483732,10.127192667755187,166.83333333584997,0.0,0.3,MEDIUM
evt_002603,STARLINK-30920,STARLINK-36237,1782349799.999991,37.31671118656788,0.5815295494312313,166.83333333584997,0.0,0.05,LOW
evt_002604,STARLINK-30934,STARLINK-34220,1782349799.999991,29.89664062171355,1.5538259581071088,166.83333333584997,0.0,0.3,MEDIUM
evt_002605,STARLINK-30906,STARLINK-35523,1782349799.999991,43.6139799470428,10.79163844921556,166.83333333584997,0.0,0.3,MEDIUM
evt_002606,STARLINK-30991,STARLINK-37174,1782349799.999991,41.329705906737786,7.946140976187169,166.83333333584997,0.0,0.3,MEDIUM
evt_002607,STARLINK-31021,STARLINK-31214,1782349799.999991,48.83229585320164,9.927900337534378,166.83333333584997,0.0,0.3,MEDIUM
evt_288952,STARLINK-31021,STARLINK-31214,1782784800.0000134,45.56253152898921,9.928217530932304,45.99999999629127,-3.2697643242124244,0.3,MEDIUM
evt_002608,STARLINK-31037,STARLINK-32310,1782349799.999991,14.91438289887921,3.0634839765063964,166.83333333584997,0.0,0.3,MEDIUM
evt_002609,STARLINK-31055,STARLINK-35578,1782349799.999991,22.63688794548918,0.1814330837925412,166.83333333584997,0.0,0.05,LOW
evt_002610,STARLINK-31030,STARLINK-33734,1782349799.999991,37.50404544512663,0.146893164118994,166.83333333584997,0.0,0.05,LOW
evt_004361,STARLINK-31030,STARLINK-33734,1782352800.0000134,35.14127572242309,0.148390023444862,165.99999999629128,-2.36276972270354,0.05,LOW
evt_002611,STARLINK-31081,STARLINK-35681,1782349799.999991,48.91883807684576,9.098597807898722,166.83333333584997,0.0,0.3,MEDIUM
evt_002612,STARLINK-11075 [DTC],STARLINK-11634 [DTC],1782349799.999991,47.980052464648026,9.59357030603125,166.83333333584997,0.0,0.3,MEDIUM
evt_002613,STARLINK-31102,STARLINK-34150,1782349799.999991,27.398637913431845,2.4825972986941216,166.83333333584997,0.0,0.3,MEDIUM
evt_002614,STARLINK-31102,STARLINK-36634,1782349799.999991,27.46783751899069,14.327749995946313,166.83333333584997,0.0,0.3,MEDIUM
evt_002615,STARLINK-31051,STARLINK-35208,1782349799.999991,22.9782252282036,6.36947774095716,166.83333333584997,0.0,0.3,MEDIUM
evt_002616,STARLINK-31180,STARLINK-35182,1782349799.999991,34.04798616132812,11.138232389467689,166.83333333584997,0.0,0.3,MEDIUM
evt_002617,STARLINK-31164,STARLINK-34400,1782349799.999991,44.019945992420965,2.4516913182831552,166.83333333584997,0.0,0.3,MEDIUM
evt_002618,STARLINK-31073,STARLINK-32163,1782349799.999991,29.06080238005981,3.976069473709325,166.83333333584997,0.0,0.3,MEDIUM
evt_002619,STARLINK-31132,STARLINK-35648,1782349799.999991,49.91650393285119,8.393320708810021,166.83333333584997,0.0,0.3,MEDIUM
evt_002620,STARLINK-31271,STARLINK-32701,1782349799.999991,35.6742099299128,2.636131728356667,166.83333333584997,0.0,0.3,MEDIUM
evt_002621,STARLINK-31236,STARLINK-34881,1782349799.999991,48.70500722124464,0.1842466203629718,166.83333333584997,0.0,0.05,LOW
evt_004023,STARLINK-31236,STARLINK-34881,1782352200.000009,38.95687235230248,0.1833176833007589,166.16666666415003,-9.74813486894216,0.05,LOW
evt_005788,STARLINK-31236,STARLINK-34881,1782355199.999991,14.421313965688016,0.1877600542377223,165.33333333584997,-24.53555838661447,0.3,MEDIUM
evt_007467,STARLINK-31236,STARLINK-34881,1782358200.0000134,45.11085562123082,0.1885413030236615,164.49999999629128,30.689541655542804,0.05,LOW
evt_002622,STARLINK-31219,STARLINK-32775,1782349799.999991,42.74689339830039,7.629965103038268,166.83333333584997,0.0,0.3,MEDIUM
evt_111078,STARLINK-31219,STARLINK-32775,1782533399.999991,35.89113614499215,7.622477867914191,115.83333333584996,-6.855757253308234,0.3,MEDIUM
evt_002623,STARLINK-31300,STARLINK-32423,1782349799.999991,27.644675949737888,0.1333723134422284,166.83333333584997,0.0,0.05,LOW
evt_004025,STARLINK-31300,STARLINK-32423,1782352200.000009,38.40448896810019,0.1295169947609364,166.16666666415003,10.7598130183623,0.05,LOW
evt_002624,STARLINK-31390,STARLINK-35990,1782349799.999991,45.16472571629303,5.509611292233672,166.83333333584997,0.0,0.3,MEDIUM
evt_002625,STARLINK-31449,STARLINK-36343,1782349799.999991,14.402355163424032,14.440969732907748,166.83333333584997,0.0,0.3,MEDIUM
evt_002627,STARLINK-31351,STARLINK-33592,1782349799.999991,49.33322626764668,2.5608715652331875,166.83333333584997,0.0,0.3,MEDIUM
evt_002628,STARLINK-31361,STARLINK-36626,1782349799.999991,39.63206632298068,10.64674457011673,166.83333333584997,0.0,0.3,MEDIUM
evt_002629,STARLINK-31369,STARLINK-36382,1782349799.999991,40.65907992660902,14.430153986262138,166.83333333584997,0.0,0.3,MEDIUM
evt_002630,STARLINK-31384,STARLINK-31603,1782349799.999991,14.003252155677544,11.46443965567282,166.83333333584997,0.0,0.3,MEDIUM
evt_002631,STARLINK-31528,STARLINK-32403,1782349799.999991,24.72058920968202,3.3588696264685463,166.83333333584997,0.0,0.3,MEDIUM
evt_002632,STARLINK-31153,STARLINK-36850,1782349799.999991,37.68088541545167,6.957842100510937,166.83333333584997,0.0,0.3,MEDIUM
evt_002633,STARLINK-31329,STARLINK-34699,1782349799.999991,31.86118061949236,1.979221852184144,166.83333333584997,0.0,0.3,MEDIUM
evt_002634,STARLINK-31394,STARLINK-37042,1782349799.999991,40.5803337592704,2.133820504416691,166.83333333584997,0.0,0.3,MEDIUM
evt_002636,STARLINK-31499,STARLINK-31996,1782349799.999991,13.268217187894065,10.396938999375996,166.83333333584997,0.0,0.3,MEDIUM
evt_002637,STARLINK-31421,STARLINK-35526,1782349799.999991,35.80584581439735,1.3145981261234203,166.83333333584997,0.0,0.3,MEDIUM
evt_002638,STARLINK-31438,STARLINK-36706,1782349799.999991,26.563081053870416,8.032009230329754,166.83333333584997,0.0,0.3,MEDIUM
evt_002639,STARLINK-31652,STARLINK-32747,1782349799.999991,36.87046683890554,1.6757941211083554,166.83333333584997,0.0,0.3,MEDIUM
evt_002640,STARLINK-31646,STARLINK-34828,1782349799.999991,20.24281893910357,1.391743657185484,166.83333333584997,0.0,0.3,MEDIUM
evt_002641,STARLINK-31616,STARLINK-31679,1782349799.999991,37.504800657500645,2.295680127423369,166.83333333584997,0.0,0.3,MEDIUM
evt_002642,STARLINK-31464,STARLINK-34045,1782349799.999991,47.1564799213569,5.0379409671452215,166.83333333584997,0.0,0.3,MEDIUM
evt_002643,STARLINK-31600,STARLINK-37085,1782349799.999991,49.796690534368494,11.145171133925473,166.83333333584997,0.0,0.3,MEDIUM
evt_002644,STARLINK-31615,STARLINK-32170,1782349799.999991,33.34114932184794,1.4619265937729005,166.83333333584997,0.0,0.3,MEDIUM
evt_002645,STARLINK-31404,STARLINK-35259,1782349799.999991,21.05968210507914,3.609282017882988,166.83333333584997,0.0,0.3,MEDIUM
evt_002646,STARLINK-31540,STARLINK-35241,1782349799.999991,32.697937633337865,3.689187999770534,166.83333333584997,0.0,0.3,MEDIUM
evt_002647,STARLINK-31470,STARLINK-32222,1782349799.999991,23.24541767736429,4.313331487799989,166.83333333584997,0.0,0.3,MEDIUM
evt_002648,STARLINK-31662,STARLINK-37059,1782349799.999991,49.16166322895671,7.670052692078516,166.83333333584997,0.0,0.3,MEDIUM
evt_002649,STARLINK-31770,STARLINK-35528,1782349799.999991,48.10268356006488,11.335285410190126,166.83333333584997,0.0,0.3,MEDIUM
evt_002650,STARLINK-31768,STARLINK-37070,1782349799.999991,45.36417882386903,2.9210283559382533,166.83333333584997,0.0,0.3,MEDIUM
evt_002651,STARLINK-31769,STARLINK-32345,1782349799.999991,32.8031885869262,1.493253919295931,166.83333333584997,0.0,0.3,MEDIUM
evt_002652,STARLINK-31727,STARLINK-37228,1782349799.999991,45.545630623228085,3.307982281794488,166.83333333584997,0.0,0.3,MEDIUM
evt_002653,STARLINK-31796,STARLINK-31822,1782349799.999991,20.326874196304885,3.8618820109471375,166.83333333584997,0.0,0.3,MEDIUM
evt_041747,STARLINK-31796,STARLINK-31822,1782417600.0000134,37.62398251298003,3.861676449806229,147.99999999629128,17.297108316675143,0.3,MEDIUM
evt_002654,STARLINK-31886,STARLINK-36070,1782349799.999991,49.1590428586052,5.05896317043169,166.83333333584997,0.0,0.3,MEDIUM
evt_002656,STARLINK-31707,STARLINK-34197,1782349799.999991,48.77616021912584,2.0317610772504504,166.83333333584997,0.0,0.3,MEDIUM
evt_002657,STARLINK-31726,STARLINK-33950,1782349799.999991,45.37014363099582,10.802540390823555,166.83333333584997,0.0,0.3,MEDIUM
evt_002658,STARLINK-31940,STARLINK-37211,1782349799.999991,32.682872409241284,7.020996421932153,166.83333333584997,0.0,0.3,MEDIUM
evt_002659,STARLINK-31993,STARLINK-32013,1782349799.999991,22.15749460653468,2.923642087121914,166.83333333584997,0.0,0.3,MEDIUM
evt_002660,STARLINK-31883,STARLINK-32873,1782349799.999991,28.394574369013714,5.46527121841509,166.83333333584997,0.0,0.3,MEDIUM
evt_002661,STARLINK-31437,STARLINK-34043,1782349799.999991,49.630874286714,2.174287905486905,166.83333333584997,0.0,0.3,MEDIUM
evt_002662,STARLINK-31954,STARLINK-35264,1782349799.999991,19.971673578824568,2.9616116275011715,166.83333333584997,0.0,0.3,MEDIUM
evt_002663,STARLINK-32145,STARLINK-34116,1782349799.999991,40.50760359354884,9.330868291005366,166.83333333584997,0.0,0.3,MEDIUM
evt_002664,STARLINK-32120,STARLINK-37515,1782349799.999991,49.617179605146056,12.03284040066004,166.83333333584997,0.0,0.3,MEDIUM
evt_002667,STARLINK-32159,STARLINK-34226,1782349799.999991,47.03382540022324,6.491672570386784,166.83333333584997,0.0,0.3,MEDIUM
evt_002668,STARLINK-32134,STARLINK-34065,1782349799.999991,28.01813817716881,1.596752526721221,166.83333333584997,0.0,0.3,MEDIUM
evt_002669,STARLINK-32203,STARLINK-36363,1782349799.999991,29.05865096342512,14.760823845710444,166.83333333584997,0.0,0.3,MEDIUM
evt_002670,STARLINK-32287,STARLINK-32180,1782349799.999991,46.16457756790141,0.0795808571565086,166.83333333584997,0.0,0.05,LOW
evt_003024,STARLINK-32287,STARLINK-32180,1782350399.9999957,34.91177253639735,0.0815472059701504,166.666666667925,-11.252805031504051,0.05,LOW
evt_004424,STARLINK-32287,STARLINK-32180,1782352800.0000134,19.83925245832632,0.0753231972065361,165.99999999629128,-15.07252007807103,0.3,MEDIUM
evt_004768,STARLINK-32287,STARLINK-32180,1782353400.000018,29.882647762455008,0.0696954185067671,165.83333332836628,10.043395304128689,0.05,LOW
evt_005824,STARLINK-32287,STARLINK-32180,1782355199.999991,45.0082595286135,0.0588467447695472,165.33333333584997,15.125611766158492,0.05,LOW
evt_006161,STARLINK-32287,STARLINK-32180,1782355799.9999957,12.993067737330827,0.0773886171207971,165.166666667925,-32.015191791282675,0.3,MEDIUM
evt_006477,STARLINK-32287,STARLINK-32180,1782356400.0,44.23915432759531,0.0643848524548114,165.0,31.246086590264483,0.05,LOW
evt_007509,STARLINK-32287,STARLINK-32180,1782358200.0000134,46.10658985122729,0.0756653328813338,164.49999999629128,1.8674355236319824,0.05,LOW
evt_007862,STARLINK-32287,STARLINK-32180,1782358800.000018,38.26667080296826,0.0854674630926088,164.33333332836628,-7.839919048259027,0.05,LOW
evt_002671,STARLINK-32281,STARLINK-35306,1782349799.999991,49.54395855726957,11.318454744469271,166.83333333584997,0.0,0.3,MEDIUM
evt_002672,STARLINK-32177,STARLINK-32537,1782349799.999991,38.55597101274983,3.831415921368237,166.83333333584997,0.0,0.3,MEDIUM
evt_002674,STARLINK-32248,STARLINK-33958,1782349799.999991,46.16882104557087,1.5792090585677336,166.83333333584997,0.0,0.3,MEDIUM
evt_002675,STARLINK-11325 [DTC],STARLINK-37757,1782349799.999991,44.38103765081607,11.484065784892335,166.83333333584997,0.0,0.3,MEDIUM
evt_002676,STARLINK-11357 [DTC],STARLINK-11633 [DTC],1782349799.999991,46.05945291308022,8.181563360040066,166.83333333584997,0.0,0.3,MEDIUM
evt_002677,STARLINK-32301,STARLINK-32828,1782349799.999991,49.77862012620383,12.220005360510765,166.83333333584997,0.0,0.3,MEDIUM
evt_002679,STARLINK-32511,STARLINK-33822,1782349799.999991,40.57686944893226,11.131405892160094,166.83333333584997,0.0,0.3,MEDIUM
evt_002680,STARLINK-32379,STARLINK-34281,1782349799.999991,28.95917601230277,1.4549416396517023,166.83333333584997,0.0,0.3,MEDIUM
evt_002681,STARLINK-32377,STARLINK-36294,1782349799.999991,46.902249251127294,0.4386872418075884,166.83333333584997,0.0,0.05,LOW
evt_007522,STARLINK-32377,STARLINK-36294,1782358200.0000134,21.79177185059592,0.4403645281353621,164.49999999629128,-25.110477400531373,0.05,LOW
evt_012370,STARLINK-32377,STARLINK-36294,1782366599.9999957,48.01979205623354,0.4430244327424216,162.166666667925,26.22802020563762,0.05,LOW
evt_002682,STARLINK-32595,STARLINK-36285,1782349799.999991,31.22407809536589,2.923645539142776,166.83333333584997,0.0,0.3,MEDIUM
evt_002683,STARLINK-32623,STARLINK-35148,1782349799.999991,45.6041732763582,3.4867658437685387,166.83333333584997,0.0,0.3,MEDIUM
evt_002685,STARLINK-33564,STARLINK-34219,1782349799.999991,38.06955638113365,1.5659668039652024,166.83333333584997,0.0,0.3,MEDIUM
evt_036810,STARLINK-33564,STARLINK-34219,1782409199.999991,45.10466453968661,1.6043665003257337,150.33333333584997,7.035108158552959,0.3,MEDIUM
evt_002687,STARLINK-32597,STARLINK-35705,1782349799.999991,42.34226461971458,9.28693803818362,166.83333333584997,0.0,0.3,MEDIUM
evt_002688,STARLINK-32649,STARLINK-36546,1782349799.999991,36.11852719788428,8.425218761298341,166.83333333584997,0.0,0.3,MEDIUM
evt_002689,STARLINK-32651,STARLINK-34212,1782349799.999991,43.38981130020785,10.569353866828664,166.83333333584997,0.0,0.3,MEDIUM
evt_002690,STARLINK-32709,STARLINK-33688,1782349799.999991,29.5916533890558,11.356108540912253,166.83333333584997,0.0,0.3,MEDIUM
evt_002691,STARLINK-32744,STARLINK-36142,1782349799.999991,39.60838149454901,7.630446886731577,166.83333333584997,0.0,0.3,MEDIUM
evt_364263,STARLINK-32744,STARLINK-36142,1782880800.0000043,36.229828410408615,7.630770723615539,19.33333333207501,-3.378553084140393,0.3,MEDIUM
evt_002692,STARLINK-33593,STARLINK-37153,1782349799.999991,37.34877489137085,13.83781907635681,166.83333333584997,0.0,0.3,MEDIUM
evt_002694,STARLINK-32807,STARLINK-35557,1782349799.999991,44.16896817875976,5.160138524010124,166.83333333584997,0.0,0.3,MEDIUM
evt_002695,STARLINK-33628,STARLINK-34206,1782349799.999991,44.26902512411915,6.06960238295509,166.83333333584997,0.0,0.3,MEDIUM
evt_002696,STARLINK-32938,STARLINK-36715,1782349799.999991,35.168140558359305,11.148093488765896,166.83333333584997,0.0,0.3,MEDIUM
evt_002697,STARLINK-33617,STARLINK-35835,1782349799.999991,21.770900588569848,11.318618029474589,166.83333333584997,0.0,0.3,MEDIUM
evt_002698,STARLINK-33709,STARLINK-37097,1782349799.999991,29.59601415570452,6.654074024865773,166.83333333584997,0.0,0.3,MEDIUM
evt_002699,STARLINK-33726,STARLINK-33819,1782349799.999991,47.56210450376352,0.1503342779640416,166.83333333584997,0.0,0.05,LOW
evt_002701,STARLINK-33819,STARLINK-35968,1782349799.999991,17.2720711071215,0.2791160855719952,166.83333333584997,0.0,0.3,MEDIUM
evt_002703,STARLINK-33772,STARLINK-33868,1782349799.999991,44.25929405407652,3.912711713920389,166.83333333584997,0.0,0.3,MEDIUM
evt_002704,STARLINK-33995,STARLINK-34129,1782349799.999991,22.88738578580737,9.358169586419674,166.83333333584997,0.0,0.3,MEDIUM
evt_002705,STARLINK-33915,STARLINK-35809,1782349799.999991,41.0597290501673,1.1135903767066295,166.83333333584997,0.0,0.3,MEDIUM
evt_002706,STARLINK-34150,STARLINK-36634,1782349799.999991,48.417790684002014,13.278087946479124,166.83333333584997,0.0,0.3,MEDIUM
evt_002707,STARLINK-34082,STARLINK-35983,1782349799.999991,22.17068779538256,0.4162182553412028,166.83333333584997,0.0,0.05,LOW
evt_002708,STARLINK-34104,STARLINK-36751,1782349799.999991,30.153139259874525,6.10305935537521,166.83333333584997,0.0,0.3,MEDIUM
evt_002709,STARLINK-34176,STARLINK-37272,1782349799.999991,43.11608179919248,0.6342005972547077,166.83333333584997,0.0,0.05,LOW
evt_002710,STARLINK-34341,STARLINK-34529,1782349799.999991,41.19387235421703,15.021088921934762,166.83333333584997,0.0,0.3,MEDIUM
evt_002712,STARLINK-34214,STARLINK-37156,1782349799.999991,41.081394224679215,11.16896169537712,166.83333333584997,0.0,0.3,MEDIUM
evt_002713,STARLINK-33865,STARLINK-37488,1782349799.999991,49.02243415316389,13.32275506663255,166.83333333584997,0.0,0.3,MEDIUM
evt_002716,STARLINK-11732 [DTC],STARLINK-37583,1782349799.999991,40.32386532039611,6.273345170324321,166.83333333584997,0.0,0.3,MEDIUM
evt_002717,STARLINK-34336,STARLINK-35926,1782349799.999991,44.483371122545,5.1206459567996125,166.83333333584997,0.0,0.3,MEDIUM
evt_002719,STARLINK-34523,STARLINK-34420,1782349799.999991,33.80173463952374,0.3009516453300228,166.83333333584997,0.0,0.05,LOW
evt_002720,STARLINK-34527,STARLINK-37240,1782349799.999991,46.63134892528735,8.336583638692531,166.83333333584997,0.0,0.3,MEDIUM
evt_002722,STARLINK-34513,STARLINK-36418,1782349799.999991,36.5743131146237,11.082757293064,166.83333333584997,0.0,0.3,MEDIUM
evt_002723,STARLINK-34559,STARLINK-34836,1782349799.999991,45.086587901742085,3.589353277038501,166.83333333584997,0.0,0.3,MEDIUM
evt_002724,STARLINK-34235,STARLINK-35848,1782349799.999991,28.179042553995128,0.9930737823578766,166.83333333584997,0.0,0.05,LOW
evt_002725,STARLINK-34612,STARLINK-35834,1782349799.999991,22.120305988094064,1.3554745630595062,166.83333333584997,0.0,0.3,MEDIUM
evt_002727,STARLINK-34700,STARLINK-36622,1782349799.999991,38.06204078641563,5.737383840467387,166.83333333584997,0.0,0.3,MEDIUM
evt_002728,STARLINK-34543,STARLINK-35556,1782349799.999991,21.943476274470004,6.45899109258646,166.83333333584997,0.0,0.3,MEDIUM
evt_002729,STARLINK-34751,STARLINK-35490,1782349799.999991,31.276332232672637,4.077976201860267,166.83333333584997,0.0,0.3,MEDIUM
evt_002730,STARLINK-34751,STARLINK-36819,1782349799.999991,3.612937604238268,12.973675241182876,166.83333333584997,0.0,0.8,HIGH
evt_002731,STARLINK-35092,STARLINK-35436,1782349799.999991,18.149004519330926,4.211493577823529,166.83333333584997,0.0,0.3,MEDIUM
evt_002732,STARLINK-34305,STARLINK-36647,1782349799.999991,39.538589219170966,1.6003906078515628,166.83333333584997,0.0,0.3,MEDIUM
evt_002736,STARLINK-35169,STARLINK-36107,1782349799.999991,28.347536043488965,2.285616457194136,166.83333333584997,0.0,0.3,MEDIUM
evt_002737,STARLINK-35093,STARLINK-36433,1782349799.999991,49.18344842287428,5.012213256981688,166.83333333584997,0.0,0.3,MEDIUM
evt_002738,STARLINK-35225,STARLINK-37269,1782349799.999991,20.61248682966043,14.377760710547308,166.83333333584997,0.0,0.3,MEDIUM
evt_002739,STARLINK-35287,STARLINK-37163,1782349799.999991,13.219142735709518,1.620952257342883,166.83333333584997,0.0,0.3,MEDIUM
evt_002740,STARLINK-35392,STARLINK-35625,1782349799.999991,39.80512461999931,5.137273420467169,166.83333333584997,0.0,0.3,MEDIUM
evt_002741,STARLINK-35210,STARLINK-35573,1782349799.999991,47.75965728996305,2.888645094366074,166.83333333584997,0.0,0.3,MEDIUM
evt_002742,STARLINK-34852,STARLINK-37256,1782349799.999991,25.577795217325384,4.070341879442072,166.83333333584997,0.0,0.3,MEDIUM
evt_002743,STARLINK-35601,STARLINK-35594,1782349799.999991,43.18731789958254,0.149273458790592,166.83333333584997,0.0,0.05,LOW
evt_004151,STARLINK-35601,STARLINK-35594,1782352200.000009,41.29341898362732,0.1514462206331746,166.16666666415003,-1.8938989159552195,0.05,LOW
evt_002745,STARLINK-35518,STARLINK-37373,1782349799.999991,47.99717086503513,10.71735232502712,166.83333333584997,0.0,0.3,MEDIUM
evt_002746,STARLINK-35548,STARLINK-35642,1782349799.999991,42.023641576789984,3.1263613584861347,166.83333333584997,0.0,0.3,MEDIUM
evt_002747,STARLINK-35490,STARLINK-36819,1782349799.999991,32.565610943877964,10.36471619365938,166.83333333584997,0.0,0.3,MEDIUM
evt_002750,STARLINK-35529,STARLINK-35711,1782349799.999991,33.30567965820884,2.770621136849828,166.83333333584997,0.0,0.3,MEDIUM
evt_002751,STARLINK-35708,STARLINK-37400,1782349799.999991,34.57578411595216,14.611129662021302,166.83333333584997,0.0,0.3,MEDIUM
evt_002752,STARLINK-35851,STARLINK-36557,1782349799.999991,49.76862117919254,2.856461976946111,166.83333333584997,0.0,0.3,MEDIUM
evt_002753,STARLINK-35642,STARLINK-37453,1782349799.999991,45.05243060591485,12.725988270301448,166.83333333584997,0.0,0.3,MEDIUM
evt_002754,STARLINK-35426,STARLINK-35955,1782349799.999991,18.23698026665986,2.9172692822377844,166.83333333584997,0.0,0.3,MEDIUM
evt_002755,STARLINK-35334,STARLINK-36904,1782349799.999991,36.63953649878604,14.142518029583542,166.83333333584997,0.0,0.3,MEDIUM
evt_002756,STARLINK-35946,STARLINK-37322,1782349799.999991,38.267741484915504,10.58903692107022,166.83333333584997,0.0,0.3,MEDIUM
evt_002757,STARLINK-35847,STARLINK-36311,1782349799.999991,41.84544844211226,1.3734311238730463,166.83333333584997,0.0,0.3,MEDIUM
evt_002759,STARLINK-36421,STARLINK-37372,1782349799.999991,20.94578114660487,8.980921617212843,166.83333333584997,0.0,0.3,MEDIUM
evt_002760,STARLINK-36674,STARLINK-36722,1782349799.999991,49.20883072946757,13.9758988987688,166.83333333584997,0.0,0.3,MEDIUM
evt_002761,STARLINK-36608,STARLINK-36803,1782349799.999991,48.5651860468269,7.65363701872183,166.83333333584997,0.0,0.3,MEDIUM
evt_002762,STARLINK-36873,STARLINK-36903,1782349799.999991,35.87590388200358,9.810167456355485,166.83333333584997,0.0,0.3,MEDIUM
evt_002765,STARLINK-37627,STARLINK-37877,1782349799.999991,33.665668350619455,0.4819283444251363,166.83333333584997,0.0,0.05,LOW
evt_002769,STARLINK-1133,STARLINK-31282,1782350399.9999957,45.17850403019474,10.41988075516124,166.666666667925,0.0,0.3,MEDIUM
evt_002771,STARLINK-1199,STARLINK-2017,1782350399.9999957,18.03299977682441,0.9896345502252522,166.666666667925,0.0,0.3,MEDIUM
evt_002773,STARLINK-1271,STARLINK-32417,1782350399.9999957,27.23493352318215,6.857316123395979,166.666666667925,0.0,0.3,MEDIUM
evt_002775,STARLINK-1215,STARLINK-30768,1782350399.9999957,41.04792401169993,3.0414673998175856,166.666666667925,0.0,0.3,MEDIUM
evt_002776,STARLINK-1246,STARLINK-2612,1782350399.9999957,28.93393916294951,5.4144773648950615,166.666666667925,0.0,0.3,MEDIUM
evt_002777,STARLINK-1296,STARLINK-2245,1782350399.9999957,49.515348200505365,0.0405335063422613,166.666666667925,0.0,0.05,LOW
evt_003155,STARLINK-1296,STARLINK-2245,1782351000.0,46.473279544495,0.0141039577222203,166.5,-3.0420686560103647,0.05,LOW
evt_003512,STARLINK-1296,STARLINK-2245,1782351600.0000043,42.22918276838655,0.0416838825342573,166.333333332075,-4.244096776108449,0.05,LOW
evt_002778,STARLINK-1333,STARLINK-2750,1782350399.9999957,19.875871606242317,0.1642952992824989,166.666666667925,0.0,0.3,MEDIUM
evt_002779,STARLINK-1460,STARLINK-31904,1782350399.9999957,27.31432071560268,10.26588642877853,166.666666667925,0.0,0.3,MEDIUM
evt_002781,STARLINK-1582,STARLINK-34897,1782350399.9999957,43.0051501795688,2.6647172770729157,166.666666667925,0.0,0.3,MEDIUM
evt_002782,STARLINK-1591,STARLINK-36341,1782350399.9999957,15.514711772256604,1.758046923088466,166.666666667925,0.0,0.3,MEDIUM
evt_002784,STARLINK-1542,STARLINK-4539,1782350399.9999957,39.157421209878486,2.7002166964044045,166.666666667925,0.0,0.3,MEDIUM
evt_002785,STARLINK-1549,STARLINK-32453,1782350399.9999957,23.02420308022115,1.0746469437437238,166.666666667925,0.0,0.3,MEDIUM
evt_002787,STARLINK-1802,STARLINK-2330,1782350399.9999957,47.26661726924302,0.0612658403385594,166.666666667925,0.0,0.05,LOW
evt_003164,STARLINK-1802,STARLINK-2330,1782351000.0,46.96159153365146,0.0550159154197706,166.5,-0.3050257355915633,0.05,LOW
evt_003520,STARLINK-1802,STARLINK-2330,1782351600.0000043,48.62675653178309,0.0459282155607549,166.333333332075,1.6651649981316368,0.05,LOW
evt_003832,STARLINK-1802,STARLINK-2330,1782352200.000009,44.97312383724161,0.0427552538022114,166.16666666415003,-3.6536326945414856,0.05,LOW
evt_004183,STARLINK-1802,STARLINK-2330,1782352800.0000134,35.78565869527576,0.045350590367284,165.99999999629128,-9.187465141965852,0.05,LOW
evt_004554,STARLINK-1802,STARLINK-2330,1782353400.000018,29.41956216006911,0.0437967482998313,165.83333332836628,-6.366096535206648,0.05,LOW
evt_004884,STARLINK-1802,STARLINK-2330,1782353999.999982,31.90860047707185,0.0338835506110686,165.66666667163372,2.489038317002745,0.05,LOW
evt_005256,STARLINK-1802,STARLINK-2330,1782354599.9999866,33.81483190688677,0.0226816193558356,165.50000000370872,1.90623142981492,0.05,LOW
evt_005593,STARLINK-1802,STARLINK-2330,1782355199.999991,27.32750663043897,0.0254804430704168,165.33333333584997,-6.487325276447798,0.05,LOW
evt_005944,STARLINK-1802,STARLINK-2330,1782355799.9999957,14.53374107480612,0.0325826873667136,165.166666667925,-12.793765555632856,0.3,MEDIUM
evt_006259,STARLINK-1802,STARLINK-2330,1782356400.0,14.150058554686566,0.0299219676045706,165.0,-0.383682520119553,0.3,MEDIUM
evt_006595,STARLINK-1802,STARLINK-2330,1782357000.0000043,24.820987816024218,0.015932100053469,164.833333332075,10.670929261337651,0.05,LOW
evt_006966,STARLINK-1802,STARLINK-2330,1782357600.000009,27.218009270062343,0.0058872257305289,164.66666666415003,2.3970214540381285,0.05,LOW
evt_007287,STARLINK-1802,STARLINK-2330,1782358200.0000134,18.64752255974353,0.0230362149609407,164.49999999629128,-8.570486710318818,0.3,MEDIUM
evt_007644,STARLINK-1802,STARLINK-2330,1782358800.000018,7.4616277112624445,0.0313501585287938,164.33333332836628,-11.185894848481084,0.3,MEDIUM
evt_007983,STARLINK-1802,STARLINK-2330,1782359399.999982,19.41516645224869,0.0276890844551059,164.16666667163372,11.953538740986248,0.3,MEDIUM
evt_008337,STARLINK-1802,STARLINK-2330,1782359999.9999866,30.515671426368232,0.0187506693181579,164.00000000370872,11.10050497411954,0.05,LOW
evt_008671,STARLINK-1802,STARLINK-2330,1782360599.999991,32.04039852457036,0.0240989038078073,163.83333333584997,1.5247270982021242,0.05,LOW
evt_009031,STARLINK-1802,STARLINK-2330,1782361199.9999957,26.855811803591525,0.0368050345877801,163.666666667925,-5.184586720978832,0.05,LOW
evt_009362,STARLINK-1802,STARLINK-2330,1782361800.0,26.90968558124646,0.0420967544089002,163.5,0.0538737776549353,0.05,LOW
evt_009738,STARLINK-1802,STARLINK-2330,1782362400.0000043,35.90047568280293,0.0391020510546447,163.333333332075,8.990790101556467,0.05,LOW
evt_010079,STARLINK-1802,STARLINK-2330,1782363000.000009,42.74022966030765,0.0373090107906601,163.16666666415003,6.839753977504721,0.05,LOW
evt_010436,STARLINK-1802,STARLINK-2330,1782363600.0000134,42.90059278460431,0.0449297787344865,162.99999999629128,0.1603631242966585,0.05,LOW
evt_010806,STARLINK-1802,STARLINK-2330,1782364200.000018,41.464962179825534,0.0543446314854346,162.83333332836628,-1.4356306047787726,0.05,LOW
evt_011150,STARLINK-1802,STARLINK-2330,1782364799.999982,46.36005940131575,0.0579447950197651,162.66666667163372,4.895097221490218,0.05,LOW
evt_002789,STARLINK-2017,STARLINK-36065,1782350399.9999957,20.37109437402912,1.0618694715542334,166.666666667925,0.0,0.3,MEDIUM
evt_002794,STARLINK-2112,STARLINK-4467,1782350399.9999957,39.0712298895022,14.186448316975344,166.666666667925,0.0,0.3,MEDIUM
evt_002795,STARLINK-1973,STARLINK-35461,1782350399.9999957,28.467283080564936,4.1262458929267725,166.666666667925,0.0,0.3,MEDIUM
evt_002796,STARLINK-1983,STARLINK-33621,1782350399.9999957,47.23429129505926,0.0539873999985381,166.666666667925,0.0,0.05,LOW
evt_003178,STARLINK-1983,STARLINK-33621,1782351000.0,42.07377513906684,0.0429704216623762,166.5,-5.160516155992418,0.05,LOW
evt_003528,STARLINK-1983,STARLINK-33621,1782351600.0000043,35.29944158349022,0.034164256690063,166.333333332075,-6.774333555576618,0.05,LOW
evt_003845,STARLINK-1983,STARLINK-33621,1782352200.000009,25.394888013460204,0.0299018413941138,166.16666666415003,-9.904553570030018,0.05,LOW
evt_004193,STARLINK-1983,STARLINK-33621,1782352800.0000134,16.235375634206918,0.0256952965162029,165.99999999629128,-9.159512379253286,0.3,MEDIUM
evt_004559,STARLINK-1983,STARLINK-33621,1782353400.000018,15.842227975314566,0.0167308513942792,165.83333332836628,-0.3931476588923512,0.3,MEDIUM
evt_004896,STARLINK-1983,STARLINK-33621,1782353999.999982,19.55910185048196,0.0058517947124279,165.66666667163372,3.716873875167392,0.3,MEDIUM
evt_005264,STARLINK-1983,STARLINK-33621,1782354599.9999866,20.183357162328857,0.0155783045379904,165.50000000370872,0.6242553118468983,0.05,LOW
evt_005600,STARLINK-1983,STARLINK-33621,1782355199.999991,20.87304217913979,0.0277038749739889,165.33333333584997,0.6896850168109339,0.05,LOW
evt_005949,STARLINK-1983,STARLINK-33621,1782355799.9999957,27.72480185109024,0.0350261846195769,165.166666667925,6.85175967195045,0.05,LOW
evt_006266,STARLINK-1983,STARLINK-33621,1782356400.0,37.837928078656034,0.0397986727120965,165.0,10.113126227565791,0.05,LOW
evt_006606,STARLINK-1983,STARLINK-33621,1782357000.0000043,46.1725471271896,0.0468683910624598,164.833333332075,8.334619048533561,0.05,LOW
evt_002797,STARLINK-2144,STARLINK-30281,1782350399.9999957,47.18285839929148,11.288406647058356,166.666666667925,0.0,0.3,MEDIUM
evt_002798,STARLINK-2159,STARLINK-11533 [DTC],1782350399.9999957,32.306321814775835,3.202021995682653,166.666666667925,0.0,0.3,MEDIUM
evt_002799,STARLINK-2379,STARLINK-34657,1782350399.9999957,49.51563959407821,0.3089764322577799,166.666666667925,0.0,0.05,LOW
evt_002800,STARLINK-2409,STARLINK-30706,1782350399.9999957,32.63525979688253,10.83548270902759,166.666666667925,0.0,0.3,MEDIUM
evt_002801,STARLINK-2419,STARLINK-34318,1782350399.9999957,40.72226266224644,11.628523999372389,166.666666667925,0.0,0.3,MEDIUM
evt_002802,STARLINK-2433,STARLINK-32734,1782350399.9999957,45.32575925610188,3.2650354671406365,166.666666667925,0.0,0.3,MEDIUM
evt_002803,STARLINK-2453,STARLINK-32628,1782350399.9999957,49.65389368845968,10.330106245457834,166.666666667925,0.0,0.3,MEDIUM
evt_002804,STARLINK-2342,STARLINK-11079 [DTC],1782350399.9999957,47.16436204500329,0.4181725890741135,166.666666667925,0.0,0.05,LOW
evt_002806,STARLINK-2273,STARLINK-11088 [DTC],1782350399.9999957,46.25990879472902,1.044594799439543,166.666666667925,0.0,0.3,MEDIUM
evt_002807,STARLINK-2404,STARLINK-37281,1782350399.9999957,37.39982983852799,14.606657731822148,166.666666667925,0.0,0.3,MEDIUM
evt_002808,STARLINK-2418,STARLINK-31896,1782350399.9999957,46.26243778930651,1.9688638452259384,166.666666667925,0.0,0.3,MEDIUM
evt_002809,STARLINK-2428,STARLINK-3238,1782350399.9999957,38.30126841023234,0.1782452767756187,166.666666667925,0.0,0.05,LOW
evt_002810,STARLINK-2439,STARLINK-31687,1782350399.9999957,49.99226219181784,4.977030189955144,166.666666667925,0.0,0.3,MEDIUM
evt_002812,STARLINK-2452,STARLINK-31933,1782350399.9999957,42.80636201028142,2.08524371984391,166.666666667925,0.0,0.3,MEDIUM
evt_002813,STARLINK-2459,STARLINK-31198,1782350399.9999957,25.32644562993299,1.70151072870407,166.666666667925,0.0,0.3,MEDIUM
evt_002814,STARLINK-2466,STARLINK-34041,1782350399.9999957,36.24389837359211,11.268009887472358,166.666666667925,0.0,0.3,MEDIUM
evt_002819,STARLINK-2503,STARLINK-31247,1782350399.9999957,41.51848796714764,0.3814560631632904,166.666666667925,0.0,0.05,LOW
evt_002821,STARLINK-2558,STARLINK-4553,1782350399.9999957,49.82181241868519,0.4751512445683145,166.666666667925,0.0,0.05,LOW
evt_002822,STARLINK-2537,STARLINK-31808,1782350399.9999957,30.933114450443487,1.9936362603541256,166.666666667925,0.0,0.3,MEDIUM
evt_002823,STARLINK-2523,STARLINK-30236,1782350399.9999957,33.737097340723714,2.17296499975718,166.666666667925,0.0,0.3,MEDIUM
evt_002825,STARLINK-2635,STARLINK-36204,1782350399.9999957,29.195361125395333,0.4259527287904525,166.666666667925,0.0,0.05,LOW
evt_002827,STARLINK-2570,STARLINK-36100,1782350399.9999957,22.532174536325403,2.669521373938881,166.666666667925,0.0,0.3,MEDIUM
evt_002829,STARLINK-2633,STARLINK-5705,1782350399.9999957,41.9595508246345,4.919207221428525,166.666666667925,0.0,0.3,MEDIUM
evt_002830,STARLINK-2702,STARLINK-31332,1782350399.9999957,35.9405517484195,7.647334543895558,166.666666667925,0.0,0.3,MEDIUM
evt_002831,STARLINK-2697,STARLINK-35550,1782350399.9999957,23.056643402197825,0.172647692815742,166.666666667925,0.0,0.05,LOW
evt_004593,STARLINK-2697,STARLINK-35550,1782353400.000018,31.647221584097185,0.1730747026639132,165.83333332836628,8.59057818189936,0.05,LOW
evt_002833,STARLINK-2232,STARLINK-34464,1782350399.9999957,47.62540811910441,0.0741890290432309,166.666666667925,0.0,0.05,LOW
evt_003215,STARLINK-2232,STARLINK-34464,1782351000.0,40.72746388091896,0.0684987946402887,166.5,-6.897944238185445,0.05,LOW
evt_004236,STARLINK-2232,STARLINK-34464,1782352800.0000134,40.41194896477491,0.0436237178293137,165.99999999629128,-0.3155149161440533,0.05,LOW
evt_004597,STARLINK-2232,STARLINK-34464,1782353400.000018,11.673696740799118,0.0583848889187026,165.83333332836628,-28.738252223975792,0.3,MEDIUM
evt_004941,STARLINK-2232,STARLINK-34464,1782353999.999982,28.52173013282699,0.0503824466929678,165.66666667163372,16.848033392027872,0.05,LOW
evt_005983,STARLINK-2232,STARLINK-34464,1782355799.9999957,41.43934141957448,0.0579727202804946,165.166666667925,12.917611286747489,0.05,LOW
evt_006296,STARLINK-2232,STARLINK-34464,1782356400.0,37.29580951366195,0.0709225389943135,165.0,-4.143531905912525,0.05,LOW
evt_002834,STARLINK-2234,STARLINK-31472,1782350399.9999957,39.27657422926842,2.734585349466088,166.666666667925,0.0,0.3,MEDIUM
evt_002836,STARLINK-2732,STARLINK-30103,1782350399.9999957,24.822911541809397,1.7771336905994,166.666666667925,0.0,0.3,MEDIUM
evt_002837,STARLINK-2657,STARLINK-37007,1782350399.9999957,27.45402114554254,6.828366089444979,166.666666667925,0.0,0.3,MEDIUM
evt_002838,STARLINK-2726,STARLINK-34267,1782350399.9999957,32.29924357005771,8.718050865407264,166.666666667925,0.0,0.3,MEDIUM
evt_002841,STARLINK-2756,STARLINK-35897,1782350399.9999957,27.689584980017585,11.355168731130789,166.666666667925,0.0,0.3,MEDIUM
evt_002842,STARLINK-3089,STARLINK-5184,1782350399.9999957,49.71936949954047,12.991171963931007,166.666666667925,0.0,0.3,MEDIUM
evt_002844,STARLINK-3250,STARLINK-37404,1782350399.9999957,30.567855470667425,14.731013058187598,166.666666667925,0.0,0.3,MEDIUM
evt_002845,STARLINK-3209,STARLINK-6311,1782350399.9999957,46.823329373215344,3.781950730320051,166.666666667925,0.0,0.3,MEDIUM
evt_002846,STARLINK-3193,STARLINK-4489,1782350399.9999957,11.355477360353955,7.44870069673538,166.666666667925,0.0,0.3,MEDIUM
evt_002847,STARLINK-3254,STARLINK-6064,1782350399.9999957,41.51137738968293,7.253011647695719,166.666666667925,0.0,0.3,MEDIUM
evt_002849,STARLINK-3302,STARLINK-35946,1782350399.9999957,44.78284543553743,2.76048658335775,166.666666667925,0.0,0.3,MEDIUM
evt_002850,STARLINK-3357,STARLINK-5174,1782350399.9999957,44.255750011697565,4.6697276898508,166.666666667925,0.0,0.3,MEDIUM
evt_045829,STARLINK-3357,STARLINK-5174,1782424799.9999866,40.906373014932846,4.669722741993181,146.00000000370872,-3.3493769967647182,0.3,MEDIUM
evt_090138,STARLINK-3357,STARLINK-5174,1782499200.000018,37.93594091583852,4.6697188983833104,125.33333332836628,-2.9704320990943245,0.3,MEDIUM
evt_112853,STARLINK-3357,STARLINK-5174,1782536400.0000134,48.8575812382412,4.66092652303524,114.99999999629128,10.92164032240268,0.3,MEDIUM
evt_136645,STARLINK-3357,STARLINK-5174,1782573600.000009,35.3626041888658,4.669715809995812,104.66666666415004,-13.4949770493754,0.3,MEDIUM
evt_161606,STARLINK-3357,STARLINK-5174,1782610800.0000043,46.59634970985728,4.660917366795872,94.333333332075,11.233745520991476,0.3,MEDIUM
evt_187596,STARLINK-3357,STARLINK-5174,1782648000.0,33.20467836543438,4.669713188717849,84.0,-13.391671344422896,0.3,MEDIUM
evt_214287,STARLINK-3357,STARLINK-5174,1782685199.9999957,44.72240684546372,4.660911108589998,73.66666666792499,11.517728480029334,0.3,MEDIUM
evt_241767,STARLINK-3357,STARLINK-5174,1782722399.999991,31.478348864579395,4.669710807339674,63.33333333584997,-13.24405798088432,0.3,MEDIUM
evt_269723,STARLINK-3357,STARLINK-5174,1782759599.9999866,43.239301161288815,4.660907547970346,53.000000003708735,11.76095229670942,0.3,MEDIUM
evt_297965,STARLINK-3357,STARLINK-5174,1782796799.999982,30.194646635585677,4.669708499537631,42.66666667163372,-13.04465452570314,0.3,MEDIUM
evt_327371,STARLINK-3357,STARLINK-5174,1782834000.000018,42.14673952492611,4.660906539914549,32.33333332836628,11.952092889340438,0.3,MEDIUM
evt_356453,STARLINK-3357,STARLINK-5174,1782871200.0000134,29.356300571911905,4.669706159849908,21.999999996291265,-12.79043895301421,0.3,MEDIUM
evt_385483,STARLINK-3357,STARLINK-5174,1782908400.000009,41.43992808541699,4.660907994861259,11.666666664150029,12.083627513505084,0.3,MEDIUM
evt_414582,STARLINK-3357,STARLINK-5174,1782945600.0000043,28.95548288910066,4.669703743645116,1.3333333320750131,-12.484445196316326,0.3,MEDIUM
evt_002851,STARLINK-3364,STARLINK-34641,1782350399.9999957,39.17163297338735,4.731928664084203,166.666666667925,0.0,0.3,MEDIUM
evt_002852,STARLINK-3511,STARLINK-30604,1782350399.9999957,19.43131495709702,1.4576474959681462,166.666666667925,0.0,0.3,MEDIUM
evt_002853,STARLINK-3609,STARLINK-6204,1782350399.9999957,40.22648434273064,3.4454812076293804,166.666666667925,0.0,0.3,MEDIUM
evt_002854,STARLINK-3569,STARLINK-4204,1782350399.9999957,17.875722525730207,4.645470878742698,166.666666667925,0.0,0.3,MEDIUM
evt_024165,STARLINK-3569,STARLINK-4204,1782387599.999991,28.004222326551027,4.654218972488133,156.33333333584997,10.12849980082082,0.3,MEDIUM
evt_045836,STARLINK-3569,STARLINK-4204,1782424799.9999866,28.958727306462787,4.645570525715227,146.00000000370872,0.9545049799117606,0.3,MEDIUM
evt_002855,STARLINK-3582,STARLINK-32522,1782350399.9999957,35.81487815535719,5.677877260734364,166.666666667925,0.0,0.3,MEDIUM
evt_002857,STARLINK-3587,STARLINK-35761,1782350399.9999957,36.08907371764389,8.712857202447676,166.666666667925,0.0,0.3,MEDIUM
evt_002858,STARLINK-3597,STARLINK-35566,1782350399.9999957,47.16840957115619,11.04424448113064,166.666666667925,0.0,0.3,MEDIUM
evt_002859,STARLINK-3690,STARLINK-30518,1782350399.9999957,48.86725100463681,5.623522445405921,166.666666667925,0.0,0.3,MEDIUM
evt_002860,STARLINK-3696,STARLINK-37271,1782350399.9999957,17.04510856921419,0.3654934408283829,166.666666667925,0.0,0.3,MEDIUM
evt_002861,STARLINK-3739,STARLINK-5499,1782350399.9999957,41.02034169268661,4.354759276489966,166.666666667925,0.0,0.3,MEDIUM
evt_002862,STARLINK-3742,STARLINK-4035,1782350399.9999957,16.132824439897437,4.654322013784422,166.666666667925,0.0,0.3,MEDIUM
evt_024171,STARLINK-3742,STARLINK-4035,1782387599.999991,42.91461371702616,4.645384347285225,156.33333333584997,26.781789277128727,0.3,MEDIUM
evt_045851,STARLINK-3742,STARLINK-4035,1782424799.9999866,38.47779322216277,4.654443237147056,146.00000000370872,-4.436820494863397,0.3,MEDIUM
evt_241779,STARLINK-3742,STARLINK-4035,1782722399.999991,36.11405304833273,4.654324872774862,63.33333333584997,-2.3637401738300383,0.3,MEDIUM
evt_269737,STARLINK-3742,STARLINK-4035,1782759599.9999866,39.69032826145149,4.645336126671252,53.000000003708735,3.5762752131187554,0.3,MEDIUM
evt_297980,STARLINK-3742,STARLINK-4035,1782796799.999982,11.456852885988503,4.654181733591854,42.66666667163372,-28.23347537546298,0.3,MEDIUM
evt_327387,STARLINK-3742,STARLINK-4035,1782834000.000018,10.27392811125967,4.645244385090261,32.33333332836628,-1.1829247747288338,0.3,MEDIUM
evt_356466,STARLINK-3742,STARLINK-4035,1782871200.0000134,22.90671898221559,4.654236419698115,21.999999996291265,12.63279087095592,0.3,MEDIUM
evt_385494,STARLINK-3742,STARLINK-4035,1782908400.000009,28.90410726205847,4.645445742459656,11.666666664150029,5.99738827984288,0.3,MEDIUM
evt_002864,STARLINK-3882,STARLINK-4549,1782350399.9999957,23.38759424991258,4.612988126658917,166.666666667925,0.0,0.3,MEDIUM
evt_002865,STARLINK-3948,STARLINK-6152,1782350399.9999957,24.67755711925404,3.106070512953836,166.666666667925,0.0,0.3,MEDIUM
evt_002866,STARLINK-3929,STARLINK-35606,1782350399.9999957,35.93902262373041,7.336291679072669,166.666666667925,0.0,0.3,MEDIUM
evt_002867,STARLINK-3836,STARLINK-30612,1782350399.9999957,46.80188208430667,0.079474820407797,166.666666667925,0.0,0.05,LOW
evt_002868,STARLINK-3832,STARLINK-4782,1782350399.9999957,32.00405935236273,4.636626642224622,166.666666667925,0.0,0.3,MEDIUM
evt_024182,STARLINK-3832,STARLINK-4782,1782387599.999991,48.15286888306881,4.62781623718792,156.33333333584997,16.14880953070608,0.3,MEDIUM
evt_045859,STARLINK-3832,STARLINK-4782,1782424799.9999866,39.18921573281168,4.636679478623741,146.00000000370872,-8.96365315025713,0.3,MEDIUM
evt_090155,STARLINK-3832,STARLINK-4782,1782499200.000018,43.23656161506935,4.636710948278729,125.33333332836628,4.047345882257666,0.3,MEDIUM
evt_136664,STARLINK-3832,STARLINK-4782,1782573600.000009,44.2513208734203,4.636709847587289,104.66666666415004,1.0147592583509493,0.3,MEDIUM
evt_187622,STARLINK-3832,STARLINK-4782,1782648000.0,42.44080722707778,4.636672064041659,84.0,-1.810513646342514,0.3,MEDIUM
evt_241784,STARLINK-3832,STARLINK-4782,1782722399.999991,38.256430761490975,4.63660057070236,63.33333333584997,-4.1843764655868085,0.3,MEDIUM
evt_269747,STARLINK-3832,STARLINK-4782,1782759599.9999866,46.64536016603261,4.627719806174535,53.000000003708735,8.388929404541635,0.3,MEDIUM
evt_297988,STARLINK-3832,STARLINK-4782,1782796799.999982,32.80377696618204,4.636505421460566,42.66666667163372,-13.841583199850568,0.3,MEDIUM
evt_327394,STARLINK-3832,STARLINK-4782,1782834000.000018,39.72766720543282,4.627614139334895,32.33333332836628,6.923890239250781,0.3,MEDIUM
evt_356474,STARLINK-3832,STARLINK-4782,1782871200.0000134,28.90618665592779,4.636403746901104,21.999999996291265,-10.821480549505033,0.3,MEDIUM
evt_385498,STARLINK-3832,STARLINK-4782,1782908400.000009,34.24763865990045,4.627511482144051,11.666666664150029,5.341452003972663,0.3,MEDIUM
evt_414603,STARLINK-3832,STARLINK-4782,1782945600.0000043,31.69419938645561,4.636319750144149,1.3333333320750131,-2.553439273444837,0.3,MEDIUM
evt_002869,STARLINK-4285,STARLINK-5716,1782350399.9999957,25.441488022349365,2.0299676329715988,166.666666667925,0.0,0.3,MEDIUM
evt_002870,STARLINK-4256,STARLINK-32293,1782350399.9999957,45.42115788129667,3.41375599982501,166.666666667925,0.0,0.3,MEDIUM
evt_002872,STARLINK-4263,STARLINK-34011,1782350399.9999957,43.09648445206621,10.65488129251097,166.666666667925,0.0,0.3,MEDIUM
evt_002874,STARLINK-4205,STARLINK-31520,1782350399.9999957,43.162086379171136,3.601327851762293,166.666666667925,0.0,0.3,MEDIUM
evt_002875,STARLINK-4130,STARLINK-35088,1782350399.9999957,34.4538880331569,0.35404070547013,166.666666667925,0.0,0.05,LOW
evt_002876,STARLINK-4178,STARLINK-36631,1782350399.9999957,49.77921997717048,14.738572432396593,166.666666667925,0.0,0.3,MEDIUM
evt_002877,STARLINK-4501,STARLINK-5510,1782350399.9999957,39.01357401084746,3.905127632149373,166.666666667925,0.0,0.3,MEDIUM
evt_002878,STARLINK-4550,STARLINK-5381,1782350399.9999957,40.79302041124598,4.216395691770284,166.666666667925,0.0,0.3,MEDIUM
evt_002879,STARLINK-4610,STARLINK-32839,1782350399.9999957,49.616357642301374,3.901431271504324,166.666666667925,0.0,0.3,MEDIUM
evt_002880,STARLINK-4701,STARLINK-5325,1782350399.9999957,43.64575444459169,3.046185699525107,166.666666667925,0.0,0.3,MEDIUM
evt_002881,STARLINK-4612,STARLINK-30273,1782350399.9999957,46.38409908791628,7.349427925793286,166.666666667925,0.0,0.3,MEDIUM
evt_002882,STARLINK-4726,STARLINK-31508,1782350399.9999957,39.38234343013237,4.753393548540004,166.666666667925,0.0,0.3,MEDIUM
evt_002884,STARLINK-4762,STARLINK-30248,1782350399.9999957,42.80633958138664,5.1909564591333535,166.666666667925,0.0,0.3,MEDIUM
evt_002885,STARLINK-5029,STARLINK-34452,1782350399.9999957,45.81946748111113,4.862248877439192,166.666666667925,0.0,0.3,MEDIUM
evt_002886,STARLINK-5126,STARLINK-36512,1782350399.9999957,40.70502487171103,1.875910962021065,166.666666667925,0.0,0.3,MEDIUM
evt_002888,STARLINK-5154,STARLINK-31565,1782350399.9999957,45.911752730317424,6.337929169948897,166.666666667925,0.0,0.3,MEDIUM
evt_002889,STARLINK-5061,STARLINK-35454,1782350399.9999957,21.969509631395614,7.256778412857889,166.666666667925,0.0,0.3,MEDIUM
evt_002890,STARLINK-5418,STARLINK-30558,1782350399.9999957,43.09182669360435,7.607724560422968,166.666666667925,0.0,0.3,MEDIUM
evt_238321,STARLINK-5418,STARLINK-30558,1782717599.9999957,43.93772748910649,7.60751379037845,64.66666666792499,0.8459007955021463,0.3,MEDIUM
evt_289278,STARLINK-5418,STARLINK-30558,1782785400.000018,29.225720233193638,7.607592020565393,45.83333332836628,-14.71200725591286,0.3,MEDIUM
evt_002891,STARLINK-5091,STARLINK-35748,1782350399.9999957,18.71589163403496,10.842825310304583,166.666666667925,0.0,0.3,MEDIUM
evt_002892,STARLINK-5663,STARLINK-37426,1782350399.9999957,44.58002174033964,7.852061885284399,166.666666667925,0.0,0.3,MEDIUM
evt_002893,STARLINK-5651,STARLINK-31716,1782350399.9999957,31.373739148250262,1.751792171038,166.666666667925,0.0,0.3,MEDIUM
evt_002895,STARLINK-5681,STARLINK-32007,1782350399.9999957,46.05738498893559,11.352098286635927,166.666666667925,0.0,0.3,MEDIUM
evt_002896,STARLINK-5681,STARLINK-33995,1782350399.9999957,42.73414264139509,1.353731517911408,166.666666667925,0.0,0.3,MEDIUM
evt_002897,STARLINK-5711,STARLINK-35280,1782350399.9999957,28.661395586052542,9.720420831416313,166.666666667925,0.0,0.3,MEDIUM
evt_002898,STARLINK-5689,STARLINK-31280,1782350399.9999957,48.934826627613525,3.0355447710078765,166.666666667925,0.0,0.3,MEDIUM
evt_002899,STARLINK-5013,STARLINK-35532,1782350399.9999957,36.342736898677,10.251512700500902,166.666666667925,0.0,0.3,MEDIUM
evt_002900,STARLINK-5738,STARLINK-35410,1782350399.9999957,47.32329952935799,11.155478029500282,166.666666667925,0.0,0.3,MEDIUM
evt_002901,STARLINK-5751,STARLINK-34762,1782350399.9999957,47.85053333976654,2.796086844102837,166.666666667925,0.0,0.3,MEDIUM
evt_002902,STARLINK-5769,STARLINK-36980,1782350399.9999957,30.35131963994985,11.22772277987871,166.666666667925,0.0,0.3,MEDIUM
evt_002903,STARLINK-5727,STARLINK-37327,1782350399.9999957,15.396465131145217,10.609080344606118,166.666666667925,0.0,0.3,MEDIUM
evt_002904,STARLINK-5759,STARLINK-35809,1782350399.9999957,43.55465237655717,2.977017573893226,166.666666667925,0.0,0.3,MEDIUM
evt_002905,STARLINK-5709,STARLINK-31410,1782350399.9999957,40.37201178027334,7.889288832890964,166.666666667925,0.0,0.3,MEDIUM
evt_111360,STARLINK-5709,STARLINK-31410,1782533999.9999957,46.719693078468026,7.896535484982689,115.666666667925,6.347681298194686,0.3,MEDIUM
evt_238330,STARLINK-5709,STARLINK-31410,1782717599.9999957,38.41495111988337,7.888739529420217,64.66666666792499,-8.304741958584657,0.3,MEDIUM
evt_002906,STARLINK-5799,STARLINK-5766,1782350399.9999957,40.644835742550285,1.2572424108369948,166.666666667925,0.0,0.3,MEDIUM
evt_014357,STARLINK-5799,STARLINK-5766,1782370199.999982,44.55082234535517,1.2588979874872173,161.16666667163372,3.9059866028048873,0.3,MEDIUM
evt_041993,STARLINK-5799,STARLINK-5766,1782418200.000018,41.1371375152063,1.257501311651757,147.83333332836628,-3.413684830148874,0.3,MEDIUM
evt_082096,STARLINK-5799,STARLINK-5766,1782486000.0,44.90180379455374,1.2577176644791297,129.0,3.764666279347445,0.3,MEDIUM
evt_002907,STARLINK-5799,STARLINK-34829,1782350399.9999957,23.51778821960404,5.320286335546587,166.666666667925,0.0,0.3,MEDIUM
evt_002908,STARLINK-5912,STARLINK-35200,1782350399.9999957,41.189467863844015,1.3952280333236584,166.666666667925,0.0,0.3,MEDIUM
evt_002909,STARLINK-5766,STARLINK-34829,1782350399.9999957,44.77466854458474,4.12463131583946,166.666666667925,0.0,0.3,MEDIUM
evt_002910,STARLINK-6083,STARLINK-35828,1782350399.9999957,44.84308728758232,11.353228783578668,166.666666667925,0.0,0.3,MEDIUM
evt_002911,STARLINK-6122,STARLINK-35287,1782350399.9999957,40.96808644646212,6.387587137358113,166.666666667925,0.0,0.3,MEDIUM
evt_002912,STARLINK-5016,STARLINK-37657,1782350399.9999957,49.00485695263938,11.934274090853297,166.666666667925,0.0,0.3,MEDIUM
evt_002913,STARLINK-30094,STARLINK-37036,1782350399.9999957,42.103042410514846,6.938977082227581,166.666666667925,0.0,0.3,MEDIUM
evt_002914,STARLINK-5329,STARLINK-36569,1782350399.9999957,36.82512533122345,11.662030159818867,166.666666667925,0.0,0.3,MEDIUM
evt_002915,STARLINK-6313,STARLINK-35562,1782350399.9999957,9.232327008890431,10.702178296104014,166.666666667925,0.0,0.3,MEDIUM
evt_002916,STARLINK-6265,STARLINK-30752,1782350399.9999957,19.88442268496108,8.946333153482893,166.666666667925,0.0,0.3,MEDIUM
evt_002917,STARLINK-30122,STARLINK-32161,1782350399.9999957,47.00866868176883,10.50468442781971,166.666666667925,0.0,0.3,MEDIUM
evt_002918,STARLINK-5999,STARLINK-35862,1782350399.9999957,44.04495300548301,11.3432711565251,166.666666667925,0.0,0.3,MEDIUM
evt_002919,STARLINK-5965,STARLINK-30421,1782350399.9999957,26.3350533362144,11.332150625997158,166.666666667925,0.0,0.3,MEDIUM
evt_002920,STARLINK-5951,STARLINK-31688,1782350399.9999957,41.95556513810472,6.275246193160843,166.666666667925,0.0,0.3,MEDIUM
evt_002921,STARLINK-5746,STARLINK-32386,1782350399.9999957,46.45139024053677,1.3663596160454958,166.666666667925,0.0,0.3,MEDIUM
evt_002922,STARLINK-5830,STARLINK-35145,1782350399.9999957,43.978612813482,2.500121555409476,166.666666667925,0.0,0.3,MEDIUM
evt_002923,STARLINK-6257,STARLINK-37115,1782350399.9999957,37.79618371029531,11.440549802036765,166.666666667925,0.0,0.3,MEDIUM
evt_002924,STARLINK-6141,STARLINK-32296,1782350399.9999957,22.69284135228192,3.4179779457490307,166.666666667925,0.0,0.3,MEDIUM
evt_002925,STARLINK-5355,STARLINK-34162,1782350399.9999957,45.85852510611606,7.671495970217527,166.666666667925,0.0,0.3,MEDIUM
evt_002926,STARLINK-5778,STARLINK-34181,1782350399.9999957,3.3500749374092886,10.371144343095,166.666666667925,0.0,0.8,HIGH
evt_002927,STARLINK-6294,STARLINK-32815,1782350399.9999957,36.32249475951618,5.314916004273415,166.666666667925,0.0,0.3,MEDIUM
evt_002928,STARLINK-6233,STARLINK-32128,1782350399.9999957,41.92893879554092,10.253331179511196,166.666666667925,0.0,0.3,MEDIUM
evt_002929,STARLINK-5866,STARLINK-35147,1782350399.9999957,40.60527886515168,2.554166648017009,166.666666667925,0.0,0.3,MEDIUM
evt_002930,STARLINK-6351,STARLINK-31601,1782350399.9999957,34.09031514265511,9.795909036154365,166.666666667925,0.0,0.3,MEDIUM
evt_002931,STARLINK-5049,STARLINK-31264,1782350399.9999957,35.0053893802124,2.5496870945226235,166.666666667925,0.0,0.3,MEDIUM
evt_002932,STARLINK-5026,STARLINK-33878,1782350399.9999957,48.79481411810982,5.061191407275444,166.666666667925,0.0,0.3,MEDIUM
evt_111385,STARLINK-5026,STARLINK-33878,1782533999.9999957,13.753842287067828,5.066370728960497,115.666666667925,-35.04097183104199,0.3,MEDIUM
evt_002933,STARLINK-30233,STARLINK-36251,1782350399.9999957,35.82002538647103,5.929390950612692,166.666666667925,0.0,0.3,MEDIUM
evt_002934,STARLINK-6321,STARLINK-36850,1782350399.9999957,31.877690365075328,13.31496430028869,166.666666667925,0.0,0.3,MEDIUM
evt_002935,STARLINK-6363,STARLINK-34612,1782350399.9999957,47.64039781804477,9.155290060229117,166.666666667925,0.0,0.3,MEDIUM
evt_002936,STARLINK-6364,STARLINK-34211,1782350399.9999957,45.94396476475171,7.672381653015622,166.666666667925,0.0,0.3,MEDIUM
evt_002937,STARLINK-30116,STARLINK-35526,1782350399.9999957,33.754545075016566,6.042547364717698,166.666666667925,0.0,0.3,MEDIUM
evt_002938,STARLINK-30245,STARLINK-35149,1782350399.9999957,33.157004800547405,6.142219748567603,166.666666667925,0.0,0.3,MEDIUM
evt_002939,STARLINK-30301,STARLINK-35700,1782350399.9999957,44.74596944233368,3.935203741475605,166.666666667925,0.0,0.3,MEDIUM
evt_002940,STARLINK-30297,STARLINK-31425,1782350399.9999957,18.41587457801812,11.32338597005332,166.666666667925,0.0,0.3,MEDIUM
evt_002941,STARLINK-30349,STARLINK-36271,1782350399.9999957,29.64311746826039,2.620139423915593,166.666666667925,0.0,0.3,MEDIUM
evt_002942,STARLINK-30300,STARLINK-33549,1782350399.9999957,44.088944431991735,7.8831447255828335,166.666666667925,0.0,0.3,MEDIUM
evt_111399,STARLINK-30300,STARLINK-33549,1782533999.9999957,26.44151542463816,7.890749536887303,115.666666667925,-17.647429007353573,0.3,MEDIUM
evt_002943,STARLINK-30351,STARLINK-36849,1782350399.9999957,34.847140310464695,7.190634290282821,166.666666667925,0.0,0.3,MEDIUM
evt_002944,STARLINK-30308,STARLINK-36290,1782350399.9999957,46.77683638123461,5.978482972877528,166.666666667925,0.0,0.3,MEDIUM
evt_002945,STARLINK-30372,STARLINK-30446,1782350399.9999957,23.64248050527349,10.34018378105449,166.666666667925,0.0,0.3,MEDIUM
evt_002946,STARLINK-30391,STARLINK-36623,1782350399.9999957,49.80346787597063,7.673195041760278,166.666666667925,0.0,0.3,MEDIUM
evt_002948,STARLINK-30425,STARLINK-30550,1782350399.9999957,44.05370472704811,7.5707543932595645,166.666666667925,0.0,0.3,MEDIUM
evt_002949,STARLINK-30439,STARLINK-36706,1782350399.9999957,38.477312352056806,14.311695202103682,166.666666667925,0.0,0.3,MEDIUM
evt_002950,STARLINK-30442,STARLINK-34912,1782350399.9999957,46.07499609406999,1.6504682992956332,166.666666667925,0.0,0.3,MEDIUM
evt_002951,STARLINK-30440,STARLINK-35496,1782350399.9999957,23.396868758026148,11.3586734757824,166.666666667925,0.0,0.3,MEDIUM
evt_002952,STARLINK-30714,STARLINK-33539,1782350399.9999957,32.42453097590499,3.982008296071679,166.666666667925,0.0,0.3,MEDIUM
evt_019232,STARLINK-30714,STARLINK-33539,1782378600.0000043,29.307859243743124,3.982138113782152,158.833333332075,-3.116671732161869,0.3,MEDIUM
evt_002954,STARLINK-30508,STARLINK-31126,1782350399.9999957,47.49937573081721,7.605282189789935,166.666666667925,0.0,0.3,MEDIUM
evt_002955,STARLINK-30517,STARLINK-33837,1782350399.9999957,43.7068145567088,11.355873370771675,166.666666667925,0.0,0.3,MEDIUM
evt_002956,STARLINK-30539,STARLINK-32617,1782350399.9999957,46.23485814476822,10.620711008199812,166.666666667925,0.0,0.3,MEDIUM
evt_002957,STARLINK-30520,STARLINK-31488,1782350399.9999957,23.044918472817592,9.78892847104812,166.666666667925,0.0,0.3,MEDIUM
evt_002958,STARLINK-30573,STARLINK-32877,1782350399.9999957,26.78508888261124,4.653987717067952,166.666666667925,0.0,0.3,MEDIUM
evt_002959,STARLINK-30493,STARLINK-32679,1782350399.9999957,46.96875466698355,2.069986172333194,166.666666667925,0.0,0.3,MEDIUM
evt_002960,STARLINK-30769,STARLINK-31694,1782350399.9999957,27.98265791272811,6.215227400695516,166.666666667925,0.0,0.3,MEDIUM
evt_002961,STARLINK-30804,STARLINK-34401,1782350399.9999957,15.265233814904503,2.320414718982164,166.666666667925,0.0,0.3,MEDIUM
evt_002962,STARLINK-30784,STARLINK-33608,1782350399.9999957,16.083846390676552,10.655996321435378,166.666666667925,0.0,0.3,MEDIUM
evt_002963,STARLINK-30812,STARLINK-36786,1782350399.9999957,27.709136344002754,1.661080455724123,166.666666667925,0.0,0.3,MEDIUM
evt_002964,STARLINK-30810,STARLINK-35420,1782350399.9999957,26.205874157917627,9.43916686693165,166.666666667925,0.0,0.3,MEDIUM
evt_002965,STARLINK-30785,STARLINK-33806,1782350399.9999957,37.837582871872,11.348694263703146,166.666666667925,0.0,0.3,MEDIUM
evt_002966,STARLINK-30794,STARLINK-31788,1782350399.9999957,44.37360273264938,1.570266838062057,166.666666667925,0.0,0.3,MEDIUM
evt_002967,STARLINK-30877,STARLINK-33736,1782350399.9999957,44.05045390579795,4.110140230361854,166.666666667925,0.0,0.3,MEDIUM
evt_002968,STARLINK-30832,STARLINK-31248,1782350399.9999957,38.1837973927175,3.071332022834496,166.666666667925,0.0,0.3,MEDIUM
evt_002969,STARLINK-30933,STARLINK-31094,1782350399.9999957,43.588430485353086,7.847890421758828,166.666666667925,0.0,0.3,MEDIUM
evt_289387,STARLINK-30933,STARLINK-31094,1782785400.000018,35.47649736565872,7.847600901789197,45.83333332836628,-8.11193311969437,0.3,MEDIUM
evt_002970,STARLINK-30967,STARLINK-32772,1782350399.9999957,19.28330669576124,4.688906494625811,166.666666667925,0.0,0.3,MEDIUM
evt_002971,STARLINK-30869,STARLINK-35386,1782350399.9999957,24.52384714955351,1.3515454350196634,166.666666667925,0.0,0.3,MEDIUM
evt_002972,STARLINK-30928,STARLINK-37123,1782350399.9999957,35.6749915823143,2.6677253407868857,166.666666667925,0.0,0.3,MEDIUM
evt_002973,STARLINK-30956,STARLINK-31708,1782350399.9999957,47.29148004823788,1.8120264806250983,166.666666667925,0.0,0.3,MEDIUM
evt_002974,STARLINK-31011,STARLINK-34304,1782350399.9999957,48.701004042873336,4.443691551933996,166.666666667925,0.0,0.3,MEDIUM
evt_002975,STARLINK-30988,STARLINK-35113,1782350399.9999957,47.671211364001664,1.806293996226232,166.666666667925,0.0,0.3,MEDIUM
evt_002976,STARLINK-31036,STARLINK-35587,1782350399.9999957,47.74381603795879,0.1709416554576746,166.666666667925,0.0,0.05,LOW
evt_002977,STARLINK-30936,STARLINK-32540,1782350399.9999957,23.407487827637755,1.3342082715781742,166.666666667925,0.0,0.3,MEDIUM
evt_002978,STARLINK-31049,STARLINK-31016,1782350399.9999957,48.31895118431079,0.1410402352836535,166.666666667925,0.0,0.05,LOW
evt_004362,STARLINK-31049,STARLINK-31016,1782352800.0000134,35.888324308187855,0.148080979612721,165.99999999629128,-12.430626876122936,0.05,LOW
evt_002979,STARLINK-31057,STARLINK-33656,1782350399.9999957,48.31732495041656,0.991176410991327,166.666666667925,0.0,0.05,LOW
evt_002980,STARLINK-30774,STARLINK-35634,1782350399.9999957,28.84389040480747,8.846716045165698,166.666666667925,0.0,0.3,MEDIUM
evt_002981,STARLINK-30774,STARLINK-36235,1782350399.9999957,22.721151982565885,13.600097209620666,166.666666667925,0.0,0.3,MEDIUM
evt_002982,STARLINK-31113,STARLINK-34517,1782350399.9999957,31.52676579512023,1.373092788001312,166.666666667925,0.0,0.3,MEDIUM
evt_002983,STARLINK-31131,STARLINK-32342,1782350399.9999957,14.666904855551008,1.422274992912154,166.666666667925,0.0,0.3,MEDIUM
evt_002984,STARLINK-31137,STARLINK-32349,1782350399.9999957,47.44212998439824,11.351733448898182,166.666666667925,0.0,0.3,MEDIUM
evt_002985,STARLINK-31051,STARLINK-33693,1782350399.9999957,38.92602161178356,10.278784154037275,166.666666667925,0.0,0.3,MEDIUM
evt_002986,STARLINK-31132,STARLINK-35228,1782350399.9999957,22.69878810475329,1.480639606409684,166.666666667925,0.0,0.3,MEDIUM
evt_002988,STARLINK-31262,STARLINK-36513,1782350399.9999957,22.36649807925598,11.243761029880512,166.666666667925,0.0,0.3,MEDIUM
evt_002989,STARLINK-31213,STARLINK-33807,1782350399.9999957,45.45991799515709,1.4029759750496602,166.666666667925,0.0,0.3,MEDIUM
evt_002990,STARLINK-31449,STARLINK-37304,1782350399.9999957,29.041094285586645,12.556070942823158,166.666666667925,0.0,0.3,MEDIUM
evt_002992,STARLINK-31384,STARLINK-35074,1782350399.9999957,46.1229019795263,6.369891703773925,166.666666667925,0.0,0.3,MEDIUM
evt_002993,STARLINK-31528,STARLINK-35102,1782350399.9999957,40.20861809495244,0.9387681375577864,166.666666667925,0.0,0.05,LOW
evt_002994,STARLINK-31182,STARLINK-34566,1782350399.9999957,47.44620975154802,9.7482795170887,166.666666667925,0.0,0.3,MEDIUM
evt_002995,STARLINK-31298,STARLINK-35127,1782350399.9999957,38.2383882568536,5.318848483770164,166.666666667925,0.0,0.3,MEDIUM
evt_002997,STARLINK-31573,STARLINK-32369,1782350399.9999957,48.85575488681874,11.10406300267086,166.666666667925,0.0,0.3,MEDIUM
evt_002999,STARLINK-31401,STARLINK-34488,1782350399.9999957,35.094762516365805,3.5166755545717114,166.666666667925,0.0,0.3,MEDIUM
evt_003000,STARLINK-31466,STARLINK-31732,1782350399.9999957,41.52548690999195,7.929014039951883,166.666666667925,0.0,0.3,MEDIUM
evt_003001,STARLINK-31631,STARLINK-34813,1782350399.9999957,39.63200470958294,3.934232841941313,166.666666667925,0.0,0.3,MEDIUM
evt_003002,STARLINK-31364,STARLINK-37745,1782350399.9999957,38.499627162044455,8.687985737421489,166.666666667925,0.0,0.3,MEDIUM
evt_003003,STARLINK-31392,STARLINK-32884,1782350399.9999957,39.66061451203071,2.2652617808414783,166.666666667925,0.0,0.3,MEDIUM
evt_003004,STARLINK-31734,STARLINK-35968,1782350399.9999957,47.461751281736056,7.718416426493754,166.666666667925,0.0,0.3,MEDIUM
evt_003005,STARLINK-31675,STARLINK-34770,1782350399.9999957,42.10290007626229,5.687917184217352,166.666666667925,0.0,0.3,MEDIUM
evt_003006,STARLINK-31858,STARLINK-37301,1782350399.9999957,41.48432149447927,3.254003797694544,166.666666667925,0.0,0.3,MEDIUM
evt_003007,STARLINK-31881,STARLINK-35556,1782350399.9999957,41.07256078968936,1.6026667047309482,166.666666667925,0.0,0.3,MEDIUM
evt_003008,STARLINK-31885,STARLINK-31984,1782350399.9999957,37.24488982052127,10.833444428133031,166.666666667925,0.0,0.3,MEDIUM
evt_003009,STARLINK-32108,STARLINK-35158,1782350399.9999957,41.25445568086168,8.666531589924872,166.666666667925,0.0,0.3,MEDIUM
evt_003010,STARLINK-32093,STARLINK-34769,1782350399.9999957,48.0065416532328,6.538583074890121,166.666666667925,0.0,0.3,MEDIUM
evt_003012,STARLINK-31739,STARLINK-32921,1782350399.9999957,39.641448743999256,1.3786791832003948,166.666666667925,0.0,0.3,MEDIUM
evt_003013,STARLINK-31835,STARLINK-35607,1782350399.9999957,42.81865958993616,3.65239923727762,166.666666667925,0.0,0.3,MEDIUM
evt_003014,STARLINK-31863,STARLINK-34849,1782350399.9999957,34.180906847238674,1.363346849483865,166.666666667925,0.0,0.3,MEDIUM
evt_003015,STARLINK-31908,STARLINK-35329,1782350399.9999957,47.29296487314573,1.3558727556327606,166.666666667925,0.0,0.3,MEDIUM
evt_003016,STARLINK-32007,STARLINK-33995,1782350399.9999957,37.239870571965966,12.214422795330591,166.666666667925,0.0,0.3,MEDIUM
evt_003017,STARLINK-32148,STARLINK-37117,1782350399.9999957,34.8727771626438,13.899120480754837,166.666666667925,0.0,0.3,MEDIUM
evt_003019,STARLINK-32164,STARLINK-35920,1782350399.9999957,42.80818792533418,8.216842010997798,166.666666667925,0.0,0.3,MEDIUM
evt_003021,STARLINK-32149,STARLINK-36924,1782350399.9999957,48.14437925327337,0.5149300264113791,166.666666667925,0.0,0.05,LOW
evt_003022,STARLINK-32151,STARLINK-33655,1782350399.9999957,27.73259704547752,2.7241156765910843,166.666666667925,0.0,0.3,MEDIUM
evt_003023,STARLINK-32185,STARLINK-34100,1782350399.9999957,11.010571933903952,1.385706394279334,166.666666667925,0.0,0.3,MEDIUM
evt_003025,STARLINK-32223,STARLINK-35931,1782350399.9999957,38.55827205728071,10.642309077307166,166.666666667925,0.0,0.3,MEDIUM
evt_003026,STARLINK-32277,STARLINK-36479,1782350399.9999957,49.70573613524866,11.303842255537456,166.666666667925,0.0,0.3,MEDIUM
evt_003027,STARLINK-32197,STARLINK-36545,1782350399.9999957,43.81205528207241,2.8514460185505053,166.666666667925,0.0,0.3,MEDIUM
evt_003028,STARLINK-32246,STARLINK-36307,1782350399.9999957,43.073279239086105,13.81721279066139,166.666666667925,0.0,0.3,MEDIUM
evt_003029,STARLINK-32204,STARLINK-34002,1782350399.9999957,43.10547429742096,2.776536355006034,166.666666667925,0.0,0.3,MEDIUM
evt_003030,STARLINK-32179,STARLINK-36520,1782350399.9999957,31.977452242408056,11.321651641548764,166.666666667925,0.0,0.3,MEDIUM
evt_003031,STARLINK-11265 [DTC],STARLINK-11640 [DTC],1782350399.9999957,17.34047744639184,2.022844261735972,166.666666667925,0.0,0.3,MEDIUM
evt_003032,STARLINK-32274,STARLINK-34129,1782350399.9999957,32.686310618105,4.646534860301901,166.666666667925,0.0,0.3,MEDIUM
evt_003033,STARLINK-32224,STARLINK-33964,1782350399.9999957,43.45599836406488,9.56424631968332,166.666666667925,0.0,0.3,MEDIUM
evt_003034,STARLINK-32288,STARLINK-37475,1782350399.9999957,39.53843850326549,14.55823450780492,166.666666667925,0.0,0.3,MEDIUM
evt_003035,STARLINK-32350,STARLINK-33728,1782350399.9999957,33.44863525626139,11.006553110491344,166.666666667925,0.0,0.3,MEDIUM
evt_003037,STARLINK-32476,STARLINK-34816,1782350399.9999957,46.98712250999552,10.295475518871958,166.666666667925,0.0,0.3,MEDIUM
evt_003038,STARLINK-11373 [DTC],STARLINK-11575 [DTC],1782350399.9999957,37.79223678516381,11.063767383164008,166.666666667925,0.0,0.3,MEDIUM
evt_003039,STARLINK-32413,STARLINK-35567,1782350399.9999957,28.064055321109134,10.07499681063953,166.666666667925,0.0,0.3,MEDIUM
evt_003040,STARLINK-32398,STARLINK-37633,1782350399.9999957,38.3090338870328,12.105319581568374,166.666666667925,0.0,0.3,MEDIUM
evt_003041,STARLINK-32320,STARLINK-34539,1782350399.9999957,47.53733473036308,6.937878948665766,166.666666667925,0.0,0.3,MEDIUM
evt_003042,STARLINK-32453,STARLINK-32404,1782350399.9999957,31.88681534702055,1.1026912109823743,166.666666667925,0.0,0.3,MEDIUM
evt_003043,STARLINK-32417,STARLINK-34626,1782350399.9999957,49.11453607530208,6.921353012899645,166.666666667925,0.0,0.3,MEDIUM
evt_003044,STARLINK-32326,STARLINK-35148,1782350399.9999957,30.659579661447243,0.3824018742925597,166.666666667925,0.0,0.05,LOW
evt_003045,STARLINK-32395,STARLINK-35145,1782350399.9999957,45.99883813418826,9.774002860496113,166.666666667925,0.0,0.3,MEDIUM
evt_003046,STARLINK-11315 [DTC],STARLINK-11397 [DTC],1782350399.9999957,13.525240647434696,2.286861480716326,166.666666667925,0.0,0.3,MEDIUM
evt_003048,STARLINK-32467,STARLINK-34220,1782350399.9999957,17.28767763690752,10.356840827050467,166.666666667925,0.0,0.3,MEDIUM
evt_003049,STARLINK-32322,STARLINK-36523,1782350399.9999957,46.30037302442337,1.3871466327245916,166.666666667925,0.0,0.3,MEDIUM
evt_003050,STARLINK-32469,STARLINK-35118,1782350399.9999957,20.49177181917667,10.49806944676681,166.666666667925,0.0,0.3,MEDIUM
evt_003051,STARLINK-32528,STARLINK-37657,1782350399.9999957,45.82204301024671,8.121080875364603,166.666666667925,0.0,0.3,MEDIUM
evt_003052,STARLINK-32544,STARLINK-37326,1782350399.9999957,47.882517971199874,11.336390186404444,166.666666667925,0.0,0.3,MEDIUM
evt_003053,STARLINK-32572,STARLINK-33630,1782350399.9999957,44.8922439903704,1.489082105278546,166.666666667925,0.0,0.3,MEDIUM
evt_003054,STARLINK-32273,STARLINK-36434,1782350399.9999957,39.99349617907075,7.048317471084565,166.666666667925,0.0,0.3,MEDIUM
evt_003055,STARLINK-32607,STARLINK-35826,1782350399.9999957,45.117412471648336,11.135413552319054,166.666666667925,0.0,0.3,MEDIUM
evt_003056,STARLINK-32630,STARLINK-35951,1782350399.9999957,39.55072196784673,2.05457525792561,166.666666667925,0.0,0.3,MEDIUM
evt_003057,STARLINK-32571,STARLINK-36294,1782350399.9999957,27.50430095480197,2.2842049526796497,166.666666667925,0.0,0.3,MEDIUM
evt_003058,STARLINK-32534,STARLINK-34810,1782350399.9999957,48.25421576117598,3.586799069748835,166.666666667925,0.0,0.3,MEDIUM
evt_003059,STARLINK-32650,STARLINK-36145,1782350399.9999957,32.76976498486342,5.493719256024022,166.666666667925,0.0,0.3,MEDIUM
evt_003060,STARLINK-32636,STARLINK-35698,1782350399.9999957,45.001655266336215,3.3160431840376674,166.666666667925,0.0,0.3,MEDIUM
evt_003063,STARLINK-32697,STARLINK-34107,1782350399.9999957,41.52540506932596,8.319205679082968,166.666666667925,0.0,0.3,MEDIUM
evt_003064,STARLINK-32802,STARLINK-37737,1782350399.9999957,48.8005827468208,10.275521010835943,166.666666667925,0.0,0.3,MEDIUM
evt_003065,STARLINK-32770,STARLINK-35811,1782350399.9999957,38.934775633581054,7.827935173247936,166.666666667925,0.0,0.3,MEDIUM
evt_111542,STARLINK-32770,STARLINK-35811,1782533999.9999957,26.808488159149416,7.835654867912046,115.666666667925,-12.126287474431638,0.3,MEDIUM
evt_189110,STARLINK-32770,STARLINK-35811,1782649800.0000134,37.125593548804574,7.827756106415844,83.49999999629127,10.317105389655158,0.3,MEDIUM
evt_274457,STARLINK-32770,STARLINK-35811,1782765599.999991,23.41840508690736,7.836083519040775,51.33333333584997,-13.707188461897214,0.3,MEDIUM
evt_364691,STARLINK-32770,STARLINK-35811,1782881400.000009,38.18499945643361,7.827834964558667,19.166666664150025,14.76659436952625,0.3,MEDIUM
evt_401915,STARLINK-32770,STARLINK-35811,1782929400.0000043,49.4455129697654,7.836408497839686,5.833333332075013,11.260513513331794,0.3,MEDIUM
evt_003066,STARLINK-32847,STARLINK-35787,1782350399.9999957,27.0941739885376,3.5404164391205573,166.666666667925,0.0,0.3,MEDIUM
evt_003067,STARLINK-32837,STARLINK-36036,1782350399.9999957,35.02752646376897,1.3552368341222507,166.666666667925,0.0,0.3,MEDIUM
evt_003069,STARLINK-32824,STARLINK-36888,1782350399.9999957,29.150937362195663,1.5490497788312003,166.666666667925,0.0,0.3,MEDIUM
evt_003070,STARLINK-32852,STARLINK-32875,1782350399.9999957,46.17276990394658,7.926505553348763,166.666666667925,0.0,0.3,MEDIUM
evt_003071,STARLINK-32887,STARLINK-36081,1782350399.9999957,45.572003805273006,2.571062777987108,166.666666667925,0.0,0.3,MEDIUM
evt_003072,STARLINK-33539,STARLINK-33949,1782350399.9999957,16.547941646274488,3.7927614080277,166.666666667925,0.0,0.3,MEDIUM
evt_003073,STARLINK-33690,STARLINK-37107,1782350399.9999957,24.914434340850622,11.03016579253643,166.666666667925,0.0,0.3,MEDIUM
evt_003074,STARLINK-33649,STARLINK-36269,1782350399.9999957,48.74561271245253,7.883151180439919,166.666666667925,0.0,0.3,MEDIUM
evt_042150,STARLINK-33649,STARLINK-36269,1782418200.000018,39.93578084532035,7.88333945462177,147.83333332836628,-8.809831867132182,0.3,MEDIUM
evt_189127,STARLINK-33649,STARLINK-36269,1782649800.0000134,26.980736288642763,7.883545188204606,83.49999999629127,-12.955044556677588,0.3,MEDIUM
evt_311482,STARLINK-33649,STARLINK-36269,1782813599.9999866,33.996910824276235,7.883439624839611,38.000000003708735,7.016174535633471,0.3,MEDIUM
evt_003075,STARLINK-33730,STARLINK-35984,1782350399.9999957,33.66624137913505,10.330169505536034,166.666666667925,0.0,0.3,MEDIUM
evt_003076,STARLINK-33747,STARLINK-36250,1782350399.9999957,28.926951685013613,1.1029318885784,166.666666667925,0.0,0.3,MEDIUM
evt_003077,STARLINK-33696,STARLINK-35805,1782350399.9999957,45.59715988372001,7.336956406377348,166.666666667925,0.0,0.3,MEDIUM
evt_003080,STARLINK-33792,STARLINK-35918,1782350399.9999957,30.34162976695524,0.2495139810737447,166.666666667925,0.0,0.05,LOW
evt_003081,STARLINK-33719,STARLINK-34531,1782350399.9999957,22.847396946751957,3.479704343278583,166.666666667925,0.0,0.3,MEDIUM
evt_003082,STARLINK-33714,STARLINK-34856,1782350399.9999957,49.70709242705972,10.35291532652065,166.666666667925,0.0,0.3,MEDIUM
evt_003083,STARLINK-33834,STARLINK-34420,1782350399.9999957,31.85013061904769,8.586844367144625,166.666666667925,0.0,0.3,MEDIUM
evt_003084,STARLINK-33749,STARLINK-37263,1782350399.9999957,23.633740413656813,11.555735767385396,166.666666667925,0.0,0.3,MEDIUM
evt_003085,STARLINK-33641,STARLINK-35192,1782350399.9999957,41.760024486450206,5.554925772757299,166.666666667925,0.0,0.3,MEDIUM
evt_003086,STARLINK-33892,STARLINK-35423,1782350399.9999957,26.975972871940147,1.7948326510981631,166.666666667925,0.0,0.3,MEDIUM
evt_003087,STARLINK-34065,STARLINK-35323,1782350399.9999957,25.68782481717962,11.3459436726954,166.666666667925,0.0,0.3,MEDIUM
evt_003088,STARLINK-34057,STARLINK-35614,1782350399.9999957,49.10348485032371,1.3913209443616412,166.666666667925,0.0,0.3,MEDIUM
evt_003089,STARLINK-33997,STARLINK-34676,1782350399.9999957,45.90692707164889,4.862432502827861,166.666666667925,0.0,0.3,MEDIUM
evt_003090,STARLINK-34139,STARLINK-34254,1782350399.9999957,49.582226243998896,7.691734493554835,166.666666667925,0.0,0.3,MEDIUM
evt_003091,STARLINK-34126,STARLINK-34450,1782350399.9999957,39.83906000322696,1.451027391059825,166.666666667925,0.0,0.3,MEDIUM
evt_003092,STARLINK-34157,STARLINK-34237,1782350399.9999957,32.93209708531524,1.3872611754352953,166.666666667925,0.0,0.3,MEDIUM
evt_003093,STARLINK-34082,STARLINK-36414,1782350399.9999957,45.56542849431016,6.628787907829238,166.666666667925,0.0,0.3,MEDIUM
evt_003094,STARLINK-33872,STARLINK-34837,1782350399.9999957,30.7279765930658,11.577424448985717,166.666666667925,0.0,0.3,MEDIUM
evt_003095,STARLINK-33944,STARLINK-36966,1782350399.9999957,18.254567947657563,0.812576908707867,166.666666667925,0.0,0.3,MEDIUM
evt_003098,STARLINK-34353,STARLINK-36298,1782350399.9999957,28.23217507493384,1.1050692678668317,166.666666667925,0.0,0.3,MEDIUM
evt_003100,STARLINK-34307,STARLINK-36367,1782350399.9999957,37.8170896167582,7.739865709571374,166.666666667925,0.0,0.3,MEDIUM
evt_003102,STARLINK-34521,STARLINK-37571,1782350399.9999957,27.65147035009326,14.66450017552435,166.666666667925,0.0,0.3,MEDIUM
evt_003103,STARLINK-34657,STARLINK-37543,1782350399.9999957,25.074648093390252,11.257512177687351,166.666666667925,0.0,0.3,MEDIUM
evt_003105,STARLINK-34744,STARLINK-36236,1782350399.9999957,39.68356227656377,8.670802726321835,166.666666667925,0.0,0.3,MEDIUM
evt_003106,STARLINK-34707,STARLINK-36093,1782350399.9999957,40.32398658912807,14.036035373348872,166.666666667925,0.0,0.3,MEDIUM
evt_003107,STARLINK-34835,STARLINK-36643,1782350399.9999957,25.72487974022381,4.722323668387629,166.666666667925,0.0,0.3,MEDIUM
evt_003108,STARLINK-34859,STARLINK-36490,1782350399.9999957,44.077196095418486,1.6944243759036366,166.666666667925,0.0,0.3,MEDIUM
evt_003109,STARLINK-35028,STARLINK-35177,1782350399.9999957,49.30075516446305,15.00395868755315,166.666666667925,0.0,0.3,MEDIUM
evt_003110,STARLINK-35097,STARLINK-35176,1782350399.9999957,40.75513916200146,15.022522900154682,166.666666667925,0.0,0.3,MEDIUM
evt_367057,STARLINK-35097,STARLINK-35176,1782884399.999991,39.932751394005855,15.022408630052162,18.33333333584997,-0.8223877679956075,0.3,MEDIUM
evt_003112,STARLINK-35182,STARLINK-35444,1782350399.9999957,31.384889386688844,2.9160368803895853,166.666666667925,0.0,0.3,MEDIUM
evt_003113,STARLINK-35241,STARLINK-35537,1782350399.9999957,34.01589018410306,1.2727173861835424,166.666666667925,0.0,0.3,MEDIUM
evt_003114,STARLINK-35123,STARLINK-35872,1782350399.9999957,38.83249119924524,6.419925036619041,166.666666667925,0.0,0.3,MEDIUM
evt_003115,STARLINK-35090,STARLINK-37386,1782350399.9999957,31.39042690487754,14.650058684782024,166.666666667925,0.0,0.3,MEDIUM
evt_003116,STARLINK-35489,STARLINK-35500,1782350399.9999957,46.75937902431422,12.180518705948367,166.666666667925,0.0,0.3,MEDIUM
evt_003117,STARLINK-35408,STARLINK-35583,1782350399.9999957,32.47097836589938,2.015058603023021,166.666666667925,0.0,0.3,MEDIUM
evt_003118,STARLINK-34934,STARLINK-36951,1782350399.9999957,41.74532989652793,6.435236211315543,166.666666667925,0.0,0.3,MEDIUM
evt_003119,STARLINK-35472,STARLINK-36134,1782350399.9999957,45.02021360060844,6.61096681518507,166.666666667925,0.0,0.3,MEDIUM
evt_003120,STARLINK-35436,STARLINK-36880,1782350399.9999957,49.98701304051318,14.5482967776153,166.666666667925,0.0,0.3,MEDIUM
evt_003121,STARLINK-35129,STARLINK-37543,1782350399.9999957,45.9661521397036,11.534228287576695,166.666666667925,0.0,0.3,MEDIUM
evt_003122,STARLINK-35547,STARLINK-35549,1782350399.9999957,49.56084384871627,0.0524032144090119,166.666666667925,0.0,0.05,LOW
evt_003489,STARLINK-35547,STARLINK-35549,1782351000.0,34.52691371782078,0.0346836266163235,166.5,-15.033930130895484,0.05,LOW
evt_003799,STARLINK-35547,STARLINK-35549,1782351600.0000043,21.40197412941456,0.0177082307341604,166.333333332075,-13.124939588406225,0.05,LOW
evt_004150,STARLINK-35547,STARLINK-35549,1782352200.000009,16.89024769747231,0.0100608918604285,166.16666666415003,-4.511726431942247,0.3,MEDIUM
evt_004506,STARLINK-35547,STARLINK-35549,1782352800.0000134,25.69214659941173,0.0235701297540036,165.99999999629128,8.801898901939417,0.05,LOW
evt_004839,STARLINK-35547,STARLINK-35549,1782353400.000018,39.378706068451145,0.0406710818224029,165.83333332836628,13.686559469039416,0.05,LOW
evt_173600,STARLINK-35547,STARLINK-35549,1782627600.000009,48.35828111443541,0.0514708403611263,89.66666666415003,8.97957504598427,0.05,LOW
evt_174024,STARLINK-35547,STARLINK-35549,1782628200.0000134,32.56313131676075,0.0319119672892893,89.49999999629127,-15.79514979767466,0.05,LOW
evt_174462,STARLINK-35547,STARLINK-35549,1782628800.000018,20.3121839626262,0.0141757883329694,89.33333332836628,-12.250947354134556,0.05,LOW
evt_174904,STARLINK-35547,STARLINK-35549,1782629399.999982,20.446282056132983,0.014674569883132,89.16666667163372,0.1340980935067861,0.05,LOW
evt_175341,STARLINK-35547,STARLINK-35549,1782629999.9999866,33.2721721794222,0.032972442226815,89.00000000370873,12.825890123289216,0.05,LOW
evt_003123,STARLINK-34752,STARLINK-35627,1782350399.9999957,23.60132880469009,0.1493076273334275,166.666666667925,0.0,0.05,LOW
evt_003124,STARLINK-35634,STARLINK-36235,1782350399.9999957,42.58643412528723,7.083913121270008,166.666666667925,0.0,0.3,MEDIUM
evt_003125,STARLINK-35634,STARLINK-37440,1782350399.9999957,44.80646031064629,10.518192917935828,166.666666667925,0.0,0.3,MEDIUM
evt_003126,STARLINK-34204,STARLINK-36492,1782350399.9999957,40.67089326793661,1.757356443206148,166.666666667925,0.0,0.3,MEDIUM
evt_003128,STARLINK-34896,STARLINK-36574,1782350399.9999957,36.99961118668452,5.899856280453992,166.666666667925,0.0,0.3,MEDIUM
evt_003130,STARLINK-35846,STARLINK-35906,1782350399.9999957,32.64031778860666,11.31425623015688,166.666666667925,0.0,0.3,MEDIUM
evt_003131,STARLINK-36076,STARLINK-37467,1782350399.9999957,30.815212190620308,7.318598202699337,166.666666667925,0.0,0.3,MEDIUM
evt_003133,STARLINK-35921,STARLINK-37135,1782350399.9999957,35.23901129998727,5.974927727760509,166.666666667925,0.0,0.3,MEDIUM
evt_003134,STARLINK-35786,STARLINK-36750,1782350399.9999957,47.569429425621685,13.536565722127785,166.666666667925,0.0,0.3,MEDIUM
evt_003136,STARLINK-36477,STARLINK-37020,1782350399.9999957,48.22847004648524,13.799089156898727,166.666666667925,0.0,0.3,MEDIUM
evt_003137,STARLINK-36460,STARLINK-36713,1782350399.9999957,43.85443050579829,9.67269594740332,166.666666667925,0.0,0.3,MEDIUM
evt_003138,STARLINK-36421,STARLINK-36564,1782350399.9999957,32.18798939928038,12.098333885446817,166.666666667925,0.0,0.3,MEDIUM
evt_003139,STARLINK-36882,STARLINK-37373,1782350399.9999957,40.79125879545881,0.6261747578106356,166.666666667925,0.0,0.05,LOW
evt_007964,STARLINK-36882,STARLINK-37373,1782358800.000018,47.5101321253771,0.6240037798320797,164.33333332836628,6.718873329918289,0.05,LOW
evt_019389,STARLINK-36882,STARLINK-37373,1782378600.0000043,41.50391715081976,0.6259613363270993,158.833333332075,-6.006214974557338,0.05,LOW
evt_024087,STARLINK-36882,STARLINK-37373,1782386999.9999866,43.65880772589425,0.6242005775726254,156.50000000370872,2.1548905750744893,0.05,LOW
evt_035520,STARLINK-36882,STARLINK-37373,1782406800.0000134,43.033509993235626,0.6256718543871593,150.99999999629128,-0.6252977326586233,0.05,LOW
evt_040422,STARLINK-36882,STARLINK-37373,1782415199.9999957,40.18550915119183,0.6243323105930751,148.666666667925,-2.8480008420437954,0.05,LOW
evt_051991,STARLINK-36882,STARLINK-37373,1782434999.999982,45.36287191622258,0.6253011554875885,143.16666667163372,5.17736276503075,0.05,LOW
evt_057061,STARLINK-36882,STARLINK-37373,1782443400.0000043,37.278356359787615,0.6243937989099418,140.833333332075,-8.084515556434965,0.05,LOW
evt_068771,STARLINK-36882,STARLINK-37373,1782463199.999991,48.43926328041085,0.6248439680690102,135.33333333584997,11.160906920623232,0.05,LOW
evt_073763,STARLINK-36882,STARLINK-37373,1782471600.0000134,35.16762639138377,0.6243797400845487,132.99999999629128,-13.27163688902708,0.05,LOW
evt_090803,STARLINK-36882,STARLINK-37373,1782499799.999982,34.09618252752411,0.624284711292806,125.16666667163372,-1.0714438638596633,0.05,LOW
evt_095830,STARLINK-36882,STARLINK-37373,1782508200.0000043,45.76000305213225,0.6248284355622103,122.833333332075,11.66382052460814,0.05,LOW
evt_107842,STARLINK-36882,STARLINK-37373,1782527999.999991,34.257756644564246,0.6241031717648584,117.33333333584996,-11.502246407568002,0.05,LOW
evt_113162,STARLINK-36882,STARLINK-37373,1782536400.0000134,40.3617397351115,0.6251126520764069,114.99999999629128,6.103983090547253,0.05,LOW
evt_125706,STARLINK-36882,STARLINK-37373,1782556200.0,35.729228683446706,0.6238294656224425,109.5,-4.6325110516647925,0.05,LOW
evt_131174,STARLINK-36882,STARLINK-37373,1782564599.999982,35.31422675128784,0.6253139503179544,107.16666667163372,-0.4150019321588658,0.05,LOW
evt_144141,STARLINK-36882,STARLINK-37373,1782584400.000009,38.4486826566392,0.6234578251429349,101.66666666415004,3.134455905351359,0.05,LOW
evt_149764,STARLINK-36882,STARLINK-37373,1782592799.999991,30.90702962030249,0.6254264171458733,99.33333333584996,-7.541653036336708,0.05,LOW
evt_163197,STARLINK-36882,STARLINK-37373,1782612600.000018,42.25716390423051,0.622982374480639,93.83333332836628,11.350134283928018,0.05,LOW
evt_169010,STARLINK-36882,STARLINK-37373,1782621000.0,27.58358116125711,0.625444019972931,91.5,-14.673582742973398,0.05,LOW
evt_174916,STARLINK-36882,STARLINK-37373,1782629399.999982,47.48185908715987,0.6224073234407383,89.16666667163372,19.89827792590276,0.05,LOW
evt_182868,STARLINK-36882,STARLINK-37373,1782640799.9999866,46.96457673790254,0.6223971338772101,86.00000000370873,-0.5172823492573286,0.05,LOW
evt_188771,STARLINK-36882,STARLINK-37373,1782649200.000009,25.91112008454468,0.6253606105071201,83.66666666415003,-21.053456653357863,0.05,LOW
evt_194629,STARLINK-36882,STARLINK-37373,1782657599.999991,40.65987566769886,0.6228352880107849,81.33333333584997,14.748755583154184,0.05,LOW
evt_209006,STARLINK-36882,STARLINK-37373,1782677400.000018,26.35183069632312,0.6251699290161105,75.83333332836628,-14.308044971375743,0.05,LOW
evt_215074,STARLINK-36882,STARLINK-37373,1782685800.0,33.95640529697813,0.6231671315841745,73.5,7.604574600655013,0.05,LOW
evt_229715,STARLINK-36882,STARLINK-37373,1782705599.9999866,28.94183292762143,0.6248656091491612,68.00000000370873,-5.014572369356703,0.05,LOW
evt_235955,STARLINK-36882,STARLINK-37373,1782714000.000009,27.60360690164636,0.6233964308494225,65.66666666415003,-1.3382260259750716,0.05,LOW
evt_250635,STARLINK-36882,STARLINK-37373,1782733799.9999957,33.298315768313465,0.6244411833538727,60.166666667924986,5.694708866667106,0.05,LOW
evt_256917,STARLINK-36882,STARLINK-37373,1782742200.000018,22.0933763483452,0.6235166483830503,57.83333332836628,-11.204939419968266,0.05,LOW
evt_263356,STARLINK-36882,STARLINK-37373,1782750600.0,47.80954603182239,0.6231882937118435,55.5,25.716169683477187,0.05,LOW
evt_271879,STARLINK-36882,STARLINK-37373,1782762000.0000043,38.93182127973045,0.6238900889251524,52.33333333207501,-8.877724752091936,0.05,LOW
evt_278158,STARLINK-36882,STARLINK-37373,1782770399.9999866,18.43239686570408,0.6235211377725275,50.000000003708735,-20.49942441402637,0.3,MEDIUM
evt_284558,STARLINK-36882,STARLINK-37373,1782778800.000009,39.70934211049836,0.6237527278194808,47.66666666415003,21.27694524479428,0.05,LOW
evt_293317,STARLINK-36882,STARLINK-37373,1782790200.0000134,45.45572790344254,0.6232056747298071,44.49999999629127,5.746385792944189,0.05,LOW
evt_299782,STARLINK-36882,STARLINK-37373,1782798599.9999957,18.03344282160254,0.623403149372822,42.166666667924986,-27.42228508184,0.3,MEDIUM
evt_306372,STARLINK-36882,STARLINK-37373,1782807000.000018,31.50947618891742,0.6242035874827946,39.83333332836628,13.47603336731488,0.05,LOW
evt_321950,STARLINK-36882,STARLINK-37373,1782826800.0000043,21.28116471168907,0.6231558367385175,34.333333332075014,-10.228311477228353,0.05,LOW
evt_328714,STARLINK-36882,STARLINK-37373,1782835199.9999866,23.297434987398816,0.6245338123406736,32.000000003708735,2.016270275709747,0.05,LOW
evt_344298,STARLINK-36882,STARLINK-37373,1782855000.0000134,27.042065272035053,0.6227722637758717,26.499999996291265,3.744630284636237,0.05,LOW
evt_350870,STARLINK-36882,STARLINK-37373,1782863399.9999957,15.351911017145788,0.6247362364901852,24.166666667924986,-11.690154254889263,0.3,MEDIUM
evt_357346,STARLINK-36882,STARLINK-37373,1782871800.000018,46.85018322927355,0.6212608072389811,21.83333332836628,31.49827221212776,0.05,LOW
evt_366186,STARLINK-36882,STARLINK-37373,1782883199.999982,34.18867238782839,0.6222454126611159,18.66666667163372,-12.661510841445155,0.05,LOW
evt_372765,STARLINK-36882,STARLINK-37373,1782891600.0000043,8.985756747619405,0.6248035958908489,16.333333332075014,-25.202915640208985,0.3,MEDIUM
evt_379414,STARLINK-36882,STARLINK-37373,1782899999.9999866,37.91840074737441,0.6219280541515497,14.000000003708733,28.93264399975501,0.05,LOW
evt_388113,STARLINK-36882,STARLINK-37373,1782911399.999991,42.12097364080121,0.6215681925762943,10.833333335849971,4.202572893426797,0.05,LOW
evt_394679,STARLINK-36882,STARLINK-37373,1782919800.0000134,9.337290656128104,0.624728536575859,8.499999996291267,-32.783682984673106,0.3,MEDIUM
evt_401012,STARLINK-36882,STARLINK-37373,1782928199.9999957,28.809600323865567,0.6224641953693025,6.166666667924987,19.472309667737463,0.05,LOW
evt_416937,STARLINK-36882,STARLINK-37373,1782947999.999982,16.256308166285944,0.6245036237218156,0.6666666716337204,-12.553292157579625,0.3,MEDIUM
evt_003140,STARLINK-36734,STARLINK-37512,1782350399.9999957,25.775354522846403,13.399960774651545,166.666666667925,0.0,0.3,MEDIUM
evt_003142,STARLINK-37205,STARLINK-37169,1782350399.9999957,46.72241700602434,0.5297031047079419,166.666666667925,0.0,0.05,LOW
evt_003143,STARLINK-37109,STARLINK-36859,1782350399.9999957,33.37069995548222,14.391182624927795,166.666666667925,0.0,0.3,MEDIUM
evt_003144,STARLINK-37319,STARLINK-37450,1782350399.9999957,30.800377495634805,13.506061823246762,166.666666667925,0.0,0.3,MEDIUM
evt_003145,STARLINK-37396,STARLINK-37503,1782350399.9999957,42.98467731398245,0.0307510065780569,166.666666667925,0.0,0.05,LOW
evt_003506,STARLINK-37396,STARLINK-37503,1782351000.0,45.40247257669739,0.0352721832435802,166.5,2.4177952627149395,0.05,LOW
evt_003148,STARLINK-37601,STARLINK-37532,1782350399.9999957,31.42052333856604,0.0826272398243651,166.666666667925,0.0,0.05,LOW
evt_004537,STARLINK-37601,STARLINK-37532,1782352800.0000134,43.35222403716974,0.0917164343082021,165.99999999629128,11.9317006986037,0.05,LOW
evt_003149,STARLINK-1047,STARLINK-2713,1782351000.0,23.228487078778222,3.0760958221618724,166.5,0.0,0.3,MEDIUM
evt_003150,STARLINK-1167,STARLINK-1527,1782351000.0,45.90800312547344,11.555153527506247,166.5,0.0,0.3,MEDIUM
evt_003153,STARLINK-1271,STARLINK-6108,1782351000.0,31.9188207034658,10.463504254038906,166.5,0.0,0.3,MEDIUM
evt_003154,STARLINK-1283,STARLINK-11249 [DTC],1782351000.0,28.94180220066525,0.5612432730811302,166.5,0.0,0.05,LOW
evt_003156,STARLINK-1376,STARLINK-35701,1782351000.0,46.50216627726175,1.8601124071730712,166.5,0.0,0.3,MEDIUM
evt_003157,STARLINK-1423,STARLINK-11315 [DTC],1782351000.0,40.05178650425554,0.1026224941867239,166.5,0.0,0.05,LOW
evt_004548,STARLINK-1423,STARLINK-11315 [DTC],1782353400.000018,28.78595357233428,0.0924740637251176,165.83333332836628,-11.265832931921256,0.05,LOW
evt_004876,STARLINK-1423,STARLINK-11315 [DTC],1782353999.999982,35.53561497189076,0.0880807073418233,165.66666667163372,6.7496613995564765,0.05,LOW
evt_006253,STARLINK-1423,STARLINK-11315 [DTC],1782356400.0,5.910104174820384,0.0940604335033705,165.0,-29.625510797070376,0.3,MEDIUM
evt_007632,STARLINK-1423,STARLINK-11315 [DTC],1782358800.000018,37.19313419415358,0.0889074317677839,164.33333332836628,31.2830300193332,0.05,LOW
evt_007978,STARLINK-1423,STARLINK-11315 [DTC],1782359399.999982,31.90816901957679,0.0930229022302474,164.16666667163372,-5.28496517457679,0.05,LOW
evt_009353,STARLINK-1423,STARLINK-11315 [DTC],1782361800.0,34.94132188887956,0.1016930934563288,163.5,3.033152869302768,0.05,LOW
evt_003158,STARLINK-1470,STARLINK-36611,1782351000.0,38.866764378865874,1.7404754785445635,166.5,0.0,0.3,MEDIUM
evt_003159,STARLINK-1526,STARLINK-34164,1782351000.0,40.48511808811365,3.695742675067785,166.5,0.0,0.3,MEDIUM
evt_003162,STARLINK-1551,STARLINK-35831,1782351000.0,47.54268602333292,10.987186376003097,166.5,0.0,0.3,MEDIUM
evt_003163,STARLINK-1579,STARLINK-34759,1782351000.0,43.57641219534402,7.75555476199823,166.5,0.0,0.3,MEDIUM
evt_003165,STARLINK-1807,STARLINK-37130,1782351000.0,40.59013261419763,10.064323750391235,166.5,0.0,0.3,MEDIUM
evt_003167,STARLINK-2045,STARLINK-37294,1782351000.0,38.86256272673239,0.1250419308909106,166.5,0.0,0.05,LOW
evt_003522,STARLINK-2045,STARLINK-37294,1782351600.0000043,46.81324211576024,0.1186101541309173,166.333333332075,7.950679389027854,0.05,LOW
evt_004886,STARLINK-2045,STARLINK-37294,1782353999.999982,21.21671540659381,0.1282689488181248,165.66666667163372,-25.59652670916643,0.05,LOW
evt_003169,STARLINK-2049,STARLINK-32040,1782351000.0,37.5451414056964,0.0735002494079326,166.5,0.0,0.05,LOW
evt_003524,STARLINK-2049,STARLINK-32040,1782351600.0000043,40.08281990830625,0.0674109483222973,166.333333332075,2.5376785026098503,0.05,LOW
evt_004556,STARLINK-2049,STARLINK-32040,1782353400.000018,41.51599896498121,0.0532250751610845,165.83333332836628,1.433179056674959,0.05,LOW
evt_004887,STARLINK-2049,STARLINK-32040,1782353999.999982,14.38380502201425,0.0657918373025651,165.66666667163372,-27.13219394296696,0.3,MEDIUM
evt_005259,STARLINK-2049,STARLINK-32040,1782354599.9999866,35.699244458088195,0.052268290449512,165.50000000370872,21.315439436073945,0.05,LOW
evt_006263,STARLINK-2049,STARLINK-32040,1782356400.0,27.934033021722275,0.0565392327370054,165.0,-7.76521143636592,0.05,LOW
evt_006598,STARLINK-2049,STARLINK-32040,1782357000.0000043,13.450961628915053,0.0637004217010642,164.833333332075,-14.483071392807222,0.3,MEDIUM
evt_006968,STARLINK-2049,STARLINK-32040,1782357600.000009,44.65847874088627,0.0449375166934384,164.66666666415003,31.20751711197121,0.05,LOW
evt_007984,STARLINK-2049,STARLINK-32040,1782359399.999982,31.174927513391587,0.0679021465142882,164.16666667163372,-13.48355122749468,0.05,LOW
evt_008338,STARLINK-2049,STARLINK-32040,1782359999.9999866,37.82578258851051,0.0689264458884586,164.00000000370872,6.650855075118926,0.05,LOW
evt_009740,STARLINK-2049,STARLINK-32040,1782362400.0000043,48.60210696795702,0.0832146645676512,163.333333332075,10.776324379446509,0.05,LOW
evt_003171,STARLINK-2094,STARLINK-32082,1782351000.0,34.539798452121666,1.4660006951130655,166.5,0.0,0.3,MEDIUM
evt_003172,STARLINK-2098,STARLINK-32325,1782351000.0,42.9141749088716,5.171708565124734,166.5,0.0,0.3,MEDIUM
evt_003173,STARLINK-2099,STARLINK-5792,1782351000.0,43.00572308070444,7.010288659970241,166.5,0.0,0.3,MEDIUM
evt_003174,STARLINK-2102,STARLINK-36684,1782351000.0,46.21368411849099,0.782901082230781,166.5,0.0,0.05,LOW
evt_003176,STARLINK-2109,STARLINK-36983,1782351000.0,45.82434693275694,8.048261989906303,166.5,0.0,0.3,MEDIUM
evt_003177,STARLINK-1972,STARLINK-11346 [DTC],1782351000.0,29.50729358078881,5.423841258373279,166.5,0.0,0.3,MEDIUM
evt_003179,STARLINK-2031,STARLINK-5564,1782351000.0,37.65603941532131,1.6518472071412116,166.5,0.0,0.3,MEDIUM
evt_003180,STARLINK-2178,STARLINK-33848,1782351000.0,24.957102005785654,0.3727149759171197,166.5,0.0,0.05,LOW
evt_003181,STARLINK-2195,STARLINK-36844,1782351000.0,29.73245394310081,8.763373417602994,166.5,0.0,0.3,MEDIUM
evt_003182,STARLINK-2314,STARLINK-32715,1782351000.0,44.64456754059693,3.265602728822032,166.5,0.0,0.3,MEDIUM
evt_003183,STARLINK-2319,STARLINK-37296,1782351000.0,45.67688511536188,6.717042709307915,166.5,0.0,0.3,MEDIUM
evt_003184,STARLINK-2354,STARLINK-37200,1782351000.0,25.42713790423908,7.92655762104675,166.5,0.0,0.3,MEDIUM
evt_003186,STARLINK-2421,STARLINK-36096,1782351000.0,19.86135098316611,11.98396430006034,166.5,0.0,0.3,MEDIUM
evt_003190,STARLINK-2476,STARLINK-34626,1782351000.0,43.50259244929308,11.580954387066722,166.5,0.0,0.3,MEDIUM
evt_003192,STARLINK-2485,STARLINK-34763,1782351000.0,48.19923417610634,0.1110425896951975,166.5,0.0,0.05,LOW
evt_003544,STARLINK-2485,STARLINK-34763,1782351600.0000043,47.496909593519234,0.1051078093217076,166.333333332075,-0.7023245825871101,0.05,LOW
evt_004924,STARLINK-2485,STARLINK-34763,1782353999.999982,11.665367228358711,0.1066824097642137,165.66666667163372,-35.83154236516052,0.3,MEDIUM
evt_006625,STARLINK-2485,STARLINK-34763,1782357000.0000043,43.70358117451805,0.1157823476588639,164.833333332075,32.03821394615934,0.05,LOW
evt_003193,STARLINK-2503,STARLINK-5664,1782351000.0,13.379865739984313,5.955517702101307,166.5,0.0,0.3,MEDIUM
evt_003194,STARLINK-2567,STARLINK-32156,1782351000.0,39.76035174596271,0.2355465077575489,166.5,0.0,0.05,LOW
evt_004925,STARLINK-2567,STARLINK-32156,1782353999.999982,17.238668033420772,0.2352304393637573,165.66666667163372,-22.521683712541936,0.3,MEDIUM
evt_003195,STARLINK-2567,STARLINK-33617,1782351000.0,44.62472598863569,0.0856656314761268,166.5,0.0,0.05,LOW
evt_003547,STARLINK-2567,STARLINK-33617,1782351600.0000043,49.27956350994358,0.0727061823139833,166.333333332075,4.65483752130789,0.05,LOW
evt_004574,STARLINK-2567,STARLINK-33617,1782353400.000018,38.16468240357685,0.0610610247187392,165.83333332836628,-11.114881106366733,0.05,LOW
evt_004926,STARLINK-2567,STARLINK-33617,1782353999.999982,10.17595470349915,0.0715459337676976,165.66666667163372,-27.988727700077696,0.3,MEDIUM
evt_005282,STARLINK-2567,STARLINK-33617,1782354599.9999866,44.79380108626157,0.0527246629261766,165.50000000370872,34.61784638276242,0.05,LOW
evt_006280,STARLINK-2567,STARLINK-33617,1782356400.0,37.83138077910287,0.0735749531608264,165.0,-6.962420307158702,0.05,LOW
evt_006628,STARLINK-2567,STARLINK-33617,1782357000.0000043,41.08536436199423,0.0796258335626987,164.833333332075,3.253983582891358,0.05,LOW
evt_003198,STARLINK-2535,STARLINK-31370,1782351000.0,46.8664821627601,10.538119773488084,166.5,0.0,0.3,MEDIUM
evt_003200,STARLINK-2524,STARLINK-33827,1782351000.0,38.28188746324832,11.046992824814412,166.5,0.0,0.3,MEDIUM
evt_003201,STARLINK-2519,STARLINK-34526,1782351000.0,20.618413458075533,1.8946602539641204,166.5,0.0,0.3,MEDIUM
evt_003202,STARLINK-2061,STARLINK-30794,1782351000.0,30.196047508607624,1.357063269840519,166.5,0.0,0.3,MEDIUM
evt_003204,STARLINK-2611,STARLINK-36153,1782351000.0,28.636057017147944,1.1048838873789508,166.5,0.0,0.3,MEDIUM
evt_003206,STARLINK-2576,STARLINK-31729,1782351000.0,26.90295041921074,4.517698283496991,166.5,0.0,0.3,MEDIUM
evt_003207,STARLINK-2639,STARLINK-35071,1782351000.0,42.776770019521,7.854441959204888,166.5,0.0,0.3,MEDIUM
evt_003208,STARLINK-2702,STARLINK-6171,1782351000.0,24.608755431990808,11.18691915714228,166.5,0.0,0.3,MEDIUM
evt_003209,STARLINK-2654,STARLINK-34900,1782351000.0,44.77464709938912,0.9845468330174874,166.5,0.0,0.05,LOW
evt_003211,STARLINK-2500,STARLINK-32658,1782351000.0,26.962918041276968,11.140871032984798,166.5,0.0,0.3,MEDIUM
evt_003213,STARLINK-2222,STARLINK-31763,1782351000.0,48.725304750213446,10.757730897119544,166.5,0.0,0.3,MEDIUM
evt_003214,STARLINK-2228,STARLINK-4158,1782351000.0,44.22760017467622,0.0343765875032391,166.5,0.0,0.05,LOW
evt_003570,STARLINK-2228,STARLINK-4158,1782351600.0000043,37.95061449797283,0.0257320395766651,166.333333332075,-6.27698567670339,0.05,LOW
evt_003217,STARLINK-2695,STARLINK-32229,1782351000.0,37.85517123265667,9.500844275985049,166.5,0.0,0.3,MEDIUM
evt_003218,STARLINK-2717,STARLINK-35169,1782351000.0,48.78865883482521,11.637790841764112,166.5,0.0,0.3,MEDIUM
evt_003219,STARLINK-2726,STARLINK-33809,1782351000.0,47.96062633523053,2.710733504790513,166.5,0.0,0.3,MEDIUM
evt_003222,STARLINK-2616,STARLINK-31484,1782351000.0,49.32745791247788,0.1021698138907583,166.5,0.0,0.05,LOW
evt_003576,STARLINK-2616,STARLINK-31484,1782351600.0000043,44.95896720094812,0.1005267109747868,166.333333332075,-4.368490711529759,0.05,LOW
evt_004945,STARLINK-2616,STARLINK-31484,1782353999.999982,21.939682554379857,0.098654612457497,165.66666667163372,-23.019284646568263,0.05,LOW
evt_005315,STARLINK-2616,STARLINK-31484,1782354599.9999866,46.28922229742052,0.0857383386226522,165.50000000370872,24.349539743040665,0.05,LOW
evt_006655,STARLINK-2616,STARLINK-31484,1782357000.0000043,8.95041405930999,0.0979675197706363,164.833333332075,-37.33880823811053,0.3,MEDIUM
evt_008030,STARLINK-2616,STARLINK-31484,1782359399.999982,41.91864942963049,0.0933432129908212,164.16666667163372,32.9682353703205,0.05,LOW
evt_008384,STARLINK-2616,STARLINK-31484,1782359999.9999866,35.56055422522803,0.0993327258232431,164.00000000370872,-6.35809520440246,0.05,LOW
evt_009796,STARLINK-2616,STARLINK-31484,1782362400.0000043,49.745974487891175,0.1086641293597307,163.333333332075,14.185420262663143,0.05,LOW
evt_003223,STARLINK-3068,STARLINK-34498,1782351000.0,16.196969932261876,13.987538755695072,166.5,0.0,0.3,MEDIUM
evt_003224,STARLINK-3060,STARLINK-5895,1782351000.0,44.19689788128375,0.1965828920951967,166.5,0.0,0.05,LOW
evt_003225,STARLINK-3107,STARLINK-4298,1782351000.0,34.318152997034254,2.3278430306098845,166.5,0.0,0.3,MEDIUM
evt_003226,STARLINK-3128,STARLINK-36427,1782351000.0,37.90038082466807,1.5200064055992637,166.5,0.0,0.3,MEDIUM
evt_003227,STARLINK-3129,STARLINK-31658,1782351000.0,43.1876307282932,6.165912906557865,166.5,0.0,0.3,MEDIUM
evt_003228,STARLINK-3286,STARLINK-36969,1782351000.0,45.70253275357675,0.0697418301521124,166.5,0.0,0.05,LOW
evt_003581,STARLINK-3286,STARLINK-36969,1782351600.0000043,30.127008077274965,0.0643755030849485,166.333333332075,-15.575524676301782,0.05,LOW
evt_003897,STARLINK-3286,STARLINK-36969,1782352200.000009,46.710837780438254,0.0385073666976323,166.16666666415003,16.58382970316329,0.05,LOW
evt_004950,STARLINK-3286,STARLINK-36969,1782353999.999982,43.88068632421668,0.0741059834377601,165.66666667163372,-2.8301514562215715,0.05,LOW
evt_003229,STARLINK-3328,STARLINK-36291,1782351000.0,44.09355756198198,12.980038050981628,166.5,0.0,0.3,MEDIUM
evt_003231,STARLINK-3308,STARLINK-36314,1782351000.0,30.62447032267392,6.070422454168447,166.5,0.0,0.3,MEDIUM
evt_003232,STARLINK-3388,STARLINK-32847,1782351000.0,48.75661931146514,0.6362914865523248,166.5,0.0,0.05,LOW
evt_003233,STARLINK-3393,STARLINK-33961,1782351000.0,41.54791025174269,3.770854805169305,166.5,0.0,0.3,MEDIUM
evt_003234,STARLINK-3364,STARLINK-4266,1782351000.0,48.82862439231789,6.558222907665488,166.5,0.0,0.3,MEDIUM
evt_003235,STARLINK-3540,STARLINK-4718,1782351000.0,45.40792344364149,4.66922777333374,166.5,0.0,0.3,MEDIUM
evt_046158,STARLINK-3540,STARLINK-4718,1782425399.999991,43.764363320322445,4.669239479171385,145.83333333584997,-1.643560123319041,0.3,MEDIUM
evt_090509,STARLINK-3540,STARLINK-4718,1782499799.999982,42.54570545241096,4.669248573111171,125.16666667163372,-1.2186578679114888,0.3,MEDIUM
evt_137037,STARLINK-3540,STARLINK-4718,1782574200.0000134,41.78194833224506,4.669255111930507,104.49999999629128,-0.7637571201658986,0.3,MEDIUM
evt_188005,STARLINK-3540,STARLINK-4718,1782648600.0000043,41.49358352615648,4.669259181808763,83.83333333207501,-0.2883648060885804,0.3,MEDIUM
evt_242211,STARLINK-3540,STARLINK-4718,1782722999.9999957,41.68846214021636,4.669260898331576,63.166666667924986,0.1948786140598812,0.3,MEDIUM
evt_298443,STARLINK-3540,STARLINK-4718,1782797399.9999866,42.36048799686437,4.669260406488421,42.500000003708735,0.6720258566480055,0.3,MEDIUM
evt_356956,STARLINK-3540,STARLINK-4718,1782871800.000018,43.49059333365752,4.669257880663476,21.83333332836628,1.1301053367931502,0.3,MEDIUM
evt_415056,STARLINK-3540,STARLINK-4718,1782946200.000009,45.04965789897708,4.669253524619659,1.166666664150026,1.5590645653195665,0.3,MEDIUM
evt_003236,STARLINK-3520,STARLINK-5028,1782351000.0,45.90374565576191,0.5556387081299693,166.5,0.0,0.05,LOW
evt_003237,STARLINK-3616,STARLINK-34833,1782351000.0,40.515925828880285,11.672939816196608,166.5,0.0,0.3,MEDIUM
evt_003238,STARLINK-3646,STARLINK-30591,1782351000.0,38.11941875829855,2.791312880939818,166.5,0.0,0.3,MEDIUM
evt_003239,STARLINK-3541,STARLINK-31987,1782351000.0,41.99498199804988,4.875573294069548,166.5,0.0,0.3,MEDIUM
evt_003240,STARLINK-3583,STARLINK-5037,1782351000.0,49.30554451519741,4.669812401649037,166.5,0.0,0.3,MEDIUM
evt_046165,STARLINK-3583,STARLINK-5037,1782425399.999991,49.9796196869028,4.669858252368402,145.83333333584997,0.6740751717053826,0.3,MEDIUM
evt_003242,STARLINK-3504,STARLINK-4083,1782351000.0,23.757099473303832,3.657111716049156,166.5,0.0,0.3,MEDIUM
evt_003243,STARLINK-3598,STARLINK-5952,1782351000.0,41.13008304032048,5.10923682461178,166.5,0.0,0.3,MEDIUM
evt_003245,STARLINK-3694,STARLINK-36474,1782351000.0,45.20998138258872,7.63917902471156,166.5,0.0,0.3,MEDIUM
evt_003246,STARLINK-3703,STARLINK-5191,1782351000.0,45.06077191969271,4.658482561188372,166.5,0.0,0.3,MEDIUM
evt_046168,STARLINK-3703,STARLINK-5191,1782425399.999991,46.55256140840031,4.658518525747862,145.83333333584997,1.491789488707596,0.3,MEDIUM
evt_090518,STARLINK-3703,STARLINK-5191,1782499799.999982,48.6809202896675,4.658554319132042,125.16666667163372,2.1283588812671894,0.3,MEDIUM
evt_003247,STARLINK-3658,STARLINK-5200,1782351000.0,32.94040740507191,10.800141231706553,166.5,0.0,0.3,MEDIUM
evt_003248,STARLINK-3736,STARLINK-3558,1782351000.0,37.69711337419896,0.0578003954191634,166.5,0.0,0.05,LOW
evt_003591,STARLINK-3736,STARLINK-3558,1782351600.0000043,26.380984993280794,0.0489119092935101,166.333333332075,-11.316128380918162,0.05,LOW
evt_003915,STARLINK-3736,STARLINK-3558,1782352200.000009,43.69430852173028,0.0308027304386615,166.16666666415003,17.313323528449484,0.05,LOW
evt_003249,STARLINK-3685,STARLINK-35223,1782351000.0,36.0081556819364,12.202787866389173,166.5,0.0,0.3,MEDIUM
evt_003250,STARLINK-3711,STARLINK-30549,1782351000.0,34.485896935053795,0.0204553416559394,166.5,0.0,0.05,LOW
evt_003592,STARLINK-3711,STARLINK-30549,1782351600.0000043,47.30055171783755,0.0418188806050022,166.333333332075,12.814654782783755,0.05,LOW
evt_003251,STARLINK-3688,STARLINK-37018,1782351000.0,38.57360277655111,14.695370912923032,166.5,0.0,0.3,MEDIUM
evt_003252,STARLINK-3848,STARLINK-33589,1782351000.0,26.207393906142755,10.416484111179376,166.5,0.0,0.3,MEDIUM
evt_003254,STARLINK-3937,STARLINK-36570,1782351000.0,30.108159930303653,9.499358861387888,166.5,0.0,0.3,MEDIUM
evt_003255,STARLINK-3901,STARLINK-33829,1782351000.0,28.729701147850196,0.5012024785986038,166.5,0.0,0.05,LOW
evt_003256,STARLINK-4016,STARLINK-31629,1782351000.0,35.96833201235144,10.221488414157765,166.5,0.0,0.3,MEDIUM
evt_003257,STARLINK-3741,STARLINK-35837,1782351000.0,44.64727850631829,9.008335800134375,166.5,0.0,0.3,MEDIUM
evt_003258,STARLINK-3989,STARLINK-36149,1782351000.0,25.50319478605938,1.6199636524030157,166.5,0.0,0.3,MEDIUM
evt_003259,STARLINK-4033,STARLINK-35066,1782351000.0,45.62955896175887,6.125936297485102,166.5,0.0,0.3,MEDIUM
evt_003260,STARLINK-4184,STARLINK-34362,1782351000.0,45.08855785321676,3.335538141974056,166.5,0.0,0.3,MEDIUM
evt_003261,STARLINK-4189,STARLINK-35553,1782351000.0,45.28633462659685,0.2988298751798802,166.5,0.0,0.05,LOW
evt_003262,STARLINK-4196,STARLINK-34428,1782351000.0,43.5076916378402,3.322949875717877,166.5,0.0,0.3,MEDIUM
evt_003263,STARLINK-4121,STARLINK-32763,1782351000.0,35.64994770044422,6.092388353085527,166.5,0.0,0.3,MEDIUM
evt_003264,STARLINK-4255,STARLINK-35583,1782351000.0,29.191884936531174,11.206323331360297,166.5,0.0,0.3,MEDIUM
evt_003265,STARLINK-4327,STARLINK-5076,1782351000.0,23.198467056644656,14.781390581024556,166.5,0.0,0.3,MEDIUM
evt_003266,STARLINK-4094,STARLINK-30517,1782351000.0,30.21157184604005,10.270145083584932,166.5,0.0,0.3,MEDIUM
evt_003267,STARLINK-4040,STARLINK-5121,1782351000.0,46.15777510113767,4.6300084046979775,166.5,0.0,0.3,MEDIUM
evt_046182,STARLINK-4040,STARLINK-5121,1782425399.999991,46.41594364700322,4.630055449407487,145.83333333584997,0.2581685458655443,0.3,MEDIUM
evt_090536,STARLINK-4040,STARLINK-5121,1782499799.999982,49.09770999714722,4.630115681584504,125.16666667163372,2.6817663501440023,0.3,MEDIUM
evt_003268,STARLINK-4117,STARLINK-35094,1782351000.0,47.49256063314853,6.118159309475257,166.5,0.0,0.3,MEDIUM
evt_003269,STARLINK-4410,STARLINK-36621,1782351000.0,25.76231434121868,0.1973854191358728,166.5,0.0,0.05,LOW
evt_006342,STARLINK-4410,STARLINK-36621,1782356400.0,48.96477562234626,0.1999838431034792,165.0,23.202461281127583,0.05,LOW
evt_003270,STARLINK-4539,STARLINK-6150,1782351000.0,30.45343301607402,4.479512831171259,166.5,0.0,0.3,MEDIUM
evt_003271,STARLINK-4539,STARLINK-33725,1782351000.0,31.484880470121,8.618527553054887,166.5,0.0,0.3,MEDIUM
evt_003272,STARLINK-4531,STARLINK-6156,1782351000.0,37.54742313813372,4.031632712741358,166.5,0.0,0.3,MEDIUM
evt_003273,STARLINK-4557,STARLINK-32528,1782351000.0,45.32624389626645,2.033533026603072,166.5,0.0,0.3,MEDIUM
evt_003274,STARLINK-4591,STARLINK-30256,1782351000.0,43.86824723139821,1.3502074707752167,166.5,0.0,0.3,MEDIUM
evt_003275,STARLINK-4726,STARLINK-4788,1782351000.0,48.07495736207704,2.152803369972553,166.5,0.0,0.3,MEDIUM
evt_003277,STARLINK-5109,STARLINK-35034,1782351000.0,30.00507105252181,1.39172630751593,166.5,0.0,0.3,MEDIUM
evt_003278,STARLINK-5172,STARLINK-36676,1782351000.0,43.92170330065606,11.344566934306084,166.5,0.0,0.3,MEDIUM
evt_003279,STARLINK-5161,STARLINK-36588,1782351000.0,40.73273676327851,5.767270310491427,166.5,0.0,0.3,MEDIUM
evt_003281,STARLINK-5394,STARLINK-32205,1782351000.0,14.407826437038908,2.663430186987413,166.5,0.0,0.3,MEDIUM
evt_003282,STARLINK-5388,STARLINK-36075,1782351000.0,35.357902544829265,1.3952570891003242,166.5,0.0,0.3,MEDIUM
evt_003283,STARLINK-5379,STARLINK-37322,1782351000.0,32.78387481182266,2.3435958513559654,166.5,0.0,0.3,MEDIUM
evt_003284,STARLINK-5671,STARLINK-32837,1782351000.0,17.248511816209074,9.331985812023516,166.5,0.0,0.3,MEDIUM
evt_003285,STARLINK-5567,STARLINK-32345,1782351000.0,44.367600491024994,6.865324618207057,166.5,0.0,0.3,MEDIUM
evt_003286,STARLINK-5531,STARLINK-31801,1782351000.0,45.75014130740565,10.015849590167136,166.5,0.0,0.3,MEDIUM
evt_289765,STARLINK-5531,STARLINK-31801,1782785999.999982,28.504976323214358,10.015728984192071,45.66666667163372,-17.245164984191295,0.3,MEDIUM
evt_003288,STARLINK-5689,STARLINK-36586,1782351000.0,15.25305417938803,7.71733262522575,166.5,0.0,0.3,MEDIUM
evt_003289,STARLINK-5692,STARLINK-34320,1782351000.0,44.19159877823259,11.28963401455602,166.5,0.0,0.3,MEDIUM
evt_003290,STARLINK-5100,STARLINK-36250,1782351000.0,45.702257308912095,7.877765812828286,166.5,0.0,0.3,MEDIUM
evt_003291,STARLINK-5745,STARLINK-35585,1782351000.0,46.98017331109742,11.190983443528149,166.5,0.0,0.3,MEDIUM
evt_003292,STARLINK-5751,STARLINK-34831,1782351000.0,30.108767869898557,2.8248339367696285,166.5,0.0,0.3,MEDIUM
evt_003293,STARLINK-5719,STARLINK-34850,1782351000.0,31.455122466924188,1.6897224971125953,166.5,0.0,0.3,MEDIUM
evt_003294,STARLINK-5730,STARLINK-35672,1782351000.0,42.26083567366094,3.357659032895969,166.5,0.0,0.3,MEDIUM
evt_003295,STARLINK-5940,STARLINK-33650,1782351000.0,46.84882019835363,1.29012167329742,166.5,0.0,0.3,MEDIUM
evt_042347,STARLINK-5940,STARLINK-33650,1782418799.999982,43.24631331986039,1.2901326434016969,147.66666667163372,-3.6025068784932373,0.3,MEDIUM
evt_003296,STARLINK-5786,STARLINK-35793,1782351000.0,47.15320437432318,7.656101855768654,166.5,0.0,0.3,MEDIUM
evt_111770,STARLINK-5786,STARLINK-35793,1782534600.0,34.14463828945827,7.649445371738756,115.5,-13.00856608486491,0.3,MEDIUM
evt_003297,STARLINK-6062,STARLINK-35070,1782351000.0,18.42234734961842,6.4715069243866274,166.5,0.0,0.3,MEDIUM
evt_003298,STARLINK-6122,STARLINK-36241,1782351000.0,36.421368723493856,9.614830098647529,166.5,0.0,0.3,MEDIUM
evt_003299,STARLINK-5090,STARLINK-34122,1782351000.0,41.473430005540514,1.8742580700963825,166.5,0.0,0.3,MEDIUM
evt_003300,STARLINK-5089,STARLINK-30938,1782351000.0,33.83233943553566,1.3622969921056138,166.5,0.0,0.3,MEDIUM
evt_003301,STARLINK-30095,STARLINK-32863,1782351000.0,20.29470488604128,11.124861393877818,166.5,0.0,0.3,MEDIUM
evt_003302,STARLINK-30104,STARLINK-31444,1782351000.0,31.925053007572803,9.782100456139752,166.5,0.0,0.3,MEDIUM
evt_003303,STARLINK-30099,STARLINK-35541,1782351000.0,38.39404209108329,11.352458224624511,166.5,0.0,0.3,MEDIUM
evt_003304,STARLINK-6191,STARLINK-34336,1782351000.0,37.78213983983815,1.3519615724140863,166.5,0.0,0.3,MEDIUM
evt_003305,STARLINK-6287,STARLINK-31735,1782351000.0,22.479760067786135,1.3572635024470667,166.5,0.0,0.3,MEDIUM
evt_003306,STARLINK-6261,STARLINK-6140,1782351000.0,39.41563675976246,7.643910722154754,166.5,0.0,0.3,MEDIUM
evt_289791,STARLINK-6261,STARLINK-6140,1782785999.999982,36.57290097052014,7.6440653767336,45.66666667163372,-2.842735789242319,0.3,MEDIUM
evt_003307,STARLINK-30067,STARLINK-36289,1782351000.0,45.64208333752707,1.25871654931412,166.5,0.0,0.3,MEDIUM
evt_014718,STARLINK-30067,STARLINK-36289,1782370799.9999866,46.19154505253378,1.2603416103012517,161.00000000370872,0.5494617150067143,0.3,MEDIUM
evt_042362,STARLINK-30067,STARLINK-36289,1782418799.999982,45.67067447046977,1.2590152590210657,147.66666667163372,-0.5208705820640134,0.3,MEDIUM
evt_003308,STARLINK-30117,STARLINK-34828,1782351000.0,43.76514585347071,1.3729918482284795,166.5,0.0,0.3,MEDIUM
evt_003309,STARLINK-30137,STARLINK-37194,1782351000.0,37.8060118678936,11.72565348023927,166.5,0.0,0.3,MEDIUM
evt_003310,STARLINK-6219,STARLINK-33567,1782351000.0,21.563994290152834,2.3883591804318565,166.5,0.0,0.3,MEDIUM
evt_003311,STARLINK-6186,STARLINK-34069,1782351000.0,43.3501510436748,2.557277099258764,166.5,0.0,0.3,MEDIUM
evt_003312,STARLINK-6257,STARLINK-35211,1782351000.0,30.00611363282662,2.033476176377785,166.5,0.0,0.3,MEDIUM
evt_003313,STARLINK-6150,STARLINK-33725,1782351000.0,49.56223024930773,4.544058535324532,166.5,0.0,0.3,MEDIUM
evt_003314,STARLINK-6146,STARLINK-36970,1782351000.0,31.74751941383531,1.39268333309137,166.5,0.0,0.3,MEDIUM
evt_003315,STARLINK-6112,STARLINK-34455,1782351000.0,22.002487845191787,9.54330784824326,166.5,0.0,0.3,MEDIUM
evt_003316,STARLINK-5485,STARLINK-36300,1782351000.0,42.21288805088592,14.16127443446191,166.5,0.0,0.3,MEDIUM
evt_003317,STARLINK-5509,STARLINK-33872,1782351000.0,49.491748688839536,11.279064616897612,166.5,0.0,0.3,MEDIUM
evt_003318,STARLINK-6374,STARLINK-36426,1782351000.0,38.330686584918695,9.154271930407704,166.5,0.0,0.3,MEDIUM
evt_003319,STARLINK-5353,STARLINK-33600,1782351000.0,28.587789836426317,11.326724791604672,166.5,0.0,0.3,MEDIUM
evt_003320,STARLINK-6370,STARLINK-32251,1782351000.0,23.412946715660325,1.4424613170979688,166.5,0.0,0.3,MEDIUM
evt_003321,STARLINK-6361,STARLINK-36805,1782351000.0,34.71547422426178,13.821387807635377,166.5,0.0,0.3,MEDIUM
evt_003323,STARLINK-30260,STARLINK-34694,1782351000.0,38.88174192534534,1.5966708095120483,166.5,0.0,0.3,MEDIUM
evt_003324,STARLINK-30257,STARLINK-36747,1782351000.0,24.683523194597083,12.593386876268582,166.5,0.0,0.3,MEDIUM
evt_003325,STARLINK-30309,STARLINK-32855,1782351000.0,42.58772523673065,3.7469731867870895,166.5,0.0,0.3,MEDIUM
evt_003326,STARLINK-30295,STARLINK-36183,1782351000.0,39.07646812337386,1.3997109570453838,166.5,0.0,0.3,MEDIUM
evt_003327,STARLINK-30307,STARLINK-36382,1782351000.0,46.25670363370657,10.494756312825844,166.5,0.0,0.3,MEDIUM
evt_003328,STARLINK-30384,STARLINK-32154,1782351000.0,48.198387752716975,3.892804918908318,166.5,0.0,0.3,MEDIUM
evt_003329,STARLINK-30389,STARLINK-30861,1782351000.0,21.12886519545462,7.235230805628805,166.5,0.0,0.3,MEDIUM
evt_003330,STARLINK-30413,STARLINK-32276,1782351000.0,32.11385983259537,1.3712363217641437,166.5,0.0,0.3,MEDIUM
evt_003332,STARLINK-30412,STARLINK-37078,1782351000.0,43.92168362327354,1.9568428738467911,166.5,0.0,0.3,MEDIUM
evt_003333,STARLINK-30392,STARLINK-33570,1782351000.0,20.527923203852225,3.8897739047999735,166.5,0.0,0.3,MEDIUM
evt_003334,STARLINK-30501,STARLINK-35040,1782351000.0,36.29833224978793,4.040756118989855,166.5,0.0,0.3,MEDIUM
evt_003335,STARLINK-30716,STARLINK-36640,1782351000.0,49.91970672227227,5.760342453506323,166.5,0.0,0.3,MEDIUM
evt_003336,STARLINK-30537,STARLINK-32019,1782351000.0,36.31182493232976,1.350769612564766,166.5,0.0,0.3,MEDIUM
evt_003337,STARLINK-30564,STARLINK-34453,1782351000.0,19.64628462391757,0.928791090656752,166.5,0.0,0.3,MEDIUM
evt_003338,STARLINK-30547,STARLINK-37515,1782351000.0,28.80947993898997,8.35381198694624,166.5,0.0,0.3,MEDIUM
evt_003339,STARLINK-30532,STARLINK-32025,1782351000.0,25.64444359201491,4.034758416280615,166.5,0.0,0.3,MEDIUM
evt_003340,STARLINK-30598,STARLINK-37159,1782351000.0,24.4649585352854,1.7142855080467445,166.5,0.0,0.3,MEDIUM
evt_003341,STARLINK-30602,STARLINK-31534,1782351000.0,29.40766692416128,2.26591638990962,166.5,0.0,0.3,MEDIUM
evt_003342,STARLINK-30578,STARLINK-37540,1782351000.0,38.96442445714607,14.350983947478229,166.5,0.0,0.3,MEDIUM
evt_003343,STARLINK-30595,STARLINK-30912,1782351000.0,15.547363983251843,1.3820507787497318,166.5,0.0,0.3,MEDIUM
evt_003344,STARLINK-30601,STARLINK-36104,1782351000.0,43.5016642523636,9.35484820897314,166.5,0.0,0.3,MEDIUM
evt_003345,STARLINK-30781,STARLINK-32001,1782351000.0,35.39344268978261,1.7992362674239126,166.5,0.0,0.3,MEDIUM
evt_003346,STARLINK-30766,STARLINK-36884,1782351000.0,27.848162113101623,12.830508164896534,166.5,0.0,0.3,MEDIUM
evt_003347,STARLINK-30767,STARLINK-35294,1782351000.0,23.98272893932974,4.871013275296231,166.5,0.0,0.3,MEDIUM
evt_003348,STARLINK-30788,STARLINK-36976,1782351000.0,46.53936488188039,12.19491778015127,166.5,0.0,0.3,MEDIUM
evt_003349,STARLINK-30815,STARLINK-35694,1782351000.0,39.07262502004652,0.2474039063661453,166.5,0.0,0.05,LOW
evt_005059,STARLINK-30815,STARLINK-35694,1782353999.999982,27.29912585653403,0.2437411041840924,165.66666667163372,-11.773499163512492,0.05,LOW
evt_008146,STARLINK-30815,STARLINK-35694,1782359399.999982,46.07300092050576,0.2443244112464563,164.16666667163372,18.773875063971733,0.05,LOW
evt_003350,STARLINK-30798,STARLINK-34235,1782351000.0,24.17185830810491,11.082770511150663,166.5,0.0,0.3,MEDIUM
evt_003351,STARLINK-30848,STARLINK-35421,1782351000.0,39.36149276693149,6.407497121259288,166.5,0.0,0.3,MEDIUM
evt_003352,STARLINK-30915,STARLINK-31511,1782351000.0,37.38886046431068,2.082526393424799,166.5,0.0,0.3,MEDIUM
evt_003353,STARLINK-30924,STARLINK-31056,1782351000.0,48.27921493643779,7.678956523666326,166.5,0.0,0.3,MEDIUM
evt_003354,STARLINK-30869,STARLINK-36894,1782351000.0,47.343245752672125,7.695206612051407,166.5,0.0,0.3,MEDIUM
evt_003355,STARLINK-30946,STARLINK-31029,1782351000.0,41.773548847026376,6.141920571222672,166.5,0.0,0.3,MEDIUM
evt_003356,STARLINK-30993,STARLINK-35425,1782351000.0,32.474628594014376,2.603466508481555,166.5,0.0,0.3,MEDIUM
evt_003357,STARLINK-30953,STARLINK-36298,1782351000.0,40.76955711332733,3.4327847221591115,166.5,0.0,0.3,MEDIUM
evt_003358,STARLINK-31014,STARLINK-34625,1782351000.0,32.45218110864984,0.1797487773843061,166.5,0.0,0.05,LOW
evt_003359,STARLINK-31016,STARLINK-35283,1782351000.0,33.94419149052921,10.151022070174404,166.5,0.0,0.3,MEDIUM
evt_003360,STARLINK-31038,STARLINK-31138,1782351000.0,38.61399435883466,0.0551216180280797,166.5,0.0,0.05,LOW
evt_003361,STARLINK-31129,STARLINK-32268,1782351000.0,26.71369725414533,1.6431693679727752,166.5,0.0,0.3,MEDIUM
evt_003362,STARLINK-31042,STARLINK-31676,1782351000.0,49.65515254576587,7.627483222596836,166.5,0.0,0.3,MEDIUM
evt_042428,STARLINK-31042,STARLINK-31676,1782418799.999982,41.895092158348845,7.627517701802468,147.66666667163372,-7.7600603874170275,0.3,MEDIUM
evt_156069,STARLINK-31042,STARLINK-31676,1782602399.999982,49.99982077714982,7.620620711748849,96.66666667163372,8.104728618800976,0.3,MEDIUM
evt_289883,STARLINK-31042,STARLINK-31676,1782785999.999982,31.707839529706963,7.627586140085698,45.66666667163372,-18.29198124744286,0.3,MEDIUM
evt_003363,STARLINK-31114,STARLINK-36723,1782351000.0,49.945759712512576,10.128560399696818,166.5,0.0,0.3,MEDIUM
evt_003364,STARLINK-31024,STARLINK-37596,1782351000.0,47.44541835072357,14.529887741621584,166.5,0.0,0.3,MEDIUM
evt_003365,STARLINK-31191,STARLINK-33606,1782351000.0,48.31698316126365,5.040413513070754,166.5,0.0,0.3,MEDIUM
evt_003367,STARLINK-31219,STARLINK-36105,1782351000.0,48.40393668650062,7.673648203719749,166.5,0.0,0.3,MEDIUM
evt_003368,STARLINK-31215,STARLINK-35324,1782351000.0,38.6884631636489,5.15294542984583,166.5,0.0,0.3,MEDIUM
evt_003369,STARLINK-30945,STARLINK-33982,1782351000.0,26.13940950429664,7.216390317438786,166.5,0.0,0.3,MEDIUM
evt_003371,STARLINK-31218,STARLINK-36610,1782351000.0,30.986822189957927,6.617680949105858,166.5,0.0,0.3,MEDIUM
evt_003372,STARLINK-31368,STARLINK-36576,1782351000.0,21.06920514317808,11.556423179460149,166.5,0.0,0.3,MEDIUM
evt_003373,STARLINK-31369,STARLINK-31410,1782351000.0,48.68540360285899,4.802009725408831,166.5,0.0,0.3,MEDIUM
evt_003374,STARLINK-31355,STARLINK-37132,1782351000.0,19.259186226695867,0.8242051656782139,166.5,0.0,0.3,MEDIUM
evt_003375,STARLINK-31468,STARLINK-36566,1782351000.0,40.31318386176188,13.28352263218988,166.5,0.0,0.3,MEDIUM
evt_003376,STARLINK-31206,STARLINK-36039,1782351000.0,41.66995506008641,7.633020013050592,166.5,0.0,0.3,MEDIUM
evt_003377,STARLINK-31312,STARLINK-37154,1782351000.0,47.04996354984275,13.425491868434165,166.5,0.0,0.3,MEDIUM
evt_003378,STARLINK-31342,STARLINK-37253,1782351000.0,45.22995484394996,14.091636211828735,166.5,0.0,0.3,MEDIUM
evt_003379,STARLINK-31322,STARLINK-31586,1782351000.0,41.58620979988462,11.098736440625782,166.5,0.0,0.3,MEDIUM
evt_003380,STARLINK-31548,STARLINK-34841,1782351000.0,20.53147372266281,11.27421881563814,166.5,0.0,0.3,MEDIUM
evt_003382,STARLINK-31632,STARLINK-36110,1782351000.0,20.41749314487164,8.30968317696193,166.5,0.0,0.3,MEDIUM
evt_003383,STARLINK-31628,STARLINK-37034,1782351000.0,36.686818280715855,11.3445518893417,166.5,0.0,0.3,MEDIUM
evt_003384,STARLINK-31501,STARLINK-35618,1782351000.0,49.07001213799818,1.302750767508631,166.5,0.0,0.3,MEDIUM
evt_099667,STARLINK-31501,STARLINK-35618,1782514800.0000134,48.45885678596327,1.3026242775216677,120.99999999629128,-0.6111553520349062,0.3,MEDIUM
evt_111860,STARLINK-31501,STARLINK-35618,1782534600.0,47.3322574030317,1.304098873386499,115.5,-1.1265993829315732,0.3,MEDIUM
evt_142794,STARLINK-31501,STARLINK-35618,1782582599.9999957,17.12109040403797,1.3018227335789838,102.166666667925,-30.211166998993725,0.3,MEDIUM
evt_156092,STARLINK-31501,STARLINK-35618,1782602399.999982,33.81714643289018,1.302872213889939,96.66666667163372,16.69605602885221,0.3,MEDIUM
evt_175628,STARLINK-31501,STARLINK-35618,1782630599.999991,28.38572828951283,1.3029579842403125,88.83333333584997,-5.431418143377353,0.3,MEDIUM
evt_189476,STARLINK-31501,STARLINK-35618,1782650400.000018,29.97696818572761,1.3018638699526324,83.33333332836628,1.591239896214784,0.3,MEDIUM
evt_003385,STARLINK-31717,STARLINK-37332,1782351000.0,44.69670630352175,0.0796761161049247,166.5,0.0,0.05,LOW
evt_003386,STARLINK-31443,STARLINK-34830,1782351000.0,13.266287166942972,1.0054715432784511,166.5,0.0,0.3,MEDIUM
evt_003387,STARLINK-31414,STARLINK-35226,1782351000.0,48.80491948390552,4.049405278649664,166.5,0.0,0.3,MEDIUM
evt_003388,STARLINK-31740,STARLINK-32570,1782351000.0,16.88457557716141,9.037668119403106,166.5,0.0,0.3,MEDIUM
evt_003389,STARLINK-31621,STARLINK-33748,1782351000.0,43.3376225713473,10.540162593545132,166.5,0.0,0.3,MEDIUM
evt_003390,STARLINK-31546,STARLINK-32242,1782351000.0,32.540915085051,6.292979846571885,166.5,0.0,0.3,MEDIUM
evt_003391,STARLINK-31712,STARLINK-34888,1782351000.0,37.41648926826771,1.9165940615358767,166.5,0.0,0.3,MEDIUM
evt_003392,STARLINK-31678,STARLINK-35025,1782351000.0,36.24345191821581,1.5883961702147738,166.5,0.0,0.3,MEDIUM
evt_003393,STARLINK-31541,STARLINK-34108,1782351000.0,24.14803855103989,8.158481448152262,166.5,0.0,0.3,MEDIUM
evt_003394,STARLINK-31877,STARLINK-35314,1782351000.0,31.085536488455915,11.044478821001505,166.5,0.0,0.3,MEDIUM
evt_003395,STARLINK-32094,STARLINK-37404,1782351000.0,17.296611090107344,8.115983571674173,166.5,0.0,0.3,MEDIUM
evt_003397,STARLINK-31786,STARLINK-31840,1782351000.0,37.88398939571215,0.0883880795809491,166.5,0.0,0.05,LOW
evt_004753,STARLINK-31786,STARLINK-31840,1782353400.000018,39.27239861727655,0.0717884254499941,165.83333332836628,1.3884092215644015,0.05,LOW
evt_005106,STARLINK-31786,STARLINK-31840,1782353999.999982,19.130056825088968,0.0788539212760096,165.66666667163372,-20.142341792187583,0.3,MEDIUM
evt_006462,STARLINK-31786,STARLINK-31840,1782356400.0,21.65690260797852,0.0746355709973431,165.0,2.5268457828895485,0.05,LOW
evt_006834,STARLINK-31786,STARLINK-31840,1782357000.0000043,26.552835970626628,0.0735087104446971,164.833333332075,4.895933362648112,0.05,LOW
evt_008195,STARLINK-31786,STARLINK-31840,1782359399.999982,27.705972426450685,0.083193575297418,164.16666667163372,1.1531364558240575,0.05,LOW
evt_008538,STARLINK-31786,STARLINK-31840,1782359999.9999866,49.03268453328724,0.0745784345831687,164.00000000370872,21.326712106836556,0.05,LOW
evt_009970,STARLINK-31786,STARLINK-31840,1782362400.0000043,49.37959663992968,0.0948492054549757,163.333333332075,0.3469121066424421,0.05,LOW
evt_003398,STARLINK-31786,STARLINK-36064,1782351000.0,15.328912419301629,0.4426091509172653,166.5,0.0,0.3,MEDIUM
evt_003399,STARLINK-31935,STARLINK-32597,1782351000.0,30.66743628142681,1.6981633402692975,166.5,0.0,0.3,MEDIUM
evt_003400,STARLINK-31987,STARLINK-34640,1782351000.0,39.44990697793613,5.0272969706526425,166.5,0.0,0.3,MEDIUM
evt_003401,STARLINK-31918,STARLINK-35603,1782351000.0,28.345644263474533,3.803574106808985,166.5,0.0,0.3,MEDIUM
evt_003402,STARLINK-31793,STARLINK-36574,1782351000.0,46.0018241979139,13.238860272402752,166.5,0.0,0.3,MEDIUM
evt_003403,STARLINK-31840,STARLINK-36064,1782351000.0,45.860683554624416,0.3680672839849147,166.5,0.0,0.05,LOW
evt_003404,STARLINK-32033,STARLINK-36849,1782351000.0,31.24037879239753,13.1813385604979,166.5,0.0,0.3,MEDIUM
evt_003405,STARLINK-32145,STARLINK-36036,1782351000.0,40.52647058191605,1.706399736621861,166.5,0.0,0.3,MEDIUM
evt_003406,STARLINK-32129,STARLINK-33711,1782351000.0,23.364039114210623,4.079616658018808,166.5,0.0,0.3,MEDIUM
evt_003408,STARLINK-32120,STARLINK-36990,1782351000.0,34.84563040395143,0.4264479936647574,166.5,0.0,0.05,LOW
evt_003409,STARLINK-32156,STARLINK-34814,1782351000.0,46.199155673492434,2.8754778760300894,166.5,0.0,0.3,MEDIUM
evt_003411,STARLINK-32190,STARLINK-36567,1782351000.0,37.92281836739402,11.562633577028588,166.5,0.0,0.3,MEDIUM
evt_003412,STARLINK-32182,STARLINK-37002,1782351000.0,35.53607530123352,7.297825021014834,166.5,0.0,0.3,MEDIUM
evt_003413,STARLINK-32178,STARLINK-34172,1782351000.0,21.90880891435706,11.827852944285974,166.5,0.0,0.3,MEDIUM
evt_003415,STARLINK-32195,STARLINK-33939,1782351000.0,25.07966972750989,0.413831801036182,166.5,0.0,0.05,LOW
evt_003416,STARLINK-32179,STARLINK-35327,1782351000.0,36.9280683319551,8.899139341466373,166.5,0.0,0.3,MEDIUM
evt_003418,STARLINK-32375,STARLINK-33593,1782351000.0,42.96574840533771,11.080519325830467,166.5,0.0,0.3,MEDIUM
evt_003419,STARLINK-32298,STARLINK-34140,1782351000.0,42.51388036598559,4.765888542425175,166.5,0.0,0.3,MEDIUM
evt_003420,STARLINK-11375 [DTC],STARLINK-37671,1782351000.0,32.26850458858701,3.8187711232699457,166.5,0.0,0.3,MEDIUM
evt_003421,STARLINK-32400,STARLINK-32605,1782351000.0,45.940062930404565,7.747597247495802,166.5,0.0,0.3,MEDIUM
evt_003422,STARLINK-32426,STARLINK-36626,1782351000.0,38.09645725458572,9.802762011646749,166.5,0.0,0.3,MEDIUM
evt_003424,STARLINK-32540,STARLINK-33559,1782351000.0,44.25596092644184,3.484737262124617,166.5,0.0,0.3,MEDIUM
evt_003425,STARLINK-32394,STARLINK-35846,1782351000.0,31.81934277708214,8.858373585644545,166.5,0.0,0.3,MEDIUM
evt_003426,STARLINK-32383,STARLINK-33891,1782351000.0,44.21891410475892,5.804514021205522,166.5,0.0,0.3,MEDIUM
evt_003427,STARLINK-11337 [DTC],STARLINK-37276,1782351000.0,47.22145580350647,0.2181395820100775,166.5,0.0,0.05,LOW
evt_003428,STARLINK-32517,STARLINK-33656,1782351000.0,29.31779360192002,2.435017081960916,166.5,0.0,0.3,MEDIUM
evt_003429,STARLINK-32522,STARLINK-36352,1782351000.0,40.4718168758812,9.195534678244648,166.5,0.0,0.3,MEDIUM
evt_003430,STARLINK-32473,STARLINK-35398,1782351000.0,40.80871649687099,4.583948968406333,166.5,0.0,0.3,MEDIUM
evt_003431,STARLINK-33566,STARLINK-35708,1782351000.0,23.673039460828907,9.121139587959624,166.5,0.0,0.3,MEDIUM
evt_003432,STARLINK-32521,STARLINK-32720,1782351000.0,34.83266963821185,4.939383685655963,166.5,0.0,0.3,MEDIUM
evt_003433,STARLINK-32546,STARLINK-34552,1782351000.0,41.93638016782628,11.10273228811913,166.5,0.0,0.3,MEDIUM
evt_003436,STARLINK-32678,STARLINK-35802,1782351000.0,33.23915149876179,0.9445818894564428,166.5,0.0,0.05,LOW
evt_008234,STARLINK-32678,STARLINK-35802,1782359399.999982,33.20729660598754,0.947738164829516,164.16666667163372,-0.0318548927742554,0.05,LOW
evt_003437,STARLINK-32519,STARLINK-35301,1782351000.0,33.010641843513014,8.903124615565712,166.5,0.0,0.3,MEDIUM
evt_003438,STARLINK-32792,STARLINK-37189,1782351000.0,41.29642256973567,7.545943732423659,166.5,0.0,0.3,MEDIUM
evt_003439,STARLINK-32701,STARLINK-37706,1782351000.0,28.495733979312668,7.686841127963875,166.5,0.0,0.3,MEDIUM
evt_003440,STARLINK-32758,STARLINK-36372,1782351000.0,43.195175817827376,14.213335553782274,166.5,0.0,0.3,MEDIUM
evt_003441,STARLINK-32751,STARLINK-34731,1782351000.0,47.75600142759474,9.566023425090158,166.5,0.0,0.3,MEDIUM
evt_003443,STARLINK-32869,STARLINK-35587,1782351000.0,38.08671966904764,6.6826876476368255,166.5,0.0,0.3,MEDIUM
evt_003444,STARLINK-32862,STARLINK-36762,1782351000.0,44.51500260479078,7.451293438210311,166.5,0.0,0.3,MEDIUM
evt_003445,STARLINK-32875,STARLINK-36094,1782351000.0,28.61776959546971,1.5118015034929546,166.5,0.0,0.3,MEDIUM
evt_003446,STARLINK-32879,STARLINK-36998,1782351000.0,45.97899918302601,8.246100722770244,166.5,0.0,0.3,MEDIUM
evt_003447,STARLINK-33628,STARLINK-35572,1782351000.0,49.62411632768281,1.3491570574010578,166.5,0.0,0.3,MEDIUM
evt_003448,STARLINK-32961,STARLINK-33675,1782351000.0,28.81417078763653,7.600413499352789,166.5,0.0,0.3,MEDIUM
evt_003452,STARLINK-33764,STARLINK-36771,1782351000.0,16.88294987747472,1.377158898777862,166.5,0.0,0.3,MEDIUM
evt_003453,STARLINK-33849,STARLINK-37418,1782351000.0,38.77213013910448,11.506893873906064,166.5,0.0,0.3,MEDIUM
evt_003454,STARLINK-33810,STARLINK-35832,1782351000.0,47.81681762122843,1.299988999176797,166.5,0.0,0.3,MEDIUM
evt_238985,STARLINK-33810,STARLINK-35832,1782718200.0,45.72111726258472,1.2997288675310574,64.5,-2.095700358643711,0.3,MEDIUM
evt_274896,STARLINK-33810,STARLINK-35832,1782766199.9999957,37.91636975695477,1.3012308488786806,51.166666667924986,-7.804747505629948,0.3,MEDIUM
evt_290024,STARLINK-33810,STARLINK-35832,1782785999.999982,47.11062920173456,1.2987666394752664,45.66666667163372,9.194259444779789,0.3,MEDIUM
evt_311966,STARLINK-33810,STARLINK-35832,1782814199.999991,31.82343326972828,1.2989938202905331,37.83333333584997,-15.28719593200628,0.3,MEDIUM
evt_327671,STARLINK-33810,STARLINK-35832,1782834000.000018,29.987696500054085,1.3006188153051097,32.33333332836628,-1.8357367696741955,0.3,MEDIUM
evt_349887,STARLINK-33810,STARLINK-35832,1782862199.9999866,39.04771844917788,1.3000504084366906,24.50000000370873,9.060021949123794,0.3,MEDIUM
evt_365171,STARLINK-33810,STARLINK-35832,1782882000.0000134,8.121009469268685,1.298867056309602,18.999999996291265,-30.926708979909197,0.3,MEDIUM
evt_380717,STARLINK-33810,STARLINK-35832,1782901800.0,44.09348570281488,1.2996256970237845,13.5,35.97247623354619,0.3,MEDIUM
evt_402386,STARLINK-33810,STARLINK-35832,1782930000.000009,11.148953957009953,1.300483464979088,5.666666664150026,-32.94453174580492,0.3,MEDIUM
evt_418325,STARLINK-33810,STARLINK-35832,1782949799.9999957,32.8952959449215,1.2984619243300413,0.1666666679249869,21.74634198791155,0.3,MEDIUM
evt_003455,STARLINK-33806,STARLINK-36525,1782351000.0,32.623797962183936,9.936131375430913,166.5,0.0,0.3,MEDIUM
evt_003456,STARLINK-33930,STARLINK-37029,1782351000.0,25.127870582128452,1.7902757388874737,166.5,0.0,0.3,MEDIUM
evt_003457,STARLINK-33794,STARLINK-36818,1782351000.0,49.36904796518116,14.348761121029009,166.5,0.0,0.3,MEDIUM
evt_003458,STARLINK-34068,STARLINK-35399,1782351000.0,32.011895907893745,3.656253176376506,166.5,0.0,0.3,MEDIUM
evt_003459,STARLINK-33942,STARLINK-35356,1782351000.0,44.44635536938709,2.613501601676856,166.5,0.0,0.3,MEDIUM
evt_003460,STARLINK-34105,STARLINK-36902,1782351000.0,27.836192625525428,2.068719901976361,166.5,0.0,0.3,MEDIUM
evt_003461,STARLINK-34149,STARLINK-34199,1782351000.0,46.689742946535496,1.97321869520863,166.5,0.0,0.3,MEDIUM
evt_003462,STARLINK-34149,STARLINK-35075,1782351000.0,26.07825862662961,2.023109588535387,166.5,0.0,0.3,MEDIUM
evt_003463,STARLINK-34338,STARLINK-34758,1782351000.0,47.42821168703128,15.004546105623191,166.5,0.0,0.3,MEDIUM
evt_166876,STARLINK-34338,STARLINK-34758,1782618000.000018,31.720807457011556,15.020310487626938,92.33333332836628,-15.707404230019726,0.3,MEDIUM
evt_003464,STARLINK-34348,STARLINK-34744,1782351000.0,44.45967291095072,15.020626793825558,166.5,0.0,0.3,MEDIUM
evt_398601,STARLINK-34348,STARLINK-34744,1782925200.0000134,48.25828417126668,15.020695404342518,6.999999996291266,3.7986112603159583,0.3,MEDIUM
evt_003465,STARLINK-34188,STARLINK-36591,1782351000.0,41.16311375095626,10.12321353959554,166.5,0.0,0.3,MEDIUM
evt_019660,STARLINK-34188,STARLINK-36591,1782379200.000009,47.938085955902025,9.980888594234186,158.66666666415003,6.774972204945762,0.3,MEDIUM
evt_003466,STARLINK-34200,STARLINK-36578,1782351000.0,40.66145259505976,10.120421790972534,166.5,0.0,0.3,MEDIUM
evt_019661,STARLINK-34200,STARLINK-36578,1782379200.000009,29.30898989481721,9.977570800127657,158.66666666415003,-11.352462700242548,0.3,MEDIUM
evt_003467,STARLINK-34283,STARLINK-35518,1782351000.0,34.153992544332176,11.857608994971256,166.5,0.0,0.3,MEDIUM
evt_003469,STARLINK-34293,STARLINK-36293,1782351000.0,37.70426248513736,1.1027893197695195,166.5,0.0,0.3,MEDIUM
evt_003472,STARLINK-34471,STARLINK-36585,1782351000.0,46.03030342149389,6.204553656344764,166.5,0.0,0.3,MEDIUM
evt_003474,STARLINK-34718,STARLINK-35356,1782351000.0,46.88655700407886,9.552791076281007,166.5,0.0,0.3,MEDIUM
evt_003475,STARLINK-34673,STARLINK-35925,1782351000.0,42.74816558068868,0.3821106506234881,166.5,0.0,0.05,LOW
evt_003476,STARLINK-35035,STARLINK-35358,1782351000.0,43.505085402956965,1.5090539193672363,166.5,0.0,0.3,MEDIUM
evt_003478,STARLINK-34670,STARLINK-35653,1782351000.0,39.01825364431374,12.148121546079878,166.5,0.0,0.3,MEDIUM
evt_003480,STARLINK-34930,STARLINK-37291,1782351000.0,24.98019524821236,1.6588318244633673,166.5,0.0,0.3,MEDIUM
evt_003481,STARLINK-34893,STARLINK-37165,1782351000.0,43.70482963495736,1.696215330660016,166.5,0.0,0.3,MEDIUM
evt_003482,STARLINK-35336,STARLINK-35559,1782351000.0,42.20674928102096,0.0777733194849413,166.5,0.0,0.05,LOW
evt_004498,STARLINK-35336,STARLINK-35559,1782352800.0000134,49.77129238406184,0.0363051230148558,165.99999999629128,7.56454310304089,0.05,LOW
evt_004831,STARLINK-35336,STARLINK-35559,1782353400.000018,24.199844302559665,0.0626519519572328,165.83333332836628,-25.57144808150218,0.05,LOW
evt_005204,STARLINK-35336,STARLINK-35559,1782353999.999982,32.76771877028982,0.0660392948782248,165.66666667163372,8.567874467730153,0.05,LOW
evt_003483,STARLINK-35236,STARLINK-35613,1782351000.0,43.13560577894411,0.0789455042980218,166.5,0.0,0.05,LOW
evt_003792,STARLINK-35236,STARLINK-35613,1782351600.0000043,45.53944245710017,0.061594543639582,166.333333332075,2.403836678156061,0.05,LOW
evt_004833,STARLINK-35236,STARLINK-35613,1782353400.000018,32.53004931982055,0.057018203543624,165.83333332836628,-13.009393137279623,0.05,LOW
evt_005205,STARLINK-35236,STARLINK-35613,1782353999.999982,26.524499393407908,0.0681591499600086,165.66666667163372,-6.005549926412641,0.05,LOW
evt_003484,STARLINK-35276,STARLINK-36124,1782351000.0,34.90649901113787,4.297230421835888,166.5,0.0,0.3,MEDIUM
evt_003485,STARLINK-35340,STARLINK-35452,1782351000.0,44.63374267589292,0.0893614248113864,166.5,0.0,0.05,LOW
evt_004836,STARLINK-35340,STARLINK-35452,1782353400.000018,22.91670118557296,0.0883713526415421,165.83333332836628,-21.71704149031996,0.05,LOW
evt_003486,STARLINK-34812,STARLINK-35571,1782351000.0,44.72845845325061,0.0700524603476006,166.5,0.0,0.05,LOW
evt_003795,STARLINK-34812,STARLINK-35571,1782351600.0000043,27.742694303455263,0.0681784431735288,166.333333332075,-16.985764149795347,0.05,LOW
evt_004144,STARLINK-34812,STARLINK-35571,1782352200.000009,47.21376642131893,0.0431303371817525,166.16666666415003,19.471072117863667,0.05,LOW
evt_005207,STARLINK-34812,STARLINK-35571,1782353999.999982,34.31781948737159,0.0705302272260743,165.66666667163372,-12.895946933947345,0.05,LOW
evt_005553,STARLINK-34812,STARLINK-35571,1782354599.9999866,49.414500413133126,0.075756535348215,165.50000000370872,15.09668092576154,0.05,LOW
evt_003487,STARLINK-35291,STARLINK-35667,1782351000.0,35.31593046301447,3.190569622594289,166.5,0.0,0.3,MEDIUM
evt_003488,STARLINK-35468,STARLINK-37373,1782351000.0,48.86573061687458,9.73578675714497,166.5,0.0,0.3,MEDIUM
evt_003490,STARLINK-35631,STARLINK-36857,1782351000.0,33.6400465305312,8.433155258840783,166.5,0.0,0.3,MEDIUM
evt_003491,STARLINK-33948,STARLINK-37001,1782351000.0,35.98221149470049,7.425973263890959,166.5,0.0,0.3,MEDIUM
evt_003492,STARLINK-35641,STARLINK-36862,1782351000.0,37.14557379655099,9.842074927387834,166.5,0.0,0.3,MEDIUM
evt_003495,STARLINK-35829,STARLINK-36946,1782351000.0,28.881786885507086,13.795501347025033,166.5,0.0,0.3,MEDIUM
evt_003496,STARLINK-35804,STARLINK-36631,1782351000.0,48.729457359363074,14.320444253565656,166.5,0.0,0.3,MEDIUM
evt_003497,STARLINK-35826,STARLINK-35853,1782351000.0,27.445242948037137,2.909276688839571,166.5,0.0,0.3,MEDIUM
evt_003498,STARLINK-35832,STARLINK-36333,1782351000.0,35.618775184433034,5.286763577398284,166.5,0.0,0.3,MEDIUM
evt_003499,STARLINK-35419,STARLINK-37137,1782351000.0,36.04589263373569,13.762582021145477,166.5,0.0,0.3,MEDIUM
evt_003501,STARLINK-36497,STARLINK-36472,1782351000.0,44.190091150029495,7.846012991330022,166.5,0.0,0.3,MEDIUM
evt_003502,STARLINK-36334,STARLINK-36963,1782351000.0,41.66781761696078,11.300316759793942,166.5,0.0,0.3,MEDIUM
evt_003504,STARLINK-37356,STARLINK-37636,1782351000.0,32.25400747200591,12.959353337974596,166.5,0.0,0.3,MEDIUM
evt_003505,STARLINK-37558,STARLINK-37427,1782351000.0,43.896317359566055,0.2676460828445284,166.5,0.0,0.05,LOW
evt_006578,STARLINK-37558,STARLINK-37427,1782356400.0,38.43519629051042,0.2643059609476315,165.0,-5.461121069055636,0.05,LOW
evt_009714,STARLINK-37558,STARLINK-37427,1782361800.0,43.48564932349771,0.260378345607121,163.5,5.050453032987292,0.05,LOW
evt_011494,STARLINK-37558,STARLINK-37427,1782364799.999982,33.5252883240716,0.2614545137216263,162.66666667163372,-9.960360999426108,0.05,LOW
evt_014581,STARLINK-37558,STARLINK-37427,1782370199.999982,15.356418852331409,0.2630806136303164,161.16666667163372,-18.168869471740194,0.3,MEDIUM
evt_017716,STARLINK-37558,STARLINK-37427,1782375599.999982,9.178352902846012,0.2638098088971171,159.66666667163372,-6.178065949485397,0.3,MEDIUM
evt_020728,STARLINK-37558,STARLINK-37427,1782380999.999982,25.00234321388171,0.2635272450953315,158.16666667163372,15.823990311035695,0.05,LOW
evt_023759,STARLINK-37558,STARLINK-37427,1782386399.999982,42.508480596995135,0.262145491426429,156.66666667163372,17.506137383113426,0.05,LOW
evt_025457,STARLINK-37558,STARLINK-37427,1782389400.0000043,44.24511558295799,0.2614826809821495,155.833333332075,1.7366349859628514,0.05,LOW
evt_028613,STARLINK-37558,STARLINK-37427,1782394800.0000043,37.28188957500591,0.264692423113934,154.333333332075,-6.963226007952073,0.05,LOW
evt_031732,STARLINK-37558,STARLINK-37427,1782400200.0000043,37.05915184119274,0.2665920655819306,152.833333332075,-0.2227377338131688,0.05,LOW
evt_034779,STARLINK-37558,STARLINK-37427,1782405600.0000043,43.44052893502288,0.2671289378416472,151.333333332075,6.381377093830139,0.05,LOW
evt_063823,STARLINK-37558,STARLINK-37427,1782454800.000009,45.70733626863182,0.2684512161115853,137.66666666415003,2.266807333608938,0.05,LOW
evt_066956,STARLINK-37558,STARLINK-37427,1782460200.000009,45.57529113210534,0.2668296880824221,136.16666666415003,-0.1320451365264787,0.05,LOW
evt_075145,STARLINK-37558,STARLINK-37427,1782473999.999991,38.27566806067144,0.2650558076025618,132.33333333584997,-7.299623071433899,0.05,LOW
evt_078450,STARLINK-37558,STARLINK-37427,1782479399.999991,25.98956745212007,0.2651133912138002,130.83333333584997,-12.286100608551372,0.05,LOW
evt_081589,STARLINK-37558,STARLINK-37427,1782484799.999991,21.59742717438236,0.2640256430693238,129.33333333584997,-4.392140277737713,0.05,LOW
evt_084853,STARLINK-37558,STARLINK-37427,1782490199.999991,29.55244992454925,0.261889564874585,127.83333333584996,7.955022750166893,0.05,LOW
evt_086708,STARLINK-37558,STARLINK-37427,1782493200.0000134,42.76349675146976,0.2585678504170835,126.99999999629128,13.211046826920509,0.05,LOW
evt_088205,STARLINK-37558,STARLINK-37427,1782495599.999991,43.88671267107614,0.2588295139092132,126.33333333584996,1.1232159196063805,0.05,LOW
evt_090068,STARLINK-37558,STARLINK-37427,1782498600.0000134,28.543975797815563,0.2615695688393798,125.49999999629128,-15.342736873260575,0.05,LOW
evt_093296,STARLINK-37558,STARLINK-37427,1782504000.0000134,23.06252955695422,0.2638581111079583,123.99999999629128,-5.481446240861342,0.05,LOW
evt_096593,STARLINK-37558,STARLINK-37427,1782509400.0000134,32.324656247917424,0.2655647562973005,122.49999999629128,9.262126690963203,0.05,LOW
evt_099794,STARLINK-37558,STARLINK-37427,1782514800.0000134,49.12372709158355,0.2668489707048133,120.99999999629128,16.799070843666122,0.05,LOW
evt_003508,STARLINK-37436,STARLINK-37645,1782351000.0,46.406204815313146,0.0502073122784561,166.5,0.0,0.05,LOW
evt_003818,STARLINK-37436,STARLINK-37645,1782351600.0000043,32.18170450088147,0.0329047193384868,166.333333332075,-14.224500314431673,0.05,LOW
evt_004171,STARLINK-37436,STARLINK-37645,1782352200.000009,19.75007265204364,0.0164482708407603,166.16666666415003,-12.431631848837831,0.3,MEDIUM
evt_004535,STARLINK-37436,STARLINK-37645,1782352800.0000134,16.320029885974307,0.0105739327870083,165.99999999629128,-3.4300427660693344,0.3,MEDIUM
evt_004864,STARLINK-37436,STARLINK-37645,1782353400.000018,25.76694077466028,0.0245876544627123,165.83333332836628,9.44691088868597,0.05,LOW
evt_005239,STARLINK-37436,STARLINK-37645,1782353999.999982,39.16154479378006,0.0415126692600735,165.66666667163372,13.394604019119782,0.05,LOW
evt_003510,STARLINK-1156,STARLINK-36967,1782351600.0000043,32.45588435002725,2.5324119205538183,166.333333332075,0.0,0.3,MEDIUM
evt_003511,STARLINK-1281,STARLINK-36582,1782351600.0000043,13.345678061448782,14.140274964940222,166.333333332075,0.0,0.3,MEDIUM
evt_003513,STARLINK-1403,STARLINK-32134,1782351600.0000043,26.7181617270196,1.7919379310303516,166.333333332075,0.0,0.3,MEDIUM
evt_003514,STARLINK-1560,STARLINK-33797,1782351600.0000043,17.01780030389556,1.142339232831572,166.333333332075,0.0,0.3,MEDIUM
evt_003516,STARLINK-1564,STARLINK-34157,1782351600.0000043,31.106699382514552,2.435949042960714,166.333333332075,0.0,0.3,MEDIUM
evt_003518,STARLINK-1595,STARLINK-11373 [DTC],1782351600.0000043,45.96457269727702,0.405815955187025,166.333333332075,0.0,0.05,LOW
evt_003519,STARLINK-1718,STARLINK-37865,1782351600.0000043,39.098445021534886,14.295622153524716,166.333333332075,0.0,0.3,MEDIUM
evt_003525,STARLINK-2076,STARLINK-31785,1782351600.0000043,37.66155156160091,3.634418170586424,166.333333332075,0.0,0.3,MEDIUM
evt_003529,STARLINK-2040,STARLINK-36711,1782351600.0000043,36.65886521616144,0.1645834312741092,166.333333332075,0.0,0.05,LOW
evt_005266,STARLINK-2040,STARLINK-36711,1782354599.9999866,43.664166145163065,0.1539981344349156,165.50000000370872,7.005300929001628,0.05,LOW
evt_006608,STARLINK-2040,STARLINK-36711,1782357000.0000043,46.07030858731997,0.1647967373787506,164.833333332075,2.4061424421568987,0.05,LOW
evt_003530,STARLINK-2396,STARLINK-35552,1782351600.0000043,26.235757956798118,0.097197405280332,166.333333332075,0.0,0.05,LOW
evt_004905,STARLINK-2396,STARLINK-35552,1782353999.999982,37.64907554793986,0.08435040939711,165.66666667163372,11.413317591141745,0.05,LOW
evt_005271,STARLINK-2396,STARLINK-35552,1782354599.9999866,24.280680687381235,0.0924688935990371,165.50000000370872,-13.368394860558624,0.05,LOW
evt_003531,STARLINK-2433,STARLINK-5365,1782351600.0000043,42.32919797677169,1.4703258866565956,166.333333332075,0.0,0.3,MEDIUM
evt_003532,STARLINK-2378,STARLINK-35495,1782351600.0000043,42.65884681986833,3.0515628404141446,166.333333332075,0.0,0.3,MEDIUM
evt_003533,STARLINK-2378,STARLINK-35488,1782351600.0000043,46.62277062290132,3.051014121077659,166.333333332075,0.0,0.3,MEDIUM
evt_003536,STARLINK-2443,STARLINK-35634,1782351600.0000043,25.78319465811022,8.693326350089041,166.333333332075,0.0,0.3,MEDIUM
evt_003537,STARLINK-2460,STARLINK-2475,1782351600.0000043,36.10498455922059,0.1968823372673243,166.333333332075,0.0,0.05,LOW
evt_003539,STARLINK-2472,STARLINK-32524,1782351600.0000043,28.26997890294568,9.51624981370972,166.333333332075,0.0,0.3,MEDIUM
evt_003541,STARLINK-2475,STARLINK-34393,1782351600.0000043,48.56724567463099,1.71997154102204,166.333333332075,0.0,0.3,MEDIUM
evt_003543,STARLINK-2485,STARLINK-30816,1782351600.0000043,36.14533186867664,6.759262997436806,166.333333332075,0.0,0.3,MEDIUM
evt_003545,STARLINK-2493,STARLINK-35501,1782351600.0000043,35.88645808408924,1.956924813535105,166.333333332075,0.0,0.3,MEDIUM
evt_003546,STARLINK-2567,STARLINK-31863,1782351600.0000043,26.480768679426617,5.018573070572835,166.333333332075,0.0,0.3,MEDIUM
evt_003549,STARLINK-2533,STARLINK-32284,1782351600.0000043,25.26009854031108,1.0328681442475285,166.333333332075,0.0,0.3,MEDIUM
evt_003550,STARLINK-2557,STARLINK-30231,1782351600.0000043,27.56590644034874,11.276324076841146,166.333333332075,0.0,0.3,MEDIUM
evt_003551,STARLINK-2538,STARLINK-36424,1782351600.0000043,28.562784258153638,4.321833020298628,166.333333332075,0.0,0.3,MEDIUM
evt_003554,STARLINK-2630,STARLINK-5746,1782351600.0000043,43.922845082750136,2.74743621008729,166.333333332075,0.0,0.3,MEDIUM
evt_003555,STARLINK-2585,STARLINK-35405,1782351600.0000043,36.52267020494113,11.355614364630496,166.333333332075,0.0,0.3,MEDIUM
evt_003556,STARLINK-2598,STARLINK-32009,1782351600.0000043,37.52639483684781,5.4129541538053845,166.333333332075,0.0,0.3,MEDIUM
evt_003557,STARLINK-2605,STARLINK-36099,1782351600.0000043,40.44721733428954,3.643355224396767,166.333333332075,0.0,0.3,MEDIUM
evt_003558,STARLINK-2587,STARLINK-31753,1782351600.0000043,26.602596108879496,8.720690897095938,166.333333332075,0.0,0.3,MEDIUM
evt_003560,STARLINK-2563,STARLINK-31088,1782351600.0000043,43.52723719767621,10.107279326860306,166.333333332075,0.0,0.3,MEDIUM
evt_003561,STARLINK-2581,STARLINK-33747,1782351600.0000043,37.72069549098936,12.009180593817153,166.333333332075,0.0,0.3,MEDIUM
evt_003562,STARLINK-2642,STARLINK-35742,1782351600.0000043,29.31171539355693,0.116391742881362,166.333333332075,0.0,0.05,LOW
evt_005299,STARLINK-2642,STARLINK-35742,1782354599.9999866,17.931407977447055,0.1128423635140306,165.50000000370872,-11.380307416109876,0.3,MEDIUM
evt_003563,STARLINK-2583,STARLINK-37023,1782351600.0000043,39.76050820149925,0.0518708589908503,166.333333332075,0.0,0.05,LOW
evt_003875,STARLINK-2583,STARLINK-37023,1782352200.000009,33.927084127992,0.0437844479649575,166.16666666415003,-5.833424073507253,0.05,LOW
evt_004223,STARLINK-2583,STARLINK-37023,1782352800.0000134,34.47556345625995,0.0280864604842249,165.99999999629128,0.5484793282679519,0.05,LOW
evt_004588,STARLINK-2583,STARLINK-37023,1782353400.000018,31.519432145073655,0.0165586167997661,165.83333332836628,-2.95613131118629,0.05,LOW
evt_004937,STARLINK-2583,STARLINK-37023,1782353999.999982,20.21109386931115,0.025070486335264,165.66666667163372,-11.308338275762509,0.05,LOW
evt_005300,STARLINK-2583,STARLINK-37023,1782354599.9999866,9.523529419890185,0.0319202323861256,165.50000000370872,-10.687564449420966,0.3,MEDIUM
evt_005630,STARLINK-2583,STARLINK-37023,1782355199.999991,22.34900750031596,0.0285219773290822,165.33333333584997,12.825478080425777,0.05,LOW
evt_005975,STARLINK-2583,STARLINK-37023,1782355799.9999957,34.16046593128958,0.0230306409577064,165.166666667925,11.81145843097362,0.05,LOW
evt_006290,STARLINK-2583,STARLINK-37023,1782356400.0,37.23661527213073,0.0321041563846238,165.0,3.076149340841148,0.05,LOW
evt_006640,STARLINK-2583,STARLINK-37023,1782357000.0000043,36.02498918329678,0.0467702728057082,164.833333332075,-1.2116260888339454,0.05,LOW
evt_006997,STARLINK-2583,STARLINK-37023,1782357600.000009,41.28991959644232,0.0556580246144107,164.66666666415003,5.264930413145535,0.05,LOW
evt_003564,STARLINK-2686,STARLINK-32510,1782351600.0000043,27.49351312703393,3.575154299246515,166.333333332075,0.0,0.3,MEDIUM
evt_003567,STARLINK-2063,STARLINK-32239,1782351600.0000043,49.45707880539798,0.0992024758593536,166.333333332075,0.0,0.05,LOW
evt_003880,STARLINK-2063,STARLINK-32239,1782352200.000009,41.81304852261575,0.0965269886914338,166.16666666415003,-7.644030282782232,0.05,LOW
evt_005305,STARLINK-2063,STARLINK-32239,1782354599.9999866,14.59947296824872,0.0937458013458362,165.50000000370872,-27.213575554367026,0.3,MEDIUM
evt_005634,STARLINK-2063,STARLINK-32239,1782355199.999991,43.74343940868614,0.0824437184345176,165.33333333584997,29.143966440437424,0.05,LOW
evt_007001,STARLINK-2063,STARLINK-32239,1782357600.000009,40.54912507885605,0.1039176875459175,164.66666666415003,-3.1943143298301,0.05,LOW
evt_003568,STARLINK-2139,STARLINK-32260,1782351600.0000043,41.043314607917694,1.6916692140631362,166.333333332075,0.0,0.3,MEDIUM
evt_003569,STARLINK-2217,STARLINK-32642,1782351600.0000043,38.963009937211865,3.7802463297594056,166.333333332075,0.0,0.3,MEDIUM
evt_003571,STARLINK-2757,STARLINK-34796,1782351600.0000043,33.1269487551925,0.3389322598886659,166.333333332075,0.0,0.05,LOW
evt_003572,STARLINK-2717,STARLINK-35135,1782351600.0000043,49.8873652664588,12.14673123113682,166.333333332075,0.0,0.3,MEDIUM
evt_003573,STARLINK-2735,STARLINK-31824,1782351600.0000043,15.630692972650213,1.8288337948033944,166.333333332075,0.0,0.3,MEDIUM
evt_003575,STARLINK-2742,STARLINK-31291,1782351600.0000043,35.01467161564553,10.636654046155115,166.333333332075,0.0,0.3,MEDIUM
evt_003577,STARLINK-3109,STARLINK-6087,1782351600.0000043,32.09139490980507,5.867321545955886,166.333333332075,0.0,0.3,MEDIUM
evt_003578,STARLINK-3095,STARLINK-4452,1782351600.0000043,49.23873166770074,5.398940461896756,166.333333332075,0.0,0.3,MEDIUM
evt_003579,STARLINK-3226,STARLINK-33634,1782351600.0000043,48.93784359351531,10.164950474233338,166.333333332075,0.0,0.3,MEDIUM
evt_003580,STARLINK-3204,STARLINK-4169,1782351600.0000043,36.88170521740779,0.0460824787631228,166.333333332075,0.0,0.05,LOW
evt_003895,STARLINK-3204,STARLINK-4169,1782352200.000009,30.623079361156083,0.0299025524668631,166.16666666415003,-6.258625856251708,0.05,LOW
evt_004245,STARLINK-3204,STARLINK-4169,1782352800.0000134,28.52150701704028,0.0114460663047611,165.99999999629128,-2.101572344115805,0.05,LOW
evt_004609,STARLINK-3204,STARLINK-4169,1782353400.000018,24.76343351013715,0.0175259609750592,165.83333332836628,-3.758073506903127,0.05,LOW
evt_004949,STARLINK-3204,STARLINK-4169,1782353999.999982,24.385242616147465,0.0331501727934178,165.66666667163372,-0.3781908939896894,0.05,LOW
evt_005322,STARLINK-3204,STARLINK-4169,1782354599.9999866,35.421791932423986,0.0433741918052387,165.50000000370872,11.036549316276524,0.05,LOW
evt_003582,STARLINK-3273,STARLINK-4568,1782351600.0000043,29.70647717612427,2.6673409320135857,166.333333332075,0.0,0.3,MEDIUM
evt_003583,STARLINK-3343,STARLINK-4179,1782351600.0000043,45.62718115432993,1.5748516032994366,166.333333332075,0.0,0.3,MEDIUM
evt_003584,STARLINK-3311,STARLINK-31163,1782351600.0000043,43.28003845459303,10.601541282271327,166.333333332075,0.0,0.3,MEDIUM
evt_003585,STARLINK-3511,STARLINK-31777,1782351600.0000043,40.13672734472139,3.249195033216512,166.333333332075,0.0,0.3,MEDIUM
evt_003586,STARLINK-3587,STARLINK-34076,1782351600.0000043,20.10724071363726,5.222259728185319,166.333333332075,0.0,0.3,MEDIUM
evt_003587,STARLINK-3587,STARLINK-36806,1782351600.0000043,40.72831101972654,8.162124517662265,166.333333332075,0.0,0.3,MEDIUM
evt_003589,STARLINK-3647,STARLINK-4100,1782351600.0000043,40.76029272831157,11.879893084194258,166.333333332075,0.0,0.3,MEDIUM
evt_003590,STARLINK-3706,STARLINK-35356,1782351600.0000043,43.87719624986645,0.7798611019753384,166.333333332075,0.0,0.05,LOW
evt_003593,STARLINK-3564,STARLINK-32573,1782351600.0000043,38.16632449978728,0.4190239266614749,166.333333332075,0.0,0.05,LOW
evt_003594,STARLINK-3850,STARLINK-5016,1782351600.0000043,37.60134842666631,11.23567065235999,166.333333332075,0.0,0.3,MEDIUM
evt_003595,STARLINK-3762,STARLINK-4133,1782351600.0000043,26.28512134283541,0.517996139865787,166.333333332075,0.0,0.05,LOW
evt_003596,STARLINK-3957,STARLINK-32814,1782351600.0000043,36.5265944508264,0.6573294623138561,166.333333332075,0.0,0.05,LOW
evt_003597,STARLINK-4016,STARLINK-4789,1782351600.0000043,46.794230660047866,1.5004940206472004,166.333333332075,0.0,0.3,MEDIUM
evt_003598,STARLINK-4016,STARLINK-36745,1782351600.0000043,38.9723883936298,0.5540740839446509,166.333333332075,0.0,0.05,LOW
evt_003599,STARLINK-3967,STARLINK-34397,1782351600.0000043,48.33712288071271,3.4380394515817185,166.333333332075,0.0,0.3,MEDIUM
evt_003600,STARLINK-3968,STARLINK-4555,1782351600.0000043,43.50059966029864,11.869740986229026,166.333333332075,0.0,0.3,MEDIUM
evt_003601,STARLINK-4089,STARLINK-4583,1782351600.0000043,38.562228926526274,2.07269478951382,166.333333332075,0.0,0.3,MEDIUM
evt_003602,STARLINK-4253,STARLINK-34313,1782351600.0000043,47.72489276791065,12.206872881606662,166.333333332075,0.0,0.3,MEDIUM
evt_003603,STARLINK-4262,STARLINK-4308,1782351600.0000043,34.39867553462847,6.860641307866026,166.333333332075,0.0,0.3,MEDIUM
evt_003604,STARLINK-4310,STARLINK-32083,1782351600.0000043,39.660031996888186,8.97612427944024,166.333333332075,0.0,0.3,MEDIUM
evt_003605,STARLINK-4152,STARLINK-5895,1782351600.0000043,18.18154916607913,7.574308053244744,166.333333332075,0.0,0.3,MEDIUM
evt_003606,STARLINK-4423,STARLINK-4750,1782351600.0000043,31.97732754674513,9.044021018412042,166.333333332075,0.0,0.3,MEDIUM
evt_003607,STARLINK-4128,STARLINK-36646,1782351600.0000043,38.56807502839366,5.035150150899828,166.333333332075,0.0,0.3,MEDIUM
evt_003608,STARLINK-4527,STARLINK-35927,1782351600.0000043,41.50113005980248,2.055213063646588,166.333333332075,0.0,0.3,MEDIUM
evt_003609,STARLINK-4563,STARLINK-5562,1782351600.0000043,32.32141321377307,13.370628840216565,166.333333332075,0.0,0.3,MEDIUM
evt_003610,STARLINK-4577,STARLINK-31356,1782351600.0000043,44.07817839085789,12.039157591882583,166.333333332075,0.0,0.3,MEDIUM
evt_003611,STARLINK-4575,STARLINK-5492,1782351600.0000043,31.52598717761083,10.093004312008302,166.333333332075,0.0,0.3,MEDIUM
evt_003612,STARLINK-4673,STARLINK-34298,1782351600.0000043,45.693619597158936,11.699783068523324,166.333333332075,0.0,0.3,MEDIUM
evt_003613,STARLINK-4374,STARLINK-4757,1782351600.0000043,48.82355210736391,13.34372547286333,166.333333332075,0.0,0.3,MEDIUM
evt_003614,STARLINK-4428,STARLINK-6053,1782351600.0000043,39.53428718959108,15.066631662600514,166.333333332075,0.0,0.3,MEDIUM
evt_003615,STARLINK-4572,STARLINK-36574,1782351600.0000043,49.47780072553872,0.2597372901163116,166.333333332075,0.0,0.05,LOW
evt_003616,STARLINK-4641,STARLINK-32828,1782351600.0000043,45.99749221714727,0.0458186964196366,166.333333332075,0.0,0.05,LOW
evt_003618,STARLINK-4793,STARLINK-37137,1782351600.0000043,48.29535090234491,14.760513748452452,166.333333332075,0.0,0.3,MEDIUM
evt_003619,STARLINK-5025,STARLINK-34679,1782351600.0000043,34.76545963650571,14.546377239982888,166.333333332075,0.0,0.3,MEDIUM
evt_003620,STARLINK-5109,STARLINK-35815,1782351600.0000043,24.572997497332207,2.3773429990033588,166.333333332075,0.0,0.3,MEDIUM
evt_003621,STARLINK-5163,STARLINK-34965,1782351600.0000043,40.22924598558674,14.66897248349721,166.333333332075,0.0,0.3,MEDIUM
evt_003622,STARLINK-5281,STARLINK-34033,1782351600.0000043,44.05193538807779,3.9152705971315833,166.333333332075,0.0,0.3,MEDIUM
evt_003623,STARLINK-5250,STARLINK-34049,1782351600.0000043,39.22452375580348,3.8591489454197982,166.333333332075,0.0,0.3,MEDIUM
evt_003624,STARLINK-5458,STARLINK-34013,1782351600.0000043,34.471933469215244,5.180680313099126,166.333333332075,0.0,0.3,MEDIUM
evt_003625,STARLINK-5414,STARLINK-30847,1782351600.0000043,23.950276883356988,10.433374915976923,166.333333332075,0.0,0.3,MEDIUM
evt_003626,STARLINK-5418,STARLINK-30910,1782351600.0000043,20.748985380129067,1.9497693675428476,166.333333332075,0.0,0.3,MEDIUM
evt_003627,STARLINK-5670,STARLINK-37766,1782351600.0000043,25.07589316551221,13.549031209245122,166.333333332075,0.0,0.3,MEDIUM
evt_003628,STARLINK-5608,STARLINK-36691,1782351600.0000043,43.88786927172512,14.34557621687405,166.333333332075,0.0,0.3,MEDIUM
evt_003630,STARLINK-5677,STARLINK-5757,1782351600.0000043,37.96370618881088,0.1851981863153455,166.333333332075,0.0,0.05,LOW
evt_003631,STARLINK-5762,STARLINK-34655,1782351600.0000043,47.27645261611513,3.830505163761165,166.333333332075,0.0,0.3,MEDIUM
evt_003632,STARLINK-5818,STARLINK-35206,1782351600.0000043,41.4013104670545,7.2112650443565265,166.333333332075,0.0,0.3,MEDIUM
evt_003633,STARLINK-5969,STARLINK-35209,1782351600.0000043,19.064230017510184,1.4858103877099238,166.333333332075,0.0,0.3,MEDIUM
evt_003634,STARLINK-5956,STARLINK-37031,1782351600.0000043,30.532515311119607,4.65348699454136,166.333333332075,0.0,0.3,MEDIUM
evt_003635,STARLINK-5783,STARLINK-35481,1782351600.0000043,34.19394144651684,1.9042293913212671,166.333333332075,0.0,0.3,MEDIUM
evt_003636,STARLINK-6062,STARLINK-35965,1782351600.0000043,48.8908037855102,7.6393592472385246,166.333333332075,0.0,0.3,MEDIUM
evt_003637,STARLINK-6080,STARLINK-37150,1782351600.0000043,41.61722823355091,7.560508701099416,166.333333332075,0.0,0.3,MEDIUM
evt_003638,STARLINK-5716,STARLINK-34164,1782351600.0000043,31.195679667284203,1.888429520912071,166.333333332075,0.0,0.3,MEDIUM
evt_003639,STARLINK-6323,STARLINK-37257,1782351600.0000043,43.20372587852345,11.1547590304222,166.333333332075,0.0,0.3,MEDIUM
evt_003640,STARLINK-6244,STARLINK-36506,1782351600.0000043,47.10549393892723,1.2622048695516632,166.333333332075,0.0,0.3,MEDIUM
evt_042699,STARLINK-6244,STARLINK-36506,1782419399.9999866,46.04484738118247,1.2620093377341586,147.50000000370872,-1.0606465577447608,0.3,MEDIUM
evt_071082,STARLINK-6244,STARLINK-36506,1782467399.999982,32.48880795777346,1.262969448656794,134.16666667163372,-13.556039423409011,0.3,MEDIUM
evt_082847,STARLINK-6244,STARLINK-36506,1782487200.000009,30.15983109248512,1.2609292113763413,128.66666666415003,-2.328976865288343,0.3,MEDIUM
evt_099927,STARLINK-6244,STARLINK-36506,1782515400.000018,33.15389190385394,1.2604869285088305,120.83333332836628,2.994060811368822,0.3,MEDIUM
evt_112175,STARLINK-6244,STARLINK-36506,1782535200.0000043,13.23247235432997,1.2625989763732774,115.333333332075,-19.921419549523968,0.3,MEDIUM
evt_003641,STARLINK-30122,STARLINK-36634,1782351600.0000043,37.60413474998426,13.989719410267863,166.333333332075,0.0,0.3,MEDIUM
evt_003642,STARLINK-30124,STARLINK-36476,1782351600.0000043,48.29447500112664,3.892150765349916,166.333333332075,0.0,0.3,MEDIUM
evt_003643,STARLINK-30066,STARLINK-34064,1782351600.0000043,48.29280302533858,10.572974811632491,166.333333332075,0.0,0.3,MEDIUM
evt_003644,STARLINK-30084,STARLINK-35401,1782351600.0000043,46.96321511921579,9.566765565391025,166.333333332075,0.0,0.3,MEDIUM
evt_003645,STARLINK-30073,STARLINK-35975,1782351600.0000043,47.52324659569496,1.3127257419984366,166.333333332075,0.0,0.3,MEDIUM
evt_003646,STARLINK-6207,STARLINK-31314,1782351600.0000043,26.051173194513293,2.9524052979163184,166.333333332075,0.0,0.3,MEDIUM
evt_003647,STARLINK-6185,STARLINK-35387,1782351600.0000043,47.11071918294769,3.85167521057995,166.333333332075,0.0,0.3,MEDIUM
evt_003648,STARLINK-6237,STARLINK-34930,1782351600.0000043,38.919232360220974,2.175095808764706,166.333333332075,0.0,0.3,MEDIUM
evt_003649,STARLINK-5778,STARLINK-36499,1782351600.0000043,39.14323072723868,1.9183084247383837,166.333333332075,0.0,0.3,MEDIUM
evt_003650,STARLINK-5776,STARLINK-37316,1782351600.0000043,46.84456050414624,7.688663558659236,166.333333332075,0.0,0.3,MEDIUM
evt_003651,STARLINK-5039,STARLINK-36960,1782351600.0000043,42.94721281385991,10.783517414281954,166.333333332075,0.0,0.3,MEDIUM
evt_003652,STARLINK-5490,STARLINK-34438,1782351600.0000043,27.900830145363,2.506278848358228,166.333333332075,0.0,0.3,MEDIUM
evt_003653,STARLINK-5026,STARLINK-34386,1782351600.0000043,33.027049086397035,11.298991818442968,166.333333332075,0.0,0.3,MEDIUM
evt_003654,STARLINK-6174,STARLINK-34001,1782351600.0000043,40.52205004668368,2.144303712146133,166.333333332075,0.0,0.3,MEDIUM
evt_003655,STARLINK-30169,STARLINK-34464,1782351600.0000043,29.80142176894282,10.26486799318732,166.333333332075,0.0,0.3,MEDIUM
evt_003656,STARLINK-30219,STARLINK-31722,1782351600.0000043,48.15184726186033,2.8487506606866373,166.333333332075,0.0,0.3,MEDIUM
evt_003657,STARLINK-30074,STARLINK-36399,1782351600.0000043,21.48420185474937,10.595356844537822,166.333333332075,0.0,0.3,MEDIUM
evt_003658,STARLINK-30258,STARLINK-35492,1782351600.0000043,29.731940917211308,11.312319157556267,166.333333332075,0.0,0.3,MEDIUM
evt_003659,STARLINK-30321,STARLINK-34635,1782351600.0000043,19.282135899129617,3.651636753507416,166.333333332075,0.0,0.3,MEDIUM
evt_003660,STARLINK-30370,STARLINK-31675,1782351600.0000043,24.949945721808824,10.390436620038717,166.333333332075,0.0,0.3,MEDIUM
evt_003661,STARLINK-30368,STARLINK-37291,1782351600.0000043,44.35082452412584,6.129362347953173,166.333333332075,0.0,0.3,MEDIUM
evt_003662,STARLINK-30384,STARLINK-31793,1782351600.0000043,24.619198917443693,1.769642380265871,166.333333332075,0.0,0.3,MEDIUM
evt_003663,STARLINK-30360,STARLINK-31845,1782351600.0000043,41.0533555858426,6.009220926136794,166.333333332075,0.0,0.3,MEDIUM
evt_003664,STARLINK-30376,STARLINK-35774,1782351600.0000043,32.38898886634231,9.009265422676902,166.333333332075,0.0,0.3,MEDIUM
evt_003666,STARLINK-30400,STARLINK-34594,1782351600.0000043,29.603155487045715,0.3896085896049083,166.333333332075,0.0,0.05,LOW
evt_003667,STARLINK-30714,STARLINK-30770,1782351600.0000043,34.09075019065389,1.3513152789722085,166.333333332075,0.0,0.3,MEDIUM
evt_003668,STARLINK-30539,STARLINK-35469,1782351600.0000043,38.5172493363984,2.8811716617556367,166.333333332075,0.0,0.3,MEDIUM
evt_003669,STARLINK-30556,STARLINK-31870,1782351600.0000043,32.69892359065346,1.925076294085544,166.333333332075,0.0,0.3,MEDIUM
evt_003670,STARLINK-30563,STARLINK-35808,1782351600.0000043,27.645823923504548,2.825415660931497,166.333333332075,0.0,0.3,MEDIUM
evt_003671,STARLINK-30564,STARLINK-33555,1782351600.0000043,46.60397332521045,2.340234241947253,166.333333332075,0.0,0.3,MEDIUM
evt_003672,STARLINK-30554,STARLINK-31180,1782351600.0000043,39.748806489495735,5.460707744098945,166.333333332075,0.0,0.3,MEDIUM
evt_003673,STARLINK-30566,STARLINK-32274,1782351600.0000043,37.14708116100363,1.4287888436547915,166.333333332075,0.0,0.3,MEDIUM
evt_003674,STARLINK-30566,STARLINK-35564,1782351600.0000043,45.34138502464383,10.024469309448651,166.333333332075,0.0,0.3,MEDIUM
evt_003675,STARLINK-30567,STARLINK-35376,1782351600.0000043,40.45661502691687,11.3539824218488,166.333333332075,0.0,0.3,MEDIUM
evt_003676,STARLINK-30589,STARLINK-33892,1782351600.0000043,13.4133052069512,10.656521012453952,166.333333332075,0.0,0.3,MEDIUM
evt_003677,STARLINK-30783,STARLINK-31654,1782351600.0000043,49.30032446854306,9.82162826117321,166.333333332075,0.0,0.3,MEDIUM
evt_003679,STARLINK-30820,STARLINK-35293,1782351600.0000043,36.18633585694129,6.457091044040154,166.333333332075,0.0,0.3,MEDIUM
evt_003680,STARLINK-30865,STARLINK-31992,1782351600.0000043,48.13947595053381,1.3514849276507868,166.333333332075,0.0,0.3,MEDIUM
evt_003681,STARLINK-30867,STARLINK-36410,1782351600.0000043,36.78799128801728,4.997283681230126,166.333333332075,0.0,0.3,MEDIUM
evt_003682,STARLINK-30924,STARLINK-36930,1782351600.0000043,40.80473528779366,12.776504420849491,166.333333332075,0.0,0.3,MEDIUM
evt_003683,STARLINK-30899,STARLINK-35653,1782351600.0000043,39.680199765145325,8.419740089296296,166.333333332075,0.0,0.3,MEDIUM
evt_003684,STARLINK-30951,STARLINK-34211,1782351600.0000043,48.9164482109021,7.632090110217834,166.333333332075,0.0,0.3,MEDIUM
evt_112229,STARLINK-30951,STARLINK-34211,1782535200.0000043,33.56841703504922,7.624152452647481,115.333333332075,-15.34803117585288,0.3,MEDIUM
evt_003685,STARLINK-30962,STARLINK-35207,1782351600.0000043,42.2239016729618,2.592276513787183,166.333333332075,0.0,0.3,MEDIUM
evt_003686,STARLINK-30993,STARLINK-32848,1782351600.0000043,42.66991491482675,1.5204718144337104,166.333333332075,0.0,0.3,MEDIUM
evt_003687,STARLINK-30986,STARLINK-32893,1782351600.0000043,34.38079152839712,7.87849906344896,166.333333332075,0.0,0.3,MEDIUM
evt_003688,STARLINK-31028,STARLINK-36294,1782351600.0000043,36.81587620071418,10.467717348657244,166.333333332075,0.0,0.3,MEDIUM
evt_003689,STARLINK-31010,STARLINK-35121,1782351600.0000043,27.899647969017256,2.6096132707230746,166.333333332075,0.0,0.3,MEDIUM
evt_003690,STARLINK-31031,STARLINK-31222,1782351600.0000043,26.73269493269964,2.628449969791755,166.333333332075,0.0,0.3,MEDIUM
evt_003691,STARLINK-31042,STARLINK-36613,1782351600.0000043,39.35994394576176,11.721313619160684,166.333333332075,0.0,0.3,MEDIUM
evt_003692,STARLINK-31142,STARLINK-31416,1782351600.0000043,44.350133888397934,10.628246634820425,166.333333332075,0.0,0.3,MEDIUM
evt_003693,STARLINK-31228,STARLINK-31935,1782351600.0000043,20.90410444532965,3.549579207329732,166.333333332075,0.0,0.3,MEDIUM
evt_003694,STARLINK-31214,STARLINK-37034,1782351600.0000043,27.02431629131585,10.063461124725595,166.333333332075,0.0,0.3,MEDIUM
evt_003695,STARLINK-31368,STARLINK-36864,1782351600.0000043,26.726751279843565,10.066619948118184,166.333333332075,0.0,0.3,MEDIUM
evt_003696,STARLINK-31529,STARLINK-33794,1782351600.0000043,24.044097463180105,1.72122429499936,166.333333332075,0.0,0.3,MEDIUM
evt_003697,STARLINK-31456,STARLINK-34456,1782351600.0000043,29.812663375826688,0.9585042845298448,166.333333332075,0.0,0.05,LOW
evt_003698,STARLINK-30863,STARLINK-37737,1782351600.0000043,40.76952361625432,8.898515653737704,166.333333332075,0.0,0.3,MEDIUM
evt_003699,STARLINK-31231,STARLINK-35441,1782351600.0000043,38.58740873028805,2.163278485443452,166.333333332075,0.0,0.3,MEDIUM
evt_003700,STARLINK-31241,STARLINK-35624,1782351600.0000043,47.312165146292365,10.839664959642317,166.333333332075,0.0,0.3,MEDIUM
evt_003701,STARLINK-31257,STARLINK-37280,1782351600.0000043,38.13320819014521,7.5027292978850975,166.333333332075,0.0,0.3,MEDIUM
evt_003702,STARLINK-31563,STARLINK-34789,1782351600.0000043,48.84889495803574,4.975495563332465,166.333333332075,0.0,0.3,MEDIUM
evt_003703,STARLINK-31558,STARLINK-32736,1782351600.0000043,42.9413499639454,1.6242079806698624,166.333333332075,0.0,0.3,MEDIUM
evt_003704,STARLINK-31522,STARLINK-31630,1782351600.0000043,38.046503866447054,1.2127286373730917,166.333333332075,0.0,0.3,MEDIUM
evt_003705,STARLINK-31717,STARLINK-32094,1782351600.0000043,34.4158818926839,5.593386726180153,166.333333332075,0.0,0.3,MEDIUM
evt_003706,STARLINK-31534,STARLINK-37094,1782351600.0000043,41.52111397534357,1.7461452724873845,166.333333332075,0.0,0.3,MEDIUM
evt_003707,STARLINK-31772,STARLINK-32865,1782351600.0000043,20.12234303836573,5.109511655625989,166.333333332075,0.0,0.3,MEDIUM
evt_003708,STARLINK-31620,STARLINK-35670,1782351600.0000043,49.86154519803042,7.659937508091674,166.333333332075,0.0,0.3,MEDIUM
evt_042776,STARLINK-31620,STARLINK-35670,1782419399.9999866,35.02649228144014,7.659954457238814,147.50000000370872,-14.835052916590278,0.3,MEDIUM
evt_112275,STARLINK-31620,STARLINK-35670,1782535200.0000043,47.97802358768191,7.650642887775653,115.333333332075,12.951531306241767,0.3,MEDIUM
evt_156497,STARLINK-31620,STARLINK-35670,1782602999.9999866,49.29937565286451,7.651046979997987,96.50000000370872,1.3213520651826016,0.3,MEDIUM
evt_003709,STARLINK-31592,STARLINK-35900,1782351600.0000043,46.11588813582484,8.477839082866153,166.333333332075,0.0,0.3,MEDIUM
evt_003710,STARLINK-31531,STARLINK-36449,1782351600.0000043,46.475233435490765,1.2761901260994246,166.333333332075,0.0,0.3,MEDIUM
evt_003711,STARLINK-31744,STARLINK-34801,1782351600.0000043,15.53377397857136,1.461305062933556,166.333333332075,0.0,0.3,MEDIUM
evt_003712,STARLINK-31524,STARLINK-34943,1782351600.0000043,35.99668041533122,5.61576108499485,166.333333332075,0.0,0.3,MEDIUM
evt_003713,STARLINK-31727,STARLINK-36402,1782351600.0000043,36.03867750032851,10.277757132781328,166.333333332075,0.0,0.3,MEDIUM
evt_003714,STARLINK-31739,STARLINK-34160,1782351600.0000043,21.35738602008808,0.2582177800794154,166.333333332075,0.0,0.05,LOW
evt_003715,STARLINK-31888,STARLINK-31840,1782351600.0000043,33.555991540849135,6.96225760807009,166.333333332075,0.0,0.3,MEDIUM
evt_003716,STARLINK-31882,STARLINK-34828,1782351600.0000043,47.097131959060896,1.5698561756322391,166.333333332075,0.0,0.3,MEDIUM
evt_003717,STARLINK-31934,STARLINK-35085,1782351600.0000043,27.14601514694077,6.169583890003956,166.333333332075,0.0,0.3,MEDIUM
evt_003718,STARLINK-31883,STARLINK-35764,1782351600.0000043,30.48131218699895,1.9743536855610888,166.333333332075,0.0,0.3,MEDIUM
evt_003722,STARLINK-32034,STARLINK-33937,1782351600.0000043,40.41881513723915,12.14431695926841,166.333333332075,0.0,0.3,MEDIUM
evt_003723,STARLINK-32189,STARLINK-36345,1782351600.0000043,36.58771054210701,0.8477989661402622,166.333333332075,0.0,0.05,LOW
evt_003724,STARLINK-32171,STARLINK-37725,1782351600.0000043,43.78279818624113,12.078910009563897,166.333333332075,0.0,0.3,MEDIUM
evt_003725,STARLINK-32176,STARLINK-32454,1782351600.0000043,46.99114712234966,2.197540387813024,166.333333332075,0.0,0.3,MEDIUM
evt_003726,STARLINK-32082,STARLINK-36723,1782351600.0000043,34.16629919075655,5.961059170495257,166.333333332075,0.0,0.3,MEDIUM
evt_003727,STARLINK-32081,STARLINK-34279,1782351600.0000043,46.933529492066654,1.371550813937945,166.333333332075,0.0,0.3,MEDIUM
evt_003728,STARLINK-32247,STARLINK-34224,1782351600.0000043,46.69606164745455,1.541085958241315,166.333333332075,0.0,0.3,MEDIUM
evt_003729,STARLINK-32274,STARLINK-35564,1782351600.0000043,30.57207112237203,11.059236294494426,166.333333332075,0.0,0.3,MEDIUM
evt_003730,STARLINK-32340,STARLINK-36099,1782351600.0000043,25.672477899609703,5.636737265032182,166.333333332075,0.0,0.3,MEDIUM
evt_003731,STARLINK-32476,STARLINK-36904,1782351600.0000043,47.06012483975688,8.030303841117295,166.333333332075,0.0,0.3,MEDIUM
evt_003732,STARLINK-32364,STARLINK-33616,1782351600.0000043,26.348786438160424,2.096950427748097,166.333333332075,0.0,0.3,MEDIUM
evt_003733,STARLINK-32412,STARLINK-34449,1782351600.0000043,36.17001615230425,0.3683102656296185,166.333333332075,0.0,0.05,LOW
evt_003735,STARLINK-32467,STARLINK-32655,1782351600.0000043,41.83992073372883,5.984844138980561,166.333333332075,0.0,0.3,MEDIUM
evt_003736,STARLINK-32469,STARLINK-35994,1782351600.0000043,42.33246526847096,8.377195863435041,166.333333332075,0.0,0.3,MEDIUM
evt_003737,STARLINK-32410,STARLINK-36467,1782351600.0000043,35.433498227561124,1.4610818296025827,166.333333332075,0.0,0.3,MEDIUM
evt_003738,STARLINK-11410 [DTC],STARLINK-37411,1782351600.0000043,34.198669859644305,0.0449761403177941,166.333333332075,0.0,0.05,LOW
evt_004075,STARLINK-11410 [DTC],STARLINK-37411,1782352200.000009,47.40858676327781,0.0375971343380732,166.16666666415003,13.209916903633506,0.05,LOW
evt_003739,STARLINK-32491,STARLINK-33868,1782351600.0000043,16.111955852855736,6.068264249658924,166.333333332075,0.0,0.3,MEDIUM
evt_003740,STARLINK-32311,STARLINK-35095,1782351600.0000043,32.024078845196165,10.7312336437109,166.333333332075,0.0,0.3,MEDIUM
evt_003741,STARLINK-32546,STARLINK-34466,1782351600.0000043,37.40281928467969,11.117035262014737,166.333333332075,0.0,0.3,MEDIUM
evt_003742,STARLINK-32479,STARLINK-34607,1782351600.0000043,19.562804984513537,10.33276644710407,166.333333332075,0.0,0.3,MEDIUM
evt_003745,STARLINK-32767,STARLINK-34760,1782351600.0000043,44.439661350914605,1.3654078121641076,166.333333332075,0.0,0.3,MEDIUM
evt_003746,STARLINK-33591,STARLINK-36333,1782351600.0000043,42.34029476835952,2.548970735396784,166.333333332075,0.0,0.3,MEDIUM
evt_003747,STARLINK-33568,STARLINK-33824,1782351600.0000043,27.90009094187809,2.66809167521464,166.333333332075,0.0,0.3,MEDIUM
evt_003748,STARLINK-32883,STARLINK-36936,1782351600.0000043,20.70573160245186,1.5574428699950076,166.333333332075,0.0,0.3,MEDIUM
evt_003750,STARLINK-32727,STARLINK-33616,1782351600.0000043,47.964180597302224,10.4653626214431,166.333333332075,0.0,0.3,MEDIUM
evt_003751,STARLINK-32695,STARLINK-33960,1782351600.0000043,49.42958765080461,5.724604893008403,166.333333332075,0.0,0.3,MEDIUM
evt_003752,STARLINK-32891,STARLINK-37551,1782351600.0000043,20.35483395489422,13.270974668994084,166.333333332075,0.0,0.3,MEDIUM
evt_003753,STARLINK-32772,STARLINK-35442,1782351600.0000043,27.6466795887023,11.03872377230666,166.333333332075,0.0,0.3,MEDIUM
evt_003754,STARLINK-33605,STARLINK-34621,1782351600.0000043,22.283513322738013,11.116134746655552,166.333333332075,0.0,0.3,MEDIUM
evt_003755,STARLINK-11646 [DTC],STARLINK-37934,1782351600.0000043,44.14945512681077,14.456602860022072,166.333333332075,0.0,0.3,MEDIUM
evt_003756,STARLINK-33539,STARLINK-34118,1782351600.0000043,46.63789659657968,1.482367188353803,166.333333332075,0.0,0.3,MEDIUM
evt_003757,STARLINK-33652,STARLINK-35622,1782351600.0000043,49.15291689422826,9.001847867928008,166.333333332075,0.0,0.3,MEDIUM
evt_003758,STARLINK-33698,STARLINK-35919,1782351600.0000043,31.210495269014583,2.735739304657903,166.333333332075,0.0,0.3,MEDIUM
evt_003759,STARLINK-33747,STARLINK-36078,1782351600.0000043,44.74173362017694,11.051391712460743,166.333333332075,0.0,0.3,MEDIUM
evt_003760,STARLINK-33766,STARLINK-35749,1782351600.0000043,32.65107748690611,10.249271928243791,166.333333332075,0.0,0.3,MEDIUM
evt_003763,STARLINK-32928,STARLINK-35541,1782351600.0000043,43.241246435524864,9.895785242944113,166.333333332075,0.0,0.3,MEDIUM
evt_003764,STARLINK-33848,STARLINK-35894,1782351600.0000043,46.41562875611831,2.9606525051863124,166.333333332075,0.0,0.3,MEDIUM
evt_003765,STARLINK-33774,STARLINK-35422,1782351600.0000043,33.79409869748541,2.737838359630379,166.333333332075,0.0,0.3,MEDIUM
evt_003766,STARLINK-33990,STARLINK-35113,1782351600.0000043,36.470071650209576,1.8794657027458812,166.333333332075,0.0,0.3,MEDIUM
evt_003767,STARLINK-33990,STARLINK-36594,1782351600.0000043,29.687373531949213,8.43439520283016,166.333333332075,0.0,0.3,MEDIUM
evt_003768,STARLINK-34076,STARLINK-36806,1782351600.0000043,21.21688502112586,12.084472654028982,166.333333332075,0.0,0.3,MEDIUM
evt_003769,STARLINK-34142,STARLINK-36908,1782351600.0000043,44.202582545943976,1.2722807465409982,166.333333332075,0.0,0.3,MEDIUM
evt_003770,STARLINK-34164,STARLINK-35766,1782351600.0000043,42.64151059265783,9.408749263843076,166.333333332075,0.0,0.3,MEDIUM
evt_003771,STARLINK-34318,STARLINK-37015,1782351600.0000043,41.05398177763311,13.266823618915708,166.333333332075,0.0,0.3,MEDIUM
evt_003772,STARLINK-11690 [DTC],STARLINK-37341,1782351600.0000043,41.98345884565207,1.366496280294728,166.333333332075,0.0,0.3,MEDIUM
evt_003774,STARLINK-34421,STARLINK-35443,1782351600.0000043,35.61619604571281,2.222444798023172,166.333333332075,0.0,0.3,MEDIUM
evt_003776,STARLINK-34521,STARLINK-37188,1782351600.0000043,12.036015055448775,13.199824581430455,166.333333332075,0.0,0.3,MEDIUM
evt_003777,STARLINK-34541,STARLINK-35422,1782351600.0000043,45.12414392250512,0.4171177702571147,166.333333332075,0.0,0.05,LOW
evt_005536,STARLINK-34541,STARLINK-35422,1782354599.9999866,43.42605286761391,0.4166234326245726,165.50000000370872,-1.6980910548912078,0.05,LOW
evt_010372,STARLINK-34541,STARLINK-35422,1782363000.000009,33.400495195023666,0.4193001375260568,163.16666666415003,-10.025557672590246,0.05,LOW
evt_015223,STARLINK-34541,STARLINK-35422,1782371399.999991,29.874753639180284,0.4193648764593823,160.83333333584997,-3.525741555843382,0.05,LOW
evt_019993,STARLINK-34541,STARLINK-35422,1782379800.0000134,37.72825106827496,0.4203115828916612,158.49999999629128,7.8534974290946735,0.05,LOW
evt_024745,STARLINK-34541,STARLINK-35422,1782388199.9999957,49.59831068851999,0.4186053714027926,156.166666667925,11.87005962024503,0.05,LOW
evt_036181,STARLINK-34541,STARLINK-35422,1782407999.999982,48.08181814300116,0.4219966009550107,150.66666667163372,-1.5164925455188296,0.05,LOW
evt_041093,STARLINK-34541,STARLINK-35422,1782416400.0000043,49.97150780139337,0.4216485800025459,148.333333332075,1.8896896583922145,0.05,LOW
evt_383987,STARLINK-34541,STARLINK-35422,1782905999.999991,44.18759814263023,0.4206496016879584,12.333333335849971,-5.783909658763143,0.05,LOW
evt_390420,STARLINK-34541,STARLINK-35422,1782914400.0000134,40.71620603527712,0.4212197955730941,9.999999996291267,-3.471392107353111,0.05,LOW
evt_396877,STARLINK-34541,STARLINK-35422,1782922799.9999957,41.78084284143041,0.4192031308158539,7.666666667924987,1.0646368061532954,0.05,LOW
evt_405862,STARLINK-34541,STARLINK-35422,1782934200.0,49.5285428674165,0.4171080247659847,4.5,7.747700025986084,0.05,LOW
evt_412544,STARLINK-34541,STARLINK-35422,1782942599.999982,35.476460748142415,0.4191458075894807,2.1666666716337204,-14.052082119274084,0.05,LOW
evt_003778,STARLINK-34541,STARLINK-35826,1782351600.0000043,35.59605746635018,1.2249010702427656,166.333333332075,0.0,0.3,MEDIUM
evt_003779,STARLINK-34713,STARLINK-37390,1782351600.0000043,49.13280861277605,5.778030939418203,166.333333332075,0.0,0.3,MEDIUM
evt_003782,STARLINK-34955,STARLINK-36213,1782351600.0000043,42.57709520247015,14.334741768891435,166.333333332075,0.0,0.3,MEDIUM
evt_003783,STARLINK-34603,STARLINK-35638,1782351600.0000043,35.921318551929765,8.496536470470625,166.333333332075,0.0,0.3,MEDIUM
evt_003784,STARLINK-35092,STARLINK-35857,1782351600.0000043,43.6051648381985,1.3816012901947037,166.333333332075,0.0,0.3,MEDIUM
evt_003785,STARLINK-34729,STARLINK-35742,1782351600.0000043,47.07496249950184,2.456177990286118,166.333333332075,0.0,0.3,MEDIUM
evt_003786,STARLINK-34903,STARLINK-36950,1782351600.0000043,42.69534293098823,10.443696827274357,166.333333332075,0.0,0.3,MEDIUM
evt_003789,STARLINK-35113,STARLINK-36594,1782351600.0000043,40.0986564370957,6.809654676761055,166.333333332075,0.0,0.3,MEDIUM
evt_003790,STARLINK-35386,STARLINK-37616,1782351600.0000043,33.856009352153166,13.313549389411705,166.333333332075,0.0,0.3,MEDIUM
evt_003791,STARLINK-35469,STARLINK-36257,1782351600.0000043,36.38059641378029,7.743741801538391,166.333333332075,0.0,0.3,MEDIUM
evt_003793,STARLINK-34622,STARLINK-35430,1782351600.0000043,46.0403162390124,0.0795065760525811,166.333333332075,0.0,0.05,LOW
evt_004835,STARLINK-34622,STARLINK-35430,1782353400.000018,46.57553791741127,0.0572737235402809,165.83333332836628,0.5352216783988695,0.05,LOW
evt_005206,STARLINK-34622,STARLINK-35430,1782353999.999982,20.747058266222247,0.0776923682154401,165.66666667163372,-25.82847965118902,0.05,LOW
evt_005551,STARLINK-34622,STARLINK-35430,1782354599.9999866,49.88994036888552,0.0695270960957413,165.50000000370872,29.142882102663272,0.05,LOW
evt_003794,STARLINK-35432,STARLINK-35431,1782351600.0000043,30.12986277649749,0.0799707233035335,166.333333332075,0.0,0.05,LOW
evt_004142,STARLINK-35432,STARLINK-35431,1782352200.000009,35.508067970590744,0.0696297569853024,166.16666666415003,5.378205194093258,0.05,LOW
evt_005552,STARLINK-35432,STARLINK-35431,1782354599.9999866,39.99830282688804,0.0877160620611354,165.50000000370872,4.490234856297292,0.05,LOW
evt_003796,STARLINK-35326,STARLINK-35491,1782351600.0000043,39.01535891665404,0.1349520501992437,166.333333332075,0.0,0.05,LOW
evt_004145,STARLINK-35326,STARLINK-35491,1782352200.000009,48.51619400099746,0.1317545179458454,166.16666666415003,9.50083508434342,0.05,LOW
evt_003797,STARLINK-35274,STARLINK-36121,1782351600.0000043,21.12684334196566,10.110226811362043,166.333333332075,0.0,0.3,MEDIUM
evt_003798,STARLINK-35593,STARLINK-35531,1782351600.0000043,22.46338648454428,0.0785051652119469,166.333333332075,0.0,0.05,LOW
evt_004149,STARLINK-35593,STARLINK-35531,1782352200.000009,44.5725260535729,0.0595627200634514,166.16666666415003,22.109139569028624,0.05,LOW
evt_005208,STARLINK-35593,STARLINK-35531,1782353999.999982,44.89560525547601,0.0762937293624025,165.66666667163372,0.3230792019031128,0.05,LOW
evt_005556,STARLINK-35593,STARLINK-35531,1782354599.9999866,47.248301549447525,0.0884122769715898,165.50000000370872,2.352696293971512,0.05,LOW
evt_003801,STARLINK-34650,STARLINK-35419,1782351600.0000043,33.5024591486746,4.441729691932345,166.333333332075,0.0,0.3,MEDIUM
evt_003803,STARLINK-35970,STARLINK-35953,1782351600.0000043,31.08926646643852,0.2277808060285868,166.333333332075,0.0,0.05,LOW
evt_003804,STARLINK-36103,STARLINK-35884,1782351600.0000043,48.73012928464756,1.265183581293438,166.333333332075,0.0,0.3,MEDIUM
evt_031375,STARLINK-36103,STARLINK-35884,1782399600.0,44.794694087189605,1.2635218568152426,153.0,-3.935435197457956,0.3,MEDIUM
evt_071296,STARLINK-36103,STARLINK-35884,1782467399.999982,49.63446972579824,1.2639383337398291,134.16666667163372,4.839775638608636,0.3,MEDIUM
evt_003806,STARLINK-36479,STARLINK-36632,1782351600.0000043,44.36748816032628,12.092177995454769,166.333333332075,0.0,0.3,MEDIUM
evt_003807,STARLINK-36510,STARLINK-36250,1782351600.0000043,37.63276437696701,1.3930618073204544,166.333333332075,0.0,0.3,MEDIUM
evt_003808,STARLINK-36673,STARLINK-37177,1782351600.0000043,33.99257668662547,15.015951704605891,166.333333332075,0.0,0.3,MEDIUM
evt_108597,STARLINK-36673,STARLINK-37177,1782529200.0,32.10823762722228,15.040739316424188,117.0,-1.8843390594031888,0.3,MEDIUM
evt_209826,STARLINK-36673,STARLINK-37177,1782678599.9999866,20.18260428308551,15.016512804041646,75.50000000370873,-11.92563334413677,0.3,MEDIUM
evt_003809,STARLINK-36399,STARLINK-37250,1782351600.0000043,41.86462151236636,15.039916683558294,166.333333332075,0.0,0.3,MEDIUM
evt_108598,STARLINK-36399,STARLINK-37250,1782529200.0,33.923721359094664,15.016798700637644,117.0,-7.940900153271698,0.3,MEDIUM
evt_209827,STARLINK-36399,STARLINK-37250,1782678599.9999866,34.75435684907236,15.04039385054613,75.50000000370873,0.8306354899776949,0.3,MEDIUM
evt_003810,STARLINK-36676,STARLINK-37634,1782351600.0000043,19.857692054667684,7.775854006161082,166.333333332075,0.0,0.3,MEDIUM
evt_003811,STARLINK-36834,STARLINK-37539,1782351600.0000043,38.37327576529667,12.604024134742248,166.333333332075,0.0,0.3,MEDIUM
evt_003812,STARLINK-36953,STARLINK-36833,1782351600.0000043,43.75962541028945,7.514499246363162,166.333333332075,0.0,0.3,MEDIUM
evt_003813,STARLINK-36937,STARLINK-36293,1782351600.0000043,47.42414373179295,14.252438388367748,166.333333332075,0.0,0.3,MEDIUM
evt_003815,STARLINK-37181,STARLINK-36303,1782351600.0000043,31.829006265288424,7.895689456957847,166.333333332075,0.0,0.3,MEDIUM
evt_003816,STARLINK-37735,STARLINK-37434,1782351600.0000043,34.54938516710093,0.0266978913246183,166.333333332075,0.0,0.05,LOW
evt_004169,STARLINK-37735,STARLINK-37434,1782352200.000009,31.86571935103565,0.021475480367689,166.16666666415003,-2.683665816065279,0.05,LOW
evt_003821,STARLINK-1047,STARLINK-3166,1782352200.000009,18.126552941580368,11.851593694210568,166.16666666415003,0.0,0.3,MEDIUM
evt_003822,STARLINK-1168,STARLINK-37362,1782352200.000009,25.61106389609479,0.7232541590805028,166.16666666415003,0.0,0.05,LOW
evt_003823,STARLINK-1184,STARLINK-35823,1782352200.000009,48.66085582324804,2.657523550605196,166.16666666415003,0.0,0.3,MEDIUM
evt_003824,STARLINK-1316,STARLINK-32306,1782352200.000009,38.81849815712737,1.749491947581593,166.16666666415003,0.0,0.3,MEDIUM
evt_003825,STARLINK-1470,STARLINK-35542,1782352200.000009,32.77614394716005,7.354400522662493,166.16666666415003,0.0,0.3,MEDIUM
evt_003827,STARLINK-1582,STARLINK-6199,1782352200.000009,43.624592052084125,1.6668347414583649,166.16666666415003,0.0,0.3,MEDIUM
evt_003828,STARLINK-1540,STARLINK-30442,1782352200.000009,19.924227296338284,6.126594249376185,166.16666666415003,0.0,0.3,MEDIUM
evt_003829,STARLINK-1543,STARLINK-35950,1782352200.000009,12.746672314069134,2.839436733915863,166.16666666415003,0.0,0.3,MEDIUM
evt_003831,STARLINK-1797,STARLINK-11273 [DTC],1782352200.000009,36.51054533029565,8.007813555389125,166.16666666415003,0.0,0.3,MEDIUM
evt_003833,STARLINK-1871,STARLINK-36111,1782352200.000009,39.76894913546514,6.349945489058312,166.16666666415003,0.0,0.3,MEDIUM
evt_003837,STARLINK-2047,STARLINK-35944,1782352200.000009,28.844502959254964,1.3450585652292837,166.16666666415003,0.0,0.3,MEDIUM
evt_003840,STARLINK-2094,STARLINK-35750,1782352200.000009,48.66682707728397,12.147630022445393,166.16666666415003,0.0,0.3,MEDIUM
evt_003842,STARLINK-2105,STARLINK-30078,1782352200.000009,37.90195433235425,7.699024568073913,166.16666666415003,0.0,0.3,MEDIUM
evt_003844,STARLINK-2111,STARLINK-35585,1782352200.000009,30.48769771183316,0.4526322206776242,166.16666666415003,0.0,0.05,LOW
evt_003846,STARLINK-2144,STARLINK-31608,1782352200.000009,37.53032919861574,5.394366451714793,166.16666666415003,0.0,0.3,MEDIUM
evt_003847,STARLINK-2195,STARLINK-34133,1782352200.000009,44.55067758712123,9.514214571125494,166.16666666415003,0.0,0.3,MEDIUM
evt_003848,STARLINK-2399,STARLINK-35823,1782352200.000009,9.912517869932993,2.664866335126748,166.16666666415003,0.0,0.3,MEDIUM
evt_003849,STARLINK-2410,STARLINK-33931,1782352200.000009,48.86003664523902,1.5565472167177534,166.16666666415003,0.0,0.3,MEDIUM
evt_003850,STARLINK-2419,STARLINK-32236,1782352200.000009,13.338037066957396,1.444004943217952,166.16666666415003,0.0,0.3,MEDIUM
evt_003851,STARLINK-2431,STARLINK-35679,1782352200.000009,27.728468060456184,0.1117530532289939,166.16666666415003,0.0,0.05,LOW
evt_005272,STARLINK-2431,STARLINK-35679,1782354599.9999866,45.02436984108398,0.0964615281378672,165.50000000370872,17.295901780627798,0.05,LOW
evt_005613,STARLINK-2431,STARLINK-35679,1782355199.999991,24.31124004635302,0.10699830710814,165.33333333584997,-20.71312979473096,0.05,LOW
evt_003852,STARLINK-2346,STARLINK-6372,1782352200.000009,44.480448143566,10.63921357096454,166.16666666415003,0.0,0.3,MEDIUM
evt_003853,STARLINK-1647,STARLINK-31066,1782352200.000009,38.57321487237398,11.021715249476667,166.16666666415003,0.0,0.3,MEDIUM
evt_003854,STARLINK-2266,STARLINK-6262,1782352200.000009,28.980036626777807,4.286058267325363,166.16666666415003,0.0,0.3,MEDIUM
evt_003855,STARLINK-2226,STARLINK-33917,1782352200.000009,24.69370508250991,10.549898201480612,166.16666666415003,0.0,0.3,MEDIUM
evt_003856,STARLINK-2412,STARLINK-3236,1782352200.000009,45.192209864695776,0.0451452217027877,166.16666666415003,0.0,0.05,LOW
evt_003859,STARLINK-2473,STARLINK-32384,1782352200.000009,44.12584584141506,8.827127224859888,166.16666666415003,0.0,0.3,MEDIUM
evt_003861,STARLINK-2481,STARLINK-34800,1782352200.000009,37.54358233284018,0.0983639332937282,166.16666666415003,0.0,0.05,LOW
evt_005280,STARLINK-2481,STARLINK-34800,1782354599.9999866,27.71056111539636,0.0915406740476487,165.50000000370872,-9.833021217443822,0.05,LOW
evt_005620,STARLINK-2481,STARLINK-34800,1782355199.999991,35.25709878575866,0.0864918455848272,165.33333333584997,7.546537670362298,0.05,LOW
evt_006983,STARLINK-2481,STARLINK-34800,1782357600.000009,11.677108468674026,0.0932054249059343,164.66666666415003,-23.57999031708463,0.3,MEDIUM
evt_007309,STARLINK-2481,STARLINK-34800,1782358200.0000134,49.59111228309578,0.0779664249672315,164.49999999629128,37.91400381442176,0.05,LOW
evt_008355,STARLINK-2481,STARLINK-34800,1782359999.9999866,49.99478250253932,0.0855100628211319,164.00000000370872,0.4036702194435406,0.05,LOW
evt_008696,STARLINK-2481,STARLINK-34800,1782360599.999991,32.848915438485484,0.0985285128137429,163.83333333584997,-17.14586706405384,0.05,LOW
